{
  "/cave_1/lmd_root_0/half_0/plane_0/module_0": [
    0.9999981129739218,
    -0.0019426910706403983,
    -7.419121428583222e-18,
    0.0007107637615849482,
    0.0019426910706403602,
    0.9999981129739219,
    -2.046977127692097e-21,
    0.0033172096091733487,
    -4.374084147974861e-18,
    -1.900334631803301e-20,
    1.0000000000000002,
    2.2737368018680955e-13,
    0.0,
    0.0,
    0.0,
    1.0
  ],
  "/cave_1/lmd_root_0/half_0/plane_0/module_1": [
    0.9999946491700668,
    0.003271334778744978,
    3.262035095334062e-18,
    0.012724152529819944,
    -0.0032713347787449304,
    0.9999946491700668,
    -4.033720233843708e-18,
    0.009686365249094548,
    7.218013307814042e-18,
    -8.53427208783688e-18,
    1.0,
    -2.2737358758821643e-13,
    0.0,
    0.0,
    0.0,
    1.0
  ],
  "/cave_1/lmd_root_0/half_0/plane_0/module_2": [
    0.9999942971926955,
    -0.0033772151380141524,
    -4.000320410855231e-18,
    0.002844899769008004,
    0.0033772151380146373,
    0.9999942971926947,
    5.6553857562652916e-18,
    0.0014252300620545468,
    2.3096460935212224e-19,
    -2.1302117067646327e-18,
    1.0,
    -5.088465524959423e-22,
    0.0,
    0.0,
    0.0,
    1.0
  ],
  "/cave_1/lmd_root_0/half_0/plane_0/module_3": [
    0.9999995507122057,
    0.0009479321636982306,
    1.8763287336601561e-19,
    0.00893676263445657,
    -0.0009479321636985245,
    0.9999995507122055,
    1.2250210494471458e-17,
    -0.020315726903427377,
    1.1254263612590415e-18,
    9.030230172056021e-18,
    1.0000000000000002,
    -5.19351051040873e-20,
    0.0,
    0.0,
    0.0,
    1.0
  ],
  "/cave_1/lmd_root_0/half_0/plane_0/module_4": [
    0.9999990805182231,
    0.0013560835923794603,
    -9.790925254734584e-18,
    0.016592311022674937,
    -0.0013560835923788126,
    0.9999990805182227,
    -6.1420374651542954e-18,
    -0.003903261858764854,
    -3.6047418881600626e-18,
    1.0012311134255088e-18,
    1.0000000000000002,
    -5.0320248065098876e-21,
    0.0,
    0.0,
    0.0,
    1.0
  ],
  "/cave_1/lmd_root_0/half_0/plane_1/module_0": [
    0.9999967580755585,
    0.002546338228457874,
    -2.890645674052462e-18,
    0.004857214158164097,
    -0.0025463382284579617,
    0.9999967580755585,
    3.165734221934654e-22,
    0.03256009357033167,
    6.78700591555098e-20,
    4.2287048487737474e-21,
    1.0,
    -3.7809927104216637e-23,
    0.0,
    0.0,
    0.0,
    1.0
  ],
  "/cave_1/lmd_root_0/half_0/plane_1/module_1": [
    0.9999997193521325,
    -0.0007491966756679123,
    -1.6089277526238491e-18,
    -0.005720063268617444,
    0.0007491966756674809,
    0.9999997193521319,
    5.343318651069812e-19,
    0.0013199037781119862,
    2.7318327641403353e-19,
    -5.076722869522605e-18,
    1.0,
    -4.547473220511071e-13,
    0.0,
    0.0,
    0.0,
    1.0
  ],
  "/cave_1/lmd_root_0/half_0/plane_1/module_2": [
    0.9999942203297418,
    -0.0033998981030243843,
    -1.186209580182834e-18,
    0.005222211440366102,
    0.003399898103024242,
    0.9999942203297421,
    -2.439224746595207e-18,
    8.146762667663363e-05,
    5.918103273036412e-19,
    -4.8447166342564344e-18,
    1.0000000000000002,
    2.2737367416605944e-13,
    0.0,
    0.0,
    0.0,
    1.0
  ],
  "/cave_1/lmd_root_0/half_0/plane_1/module_3": [
    0.9999824598288477,
    0.005922840082931677,
    5.706743931900302e-19,
    -0.007186611802300387,
    -0.005922840082931207,
    0.9999824598288479,
    7.277150962250042e-18,
    -0.008468124794498854,
    1.1254263612590415e-18,
    9.030230172056021e-18,
    1.0000000000000002,
    -5.19351051040873e-20,
    0.0,
    0.0,
    0.0,
    1.0
  ],
  "/cave_1/lmd_root_0/half_0/plane_1/module_4": [
    0.99999898067946,
    -0.0014278095258218393,
    6.383863897235284e-18,
    -0.018584085293161284,
    0.0014278095258221295,
    0.9999989806794596,
    2.2349501816274837e-18,
    -0.008653268992071406,
    3.330397109585956e-18,
    7.943877892666419e-18,
    1.0000000000000002,
    2.465415238690974e-20,
    0.0,
    0.0,
    0.0,
    1.0
  ],
  "/cave_1/lmd_root_0/half_0/plane_2/module_0": [
    0.9999964897353388,
    0.0026496258229617964,
    2.4251548478007842e-18,
    -0.012549481753521758,
    -0.002649625822961782,
    0.9999964897353388,
    -3.787955508210207e-21,
    0.0011594424055264858,
    -4.374087469611019e-18,
    -1.9093662550723096e-21,
    1.0000000000000002,
    2.2737368034234843e-13,
    0.0,
    0.0,
    0.0,
    1.0
  ],
  "/cave_1/lmd_root_0/half_0/plane_2/module_1": [
    0.9999998779514967,
    0.000494061729647283,
    -1.262001152718816e-19,
    0.0032886232927443956,
    -0.0004940617296474117,
    0.9999998779514967,
    -4.3829020229832905e-18,
    -0.023318872646206003,
    2.7318327641403353e-19,
    -5.076722869522605e-18,
    1.0,
    2.88353570227441e-20,
    0.0,
    0.0,
    0.0,
    1.0
  ],
  "/cave_1/lmd_root_0/half_0/plane_2/module_2": [
    0.9999949535965839,
    0.0031769138116481918,
    -2.6271505170897814e-18,
    -0.015502854584022068,
    -0.003176913811648126,
    0.9999949535965837,
    3.398392936487636e-18,
    -0.009085643919399911,
    5.918103273036412e-19,
    -4.8447166342564344e-18,
    1.0000000000000002,
    2.2737367416605944e-13,
    0.0,
    0.0,
    0.0,
    1.0
  ],
  "/cave_1/lmd_root_0/half_0/plane_2/module_3": [
    0.9999982099269497,
    0.0018921265540164036,
    1.4719354391432261e-18,
    0.002851469395398297,
    -0.0018921265540160282,
    0.99999820992695,
    7.661493955521425e-18,
    0.003691040443800587,
    1.4816623669558046e-18,
    1.174534389744331e-17,
    1.0,
    -2.2737374293461263e-13,
    0.0,
    0.0,
    0.0,
    1.0
  ],
  "/cave_1/lmd_root_0/half_0/plane_2/module_4": [
    0.9999999850674952,
    -0.00017281495672298597,
    -3.8781234858957974e-18,
    0.0033725710329558793,
    0.00017281495672296068,
    0.9999999850674955,
    2.000294984611994e-18,
    0.01326930358131865,
    -1.0541757831279803e-17,
    -2.4719692215686684e-18,
    1.0000000000000002,
    -2.689616299932719e-20,
    0.0,
    0.0,
    0.0,
    1.0
  ],
  "/cave_1/lmd_root_0/half_0/plane_3/module_0": [
    0.9999968773816552,
    -0.0024990452055809087,
    -5.505584129898902e-18,
    0.002612745961290977,
    0.002499045205580941,
    0.9999968773816548,
    9.835950675440037e-21,
    -0.00040096704853531673,
    6.787196972132249e-20,
    -5.6035502074941376e-21,
    1.0,
    -1.2727406064625905e-22,
    0.0,
    0.0,
    0.0,
    1.0
  ],
  "/cave_1/lmd_root_0/half_0/plane_3/module_1": [
    0.9999926277505622,
    0.0038398495447364463,
    -7.254679303781246e-18,
    0.01301614655551328,
    -0.0038398495447361266,
    0.9999926277505626,
    6.349494431348391e-18,
    -0.008755483473516387,
    2.7318327641403353e-19,
    -5.076722869522605e-18,
    1.0,
    -2.2737364660787504e-13,
    0.0,
    0.0,
    0.0,
    1.0
  ],
  "/cave_1/lmd_root_0/half_0/plane_3/module_2": [
    0.9999988184881492,
    0.00153721251166515,
    -9.67389523492734e-19,
    0.00011499940064910803,
    -0.001537212511665478,
    0.9999988184881496,
    -4.388038922638492e-18,
    0.008600987608385778,
    5.918103273036412e-19,
    -4.8447166342564344e-18,
    1.0000000000000002,
    2.2737367416605944e-13,
    0.0,
    0.0,
    0.0,
    1.0
  ],
  "/cave_1/lmd_root_0/half_0/plane_3/module_3": [
    0.9999999945069574,
    -0.00010481452610507565,
    -1.609851771208427e-18,
    0.008619486915449363,
    0.0001048145261050119,
    0.9999999945069571,
    7.500037876799249e-18,
    -0.00012667246761734717,
    1.4816623669558046e-18,
    1.174534389744331e-17,
    1.0,
    2.273736079518515e-13,
    0.0,
    0.0,
    0.0,
    1.0
  ],