{
  "0": [
    0.9999999811206203,
    0.00019431613253353085,
    0.0,
    -0.001122235373695335,
    -0.00019431613253353085,
    0.9999999811206203,
    0.0,
    0.009099045065555261,
    0.0,
    0.0,
    1.0,
    0.0,
    0.0,
    0.0,
    0.0,
    1.0
  ],
  "1": [
    0.9999985312556077,
    0.001713909748913481,
    0.0,
    0.005817451176794051,
    -0.001713909748913481,
    0.9999985312556077,
    0.0,
    -0.005376356048114874,
    0.0,
    0.0,
    1.0,
    0.0,
    0.0,
    0.0,
    0.0,
    1.0
  ],
  "2": [
    0.9999998961539318,
    -0.0004557325155272296,
    0.0,
    -0.00180234075890221,
    0.0004557325155272296,
    0.9999998961539318,
    0.0,
    4.263634399929799e-05,
    0.0,
    0.0,
    1.0,
    0.0,
    0.0,
    0.0,
    0.0,
    1.0
  ],
  "3": [
    0.9999976807468255,
    0.0021537179412319265,
    0.0,
    0.0032923073754792817,
    -0.0021537179412319265,
    0.9999976807468255,
    0.0,
    -0.006170325761639139,
    0.0,
    0.0,
    1.0,
    0.0,
    0.0,
    0.0,
    0.0,
    1.0
  ],
  "4": [
    0.9999998536634543,
    0.0005409926710843061,
    0.0,
    0.0020236797660658857,
    -0.0005409926710843061,
    0.9999998536634543,
    0.0,
    0.002254549243416967,
    0.0,
    0.0,
    1.0,
    0.0,
    0.0,
    0.0,
    0.0,
    1.0
  ],
  "5": [
    0.9999997172667645,
    0.0007519749936032649,
    0.0,
    -0.0015181465496547808,
    -0.0007519749936032649,
    0.9999997172667645,
    0.0,
    -0.003266167996518397,
    0.0,
    0.0,
    1.0,
    0.0,
    0.0,
    0.0,
    0.0,
    1.0
  ],
  "6": [
    0.9999999862894707,
    0.0001655930507588443,
    0.0,
    -0.0026958052918524987,
    -0.0001655930507588443,
    0.9999999862894707,
    0.0,
    -0.0036898484306266887,
    0.0,
    0.0,
    1.0,
    0.0,
    0.0,
    0.0,
    0.0,
    1.0
  ],
  "7": [
    0.9999999907520111,
    0.00013599991872276403,
    0.0,
    0.003372738990167913,
    -0.00013599991872276403,
    0.9999999907520111,
    0.0,
    0.0007477536788104248,
    0.0,
    0.0,
    1.0,
    0.0,
    0.0,
    0.0,
    0.0,
    1.0
  ],
  "8": [
    0.9999999826043561,
    -0.00018652422827217035,
    0.0,
    -0.006508421726857477,
    0.00018652422827217035,
    0.9999999826043561,
    0.0,
    0.0036847526258806966,
    0.0,
    0.0,
    1.0,
    0.0,
    0.0,
    0.0,
    0.0,
    1.0
  ],
  "9": [
    0.9999999937634926,
    -0.00011168265135355762,
    0.0,
    0.0034745622391453516,
    0.00011168265135355762,
    0.9999999937634926,
    0.0,
    0.0039012726552043716,
    0.0,
    0.0,
    1.0,
    0.0,
    0.0,
    0.0,
    0.0,
    1.0
  ]
}