{
  "/cave_1/lmd_root_0/half_0/plane_0/module_0": [
    0.9999981518889771,
    -0.0019225552346635475,
    0.0,
    0.0009236603249867652,
    0.0019225552346635475,
    0.9999981518889771,
    0.0,
    0.002819242526568069,
    0.0,
    0.0,
    1.0,
    0.0,
    0.0,
    0.0,
    0.0,
    1.0
  ],
  "/cave_1/lmd_root_0/half_0/plane_0/module_1": [
    0.9999947494134582,
    0.003240547101177748,
    0.0,
    0.01249692036425883,
    -0.003240547101177748,
    0.9999947494134582,
    0.0,
    0.010031449387763151,
    0.0,
    0.0,
    1.0,
    0.0,
    0.0,
    0.0,
    0.0,
    1.0
  ],
  "/cave_1/lmd_root_0/half_0/plane_0/module_2": [
    0.999994280055569,
    -0.0033822856390702343,
    0.0,
    0.0027421581175224065,
    0.0033822856390702343,
    0.999994280055569,
    0.0,
    0.0022984166981899084,
    0.0,
    0.0,
    1.0,
    0.0,
    0.0,
    0.0,
    0.0,
    1.0
  ],
  "/cave_1/lmd_root_0/half_0/plane_0/module_3": [
    0.9999995679160548,
    0.0009296062089613068,
    0.0,
    0.008845682231085533,
    -0.0009296062089613068,
    0.9999995679160548,
    0.0,
    -0.020024604750038713,
    0.0,
    0.0,
    1.0,
    0.0,
    0.0,
    0.0,
    0.0,
    1.0
  ],
  "/cave_1/lmd_root_0/half_0/plane_0/module_4": [
    0.9999990896225506,
    0.0013493532043304317,
    0.0,
    0.016684320046034942,
    -0.0013493532043304317,
    0.9999990896225506,
    0.0,
    -0.004408214412210904,
    0.0,
    0.0,
    1.0,
    0.0,
    0.0,
    0.0,
    0.0,
    1.0
  ],
  "/cave_1/lmd_root_0/half_0/plane_1/module_0": [
    0.9999967409215937,
    0.0025530660373379124,
    0.0,
    0.004852782242586661,
    -0.0025530660373379124,
    0.9999967409215937,
    0.0,
    0.032477155566373817,
    0.0,
    0.0,
    1.0,
    0.0,
    0.0,
    0.0,
    0.0,
    1.0
  ],
  "/cave_1/lmd_root_0/half_0/plane_1/module_1": [
    0.9999997138282392,
    -0.0007565338326150638,
    0.0,
    -0.005771810398390718,
    0.0007565338326150638,
    0.9999997138282392,
    0.0,
    0.0012368465408428078,
    0.0,
    0.0,
    1.0,
    0.0,
    0.0,
    0.0,
    0.0,
    1.0
  ],
  "/cave_1/lmd_root_0/half_0/plane_1/module_2": [
    0.9999943568029283,
    -0.0033595181645467093,
    0.0,
    0.005237659535211494,
    0.0033595181645467093,
    0.9999943568029283,
    0.0,
    2.6998942461936182e-05,
    0.0,
    0.0,
    1.0,
    0.0,
    0.0,
    0.0,
    0.0,
    1.0
  ],
  "/cave_1/lmd_root_0/half_0/plane_1/module_3": [
    0.9999824438073283,
    0.005925544457981614,
    0.0,
    -0.007184564952265887,
    -0.005925544457981614,
    0.9999824438073283,
    0.0,
    -0.00826910810355832,
    0.0,
    0.0,
    1.0,
    0.0,
    0.0,
    0.0,
    0.0,
    1.0
  ],
  "/cave_1/lmd_root_0/half_0/plane_1/module_4": [
    0.9999990194915687,
    -0.0014003627748807369,
    0.0,
    -0.01859553591440126,
    0.0014003627748807369,
    0.9999990194915687,
    0.0,
    -0.008633622945931061,
    0.0,
    0.0,
    1.0,
    0.0,
    0.0,
    0.0,
    0.0,
    1.0
  ],
  "/cave_1/lmd_root_0/half_0/plane_2/module_0": [
    0.9999964654435598,
    0.0026587779875958035,
    0.0,
    -0.012656114234554176,
    -0.0026587779875958035,
    0.9999964654435598,
    0.0,
    0.0012319253988506962,
    0.0,
    0.0,
    1.0,
    0.0,
    0.0,
    0.0,
    0.0,
    1.0
  ],
  "/cave_1/lmd_root_0/half_0/plane_2/module_1": [
    0.9999998755706556,
    0.000498857367648336,
    0.0,
    0.0033170566073186187,
    -0.000498857367648336,
    0.9999998755706556,
    0.0,
    -0.023595845747979897,
    0.0,
    0.0,
    1.0,
    0.0,
    0.0,
    0.0,
    0.0,
    1.0
  ],
  "/cave_1/lmd_root_0/half_0/plane_2/module_2": [
    0.9999946614795096,
    0.0032675698127520255,
    0.0,
    -0.015451592432624424,
    -0.0032675698127520255,
    0.9999946614795096,
    0.0,
    -0.009656921519273443,
    0.0,
    0.0,
    1.0,
    0.0,
    0.0,
    0.0,
    0.0,
    1.0
  ],
  "/cave_1/lmd_root_0/half_0/plane_2/module_3": [
    0.9999982239226903,
    0.0018847152211739703,
    0.0,
    0.0028706163084211236,
    -0.0018847152211739703,
    0.9999982239226903,
    0.0,
    0.0037744375188159757,
    0.0,
    0.0,
    1.0,
    0.0,
    0.0,
    0.0,
    0.0,
    1.0
  ],
  "/cave_1/lmd_root_0/half_0/plane_2/module_4": [
    0.9999999847414012,
    -0.00017469172118836175,
    0.0,
    0.0033104985634895283,
    0.00017469172118836175,
    0.9999999847414012,
    0.0,
    0.013498000667640477,
    0.0,
    0.0,
    1.0,
    0.0,
    0.0,
    0.0,
    0.0,
    1.0
  ],
  "/cave_1/lmd_root_0/half_0/plane_3/module_0": [
    0.9999968448568686,
    -0.002512026335030152,
    0.0,
    0.0024670312834437036,
    0.002512026335030152,
    0.9999968448568686,
    0.0,
    -0.00011241911785587527,
    0.0,
    0.0,
    1.0,
    0.0,
    0.0,
    0.0,
    0.0,
    1.0
  ],
  "/cave_1/lmd_root_0/half_0/plane_3/module_1": [
    0.9999925008507569,
    0.0038727564148893054,
    0.0,
    0.013236245848604325,
    -0.0038727564148893054,
    0.9999925008507569,
    0.0,
    -0.009243945655197792,
    0.0,
    0.0,
    1.0,
    0.0,
    0.0,
    0.0,
    0.0,
    1.0
  ],
  "/cave_1/lmd_root_0/half_0/plane_3/module_2": [
    0.9999986365865988,
    0.00165131006883825,
    0.0,
    0.00023436861108593456,
    -0.00165131006883825,
    0.9999986365865988,
    0.0,
    0.0075832547740196715,
    0.0,
    0.0,
    1.0,
    0.0,
    0.0,
    0.0,
    0.0,
    1.0
  ],
  "/cave_1/lmd_root_0/half_0/plane_3/module_3": [
    0.999999992184576,
    -0.0001250233894347546,
    0.0,
    0.008625813300110195,
    0.0001250233894347546,
    0.999999992184576,
    0.0,
    -9.924059324764805e-05,
    0.0,
    0.0,
    1.0,
    0.0,
    0.0,
    0.0,
    0.0,
    1.0
  ],
  "/cave_1/lmd_root_0/half_0/plane_3/module_4": [
    0.9999971447349125,
    0.0023896698563531348,
    0.0,
    0.006722519855331332,
    -0.0023896698563531348,
    0.9999971447349125,
    0.0,
    0.008513610027956895,
    0.0,
    0.0,
    1.0,
    0.0,
    0.0,
    0.0,
    0.0,
    1.0
  ],
  "/cave_1/lmd_root_0/half_1/plane_0/module_0": [
    0.9999986696390791,
    0.0016311713803029663,
    0.0,
    -0.00027251889793853426,
    -0.0016311713803029663,
    0.9999986696390791,
    0.0,
    -0.023041924917020968,
    0.0,
    0.0,
    1.0,
    0.0,
    0.0,
    0.0,
    0.0,
    1.0
  ],
  "/cave_1/lmd_root_0/half_1/plane_0/module_1": [
    0.9999963912086516,
    -0.0026865534934957863,
    0.0,
    -0.012147174527178629,
    0.0026865534934957863,
    0.9999963912086516,
    0.0,
    -0.013358779320042558,
    0.0,
    0.0,
    1.0,
    0.0,
    0.0,
    0.0,
    0.0,
    1.0
  ],
  "/cave_1/lmd_root_0/half_1/plane_0/module_2": [
    0.9999968653476776,
    -0.0025038559899918603,
    0.0,
    0.00721911571661138,
    0.0025038559899918603,
    0.9999968653476776,
    0.0,
    0.00691811584010896,
    0.0,
    0.0,
    1.0,
    0.0,
    0.0,
    0.0,
    0.0,
    1.0
  ],
  "/cave_1/lmd_root_0/half_1/plane_0/module_3": [
    0.9999973482774083,
    0.002302919484462493,
    0.0,
    -0.00504519104749712,
    -0.002302919484462493,
    0.9999973482774083,
    0.0,
    -0.006211140052050735,
    0.0,
    0.0,
    1.0,
    0.0,
    0.0,
    0.0,
    0.0,
    1.0
  ],
  "/cave_1/lmd_root_0/half_1/plane_0/module_4": [
    0.9999999917708056,
    -0.0001282902519503115,
    0.0,
    -0.007262420820104107,
    0.0001282902519503115,
    0.9999999917708056,
    0.0,
    0.002228023778889828,
    0.0,
    0.0,
    1.0,
    0.0,
    0.0,
    0.0,
    0.0,
    1.0
  ],
  "/cave_1/lmd_root_0/half_1/plane_1/module_0": [
    0.999999412446026,
    -0.0010840238018277562,
    0.0,
    -0.011586041158476739,
    0.0010840238018277562,
    0.999999412446026,
    0.0,
    0.008154514605738948,
    0.0,
    0.0,
    1.0,
    0.0,
    0.0,
    0.0,
    0.0,
    1.0
  ],