{
  "0": [
    0.999999242463513,
    -0.0012308827727165856,
    0.0,
    0.002041221309565271,
    0.0012308827727165862,
    0.999999242463513,
    0.0,
    -0.000766134761373184,
    0.0,
    0.0,
    1.0,
    0.0,
    0.0,
    0.0,
    0.0,
    1.0
  ],
  "1": [
    0.9999877987879623,
    0.004939865909699515,
    0.0,
    0.0033055338363787204,
    -0.004939865909699514,
    0.9999877987879624,
    0.0,
    0.0014481210473911714,
    0.0,
    0.0,
    1.0,
    0.0,
    0.0,
    0.0,
    0.0,
    1.0
  ],
  "2": [
    0.9999918898498465,
    -0.004027435230035989,
    0.0,
    0.002044180450194815,
    0.004027435230035989,
    0.9999918898498465,
    0.0,
    0.0028802676620173313,
    0.0,
    0.0,
    1.0,
    0.0,
    0.0,
    0.0,
    0.0,
    1.0
  ],
  "3": [
    0.9999998838888459,
    0.0004818944854248947,
    0.0,
    -0.00023962252496102202,
    -0.0004818944854248946,
    0.9999998838888459,
    0.0,
    -0.000984415003596717,
    0.0,
    0.0,
    1.0,
    0.0,
    0.0,
    0.0,
    0.0,
    1.0
  ],
  "4": [
    0.9999963690137986,
    0.002694802259645978,
    0.0,
    -0.0033130609821614317,
    -0.002694802259645978,
    0.9999963690137986,
    0.0,
    -0.0005792175626907427,
    0.0,
    0.0,
    1.0,
    0.0,
    0.0,
    0.0,
    0.0,
    1.0
  ],
  "5": [
    0.9999999508889542,
    0.000313404035077117,
    0.0,
    -0.0016914368589147335,
    -0.0003134040350771168,
    0.9999999508889542,
    0.0,
    0.0023116246072702497,
    0.0,
    0.0,
    1.0,
    0.0,
    0.0,
    0.0,
    0.0,
    1.0
  ],
  "6": [
    0.9999752142312293,
    -0.007040662128467203,
    0.0,
    0.002570086489821791,
    0.007040662128467203,
    0.9999752142312294,
    0.0,
    0.0017207054201810895,
    0.0,
    0.0,
    1.0,
    0.0,
    0.0,
    0.0,
    0.0,
    1.0
  ],
  "7": [
    0.9999913126721937,
    -0.004168282637139149,
    0.0,
    -0.0013122435218846876,
    0.00416828263713915,
    0.9999913126721937,
    0.0,
    -0.001756042616148282,
    0.0,
    0.0,
    1.0,
    0.0,
    0.0,
    0.0,
    0.0,
    1.0
  ],
  "8": [
    0.9999992449194087,
    0.00122888592319243,
    0.0,
    0.000627718078633313,
    -0.00122888592319243,
    0.9999992449194087,
    0.0,
    0.0007534909561544864,
    0.0,
    0.0,
    1.0,
    0.0,
    0.0,
    0.0,
    0.0,
    1.0
  ],
  "9": [
    0.9999972516433762,
    0.0023445054264239263,
    0.0,
    0.0035678656766087455,
    -0.002344505426423926,
    0.9999972516433759,
    0.0,
    -0.0027737743269608535,
    0.0,
    0.0,
    1.0,
    0.0,
    0.0,
    0.0,
    0.0,
    1.0
  ]
}