{
  "0": [
    0.9999669844285549,
    0.00812588781992682,
    0.0,
    0.009272641541364842,
    -0.00812588781992682,
    0.9999669844285551,
    0.0,
    -0.017746738739803012,
    0.0,
    0.0,
    1.0,
    0.0,
    0.0,
    0.0,
    0.0,
    1.0
  ],
  "1": [
    0.9999038766466718,
    -0.013864972663409884,
    0.0,
    -0.007902058516303264,
    0.013864972663409882,
    0.9999038766466718,
    0.0,
    0.001847225435642781,
    0.0,
    0.0,
    1.0,
    0.0,
    0.0,
    0.0,
    0.0,
    1.0
  ],
  "2": [
    0.9998909593704055,
    -0.014767172015324067,
    0.0,
    0.0011084119990305737,
    0.014767172015324067,
    0.9998909593704055,
    0.0,
    0.012686656677646827,
    0.0,
    0.0,
    1.0,
    0.0,
    0.0,
    0.0,
    0.0,
    1.0
  ],
  "3": [
    0.999440598164541,
    0.03344384458318693,
    0.0,
    -0.015230693202910057,
    -0.03344384458318692,
    0.9994405981645411,
    0.0,
    0.007289789173226214,
    0.0,
    0.0,
    1.0,
    0.0,
    0.0,
    0.0,
    0.0,
    1.0
  ],
  "4": [
    0.9997186858785684,
    0.023718117657781788,
    0.0,
    0.011921621814141097,
    -0.023718117657781788,
    0.9997186858785684,
    0.0,
    0.004579827554436868,
    0.0,
    0.0,
    1.0,
    0.0,
    0.0,
    0.0,
    0.0,
    1.0
  ],
  "5": [
    0.9998909189520233,
    0.014769908506085673,
    0.0,
    0.009826528716033275,
    -0.014769908506085677,
    0.9998909189520234,
    0.0,
    -0.005368343617334462,
    0.0,
    0.0,
    1.0,
    0.0,
    0.0,
    0.0,
    0.0,
    1.0
  ],
  "6": [
    0.9999889013342596,
    0.0047113913338520455,
    0.0,
    -0.024893604112763652,
    -0.004711391333852046,
    0.9999889013342594,
    0.0,
    0.017287658351886125,
    0.0,
    0.0,
    1.0,
    0.0,
    0.0,
    0.0,
    0.0,
    1.0
  ],
  "7": [
    0.9999886497043716,
    -0.004764500228511586,
    0.0,
    0.015490796195352334,
    0.004764500228511587,
    0.9999886497043716,
    0.0,
    -0.006187267949665925,
    0.0,
    0.0,
    1.0,
    0.0,
    0.0,
    0.0,
    0.0,
    1.0
  ],
  "8": [
    0.9999757023164357,
    0.00697099539171156,
    0.0,
    0.022164150408112523,
    -0.0069709953917115606,
    0.9999757023164356,
    0.0,
    -0.0024507287590797983,
    0.0,
    0.0,
    1.0,
    0.0,
    0.0,
    0.0,
    0.0,
    1.0
  ],
  "9": [
    0.9999761490169171,
    0.006906619816988497,
    0.0,
    -0.006704562193374458,
    -0.006906619816988498,
    0.9999761490169171,
    0.0,
    -0.0038021144683919646,
    0.0,
    0.0,
    1.0,
    0.0,
    0.0,
    0.0,
    0.0,
    1.0
  ]
}