{
  "0": [
    0.99997905061728,
    -0.006472891669361582,
    0.0,
    0.0,
    0.006472891669361582,
    0.99997905061728,
    0.0,
    0.0,
    0.0,
    0.0,
    1.0,
    0.0,
    0.0,
    0.0,
    0.0,
    1.0
  ],
  "1": [
    0.9999649188415289,
    -0.008376221478346999,
    0.0,
    0.0,
    0.008376221478346999,
    0.999964918841529,
    0.0,
    0.0,
    0.0,
    0.0,
    1.0,
    0.0,
    0.0,
    0.0,
    0.0,
    1.0
  ],
  "2": [
    0.9999999762411084,
    0.0002179857391525355,
    0.0,
    0.0,
    -0.00021798573915253564,
    0.9999999762411084,
    0.0,
    0.0,
    0.0,
    0.0,
    1.0,
    0.0,
    0.0,
    0.0,
    0.0,
    1.0
  ],
  "3": [
    0.9999820329336018,
    0.005994481627363296,
    0.0,
    0.0,
    -0.005994481627363294,
    0.9999820329336017,
    0.0,
    0.0,
    0.0,
    0.0,
    1.0,
    0.0,
    0.0,
    0.0,
    0.0,
    1.0
  ],
  "4": [
    0.9999837953444807,
    -0.005692894557903312,
    0.0,
    0.0,
    0.005692894557903312,
    0.9999837953444807,
    0.0,
    0.0,
    0.0,
    0.0,
    1.0,
    0.0,
    0.0,
    0.0,
    0.0,
    1.0
  ],
  "5": [
    0.9999998150891861,
    -0.0006081295863221697,
    0.0,
    0.0,
    0.0006081295863221692,
    0.9999998150891861,
    0.0,
    0.0,
    0.0,
    0.0,
    1.0,
    0.0,
    0.0,
    0.0,
    0.0,
    1.0
  ],
  "6": [
    0.999941837830851,
    0.01078521930515778,
    0.0,
    0.0,
    -0.010785219305157776,
    0.9999418378308508,
    0.0,
    0.0,
    0.0,
    0.0,
    1.0,
    0.0,
    0.0,
    0.0,
    0.0,
    1.0
  ],
  "7": [
    0.9999866307282465,
    -0.005170915273887151,
    0.0,
    0.0,
    0.00517091527388715,
    0.9999866307282463,
    0.0,
    0.0,
    0.0,
    0.0,
    1.0,
    0.0,
    0.0,
    0.0,
    0.0,
    1.0
  ],
  "8": [
    0.9999841182788347,
    -0.0056358841455010356,
    0.0,
    0.0,
    0.0056358841455010356,
    0.9999841182788346,
    0.0,
    0.0,
    0.0,
    0.0,
    1.0,
    0.0,
    0.0,
    0.0,
    0.0,
    1.0
  ],
  "9": [
    0.9999977991357009,
    -0.002098028540053117,
    0.0,
    0.0,
    0.0020980285400531173,
    0.9999977991357009,
    0.0,
    0.0,
    0.0,
    0.0,
    1.0,
    0.0,
    0.0,
    0.0,
    0.0,
    1.0
  ]
}