{
  "0": [
    1.0,
    0.0,
    0.0,
    0.0033476085944963646,
    0.0,
    1.0,
    0.0,
    -0.009564177446912268,
    0.0,
    0.0,
    1.0,
    0.0,
    0.0,
    0.0,
    0.0,
    1.0
  ],
  "1": [
    1.0,
    0.0,
    0.0,
    -0.0010427825202077832,
    0.0,
    1.0,
    0.0,
    0.0011306403540375823,
    0.0,
    0.0,
    1.0,
    0.0,
    0.0,
    0.0,
    0.0,
    1.0
  ],
  "2": [
    1.0,
    0.0,
    0.0,
    0.0027628915506107327,
    0.0,
    1.0,
    0.0,
    -0.005442866095000574,
    0.0,
    0.0,
    1.0,
    0.0,
    0.0,
    0.0,
    0.0,
    1.0
  ],
  "3": [
    1.0,
    0.0,
    0.0,
    -0.00025823953952838655,
    0.0,
    1.0,
    0.0,
    0.0020303393434246923,
    0.0,
    0.0,
    1.0,
    0.0,
    0.0,
    0.0,
    0.0,
    1.0
  ],
  "4": [
    1.0,
    0.0,
    0.0,
    0.0075570121996384925,
    0.0,
    1.0,
    0.0,
    -0.00219294795303546,
    0.0,
    0.0,
    1.0,
    0.0,
    0.0,
    0.0,
    0.0,
    1.0
  ],
  "5": [
    1.0,
    0.0,
    0.0,
    -0.004041116830194369,
    0.0,
    1.0,
    0.0,
    -0.0016698424716199158,
    0.0,
    0.0,
    1.0,
    0.0,
    0.0,
    0.0,
    0.0,
    1.0
  ],
  "6": [
    1.0,
    0.0,
    0.0,
    -0.0016747608239168876,
    0.0,
    1.0,
    0.0,
    0.0004238652868464041,
    0.0,
    0.0,
    1.0,
    0.0,
    0.0,
    0.0,
    0.0,
    1.0
  ],
  "7": [
    1.0,
    0.0,
    0.0,
    -0.010805423505900696,
    0.0,
    1.0,
    0.0,
    0.005197278661253881,
    0.0,
    0.0,
    1.0,
    0.0,
    0.0,
    0.0,
    0.0,
    1.0
  ],
  "8": [
    1.0,
    0.0,
    0.0,
    0.002610824217456873,
    0.0,
    1.0,
    0.0,
    -0.006621322101698084,
    0.0,
    0.0,
    1.0,
    0.0,
    0.0,
    0.0,
    0.0,
    1.0
  ],
  "9": [
    1.0,
    0.0,
    0.0,
    -0.0012359164941210467,
    0.0,
    1.0,
    0.0,
    0.004723970565587295,
    0.0,
    0.0,
    1.0,
    0.0,
    0.0,
    0.0,
    0.0,
    1.0
  ]
}