{
  "0": [
    0.9997465668142923,
    -0.0037391686509547477,
    0.022199566681254612,
    0.001681387868063103,
    0.0036571472799723456,
    0.9999863405001228,
    0.00373417821548912,
    -0.004775888019604777,
    -0.02221322616839669,
    -0.003652044765903056,
    0.9997465854666471,
    -9.597602638519576e-05,
    0.0,
    0.0,
    0.0,
    1.0
  ],
  "1": [
    0.9993717116260367,
    -0.004341387904003367,
    -0.035175763711859244,
    -0.0005316727036862926,
    0.004202747071600507,
    0.9999831107878523,
    -0.004014356250002954,
    0.000566248111081876,
    0.03519259749858959,
    0.0038639992387108028,
    0.9993730787804849,
    3.2582682430933704e-05,
    0.0,
    0.0,
    0.0,
    1.0
  ],
  "2": [
    0.9999800371370648,
    -0.00013384845932145085,
    -0.006317231351131267,
    0.001379424028663994,
    0.0002366724359585108,
    0.999867463426657,
    0.016278807293544917,
    -0.002717736372265093,
    0.006314215193659142,
    -0.01627997743647855,
    0.9998475348877728,
    1.6119097803694545e-05,
    0.0,
    0.0,
    0.0,
    1.0
  ],
  "3": [
    0.9999473196080667,
    0.0027354880573172294,
    -0.009893185216681335,
    -0.00012688012810391003,
    -0.002858026596662083,
    0.9999191155991473,
    -0.012393302360235205,
    0.0010172470450231614,
    0.009858483281725412,
    0.012420924462684495,
    0.9998742575658583,
    -8.709832134563628e-06,
    0.0,
    0.0,
    0.0,
    1.0
  ],
  "4": [
    0.9999580816217624,
    -0.002837560494464782,
    -0.008705357532281494,
    0.003784328420657406,
    0.0028378247807532946,
    0.9999959732050271,
    1.8006790615449902e-05,
    -0.001089014035421192,
    0.008705271382233861,
    -4.2710315130410586e-05,
    0.9999621074950743,
    2.2340592865803755e-05,
    0.0,
    0.0,
    0.0,
    1.0
  ],
  "5": [
    0.999998817709227,
    -0.0003934442462648187,
    0.001486533475246791,
    -0.0020191812916536983,
    0.0003863200427385961,
    0.9999884544784456,
    0.0047897459884898574,
    -0.0008317850363656496,
    -0.0014884008104427526,
    -0.0047891660479416846,
    0.9999874241967208,
    -1.888810883960954e-05,
    0.0,
    0.0,
    0.0,
    1.0
  ],
  "6": [
    0.9994949656122712,
    0.004580611278617044,
    0.03144569471388346,
    -0.0008311366591391505,
    -0.0047466621193951375,
    0.9999751729642212,
    0.005207941426355824,
    0.00022610071719525535,
    -0.03142105845525976,
    -0.005354573324762703,
    0.9994918937290392,
    1.5100714188634503e-05,
    0.0,
    0.0,
    0.0,
    1.0
  ],
  "7": [
    0.9997245885473852,
    -0.0028731875910318907,
    0.023291454373403717,
    -0.005412029681517229,
    0.0023291987615371517,
    0.9997246545608488,
    0.023349301837976736,
    0.0025890505934226316,
    -0.02335212810197093,
    -0.023288620746159068,
    0.9994560111665,
    -2.7422214443595767e-05,
    0.0,
    0.0,
    0.0,
    1.0
  ],
  "8": [
    0.9999895969139982,
    -0.003210759375086205,
    0.003239920988858135,
    0.001306342621939678,
    0.0031906679671533955,
    0.9999757673589169,
    0.006187433463801481,
    -0.0033089592042571713,
    -0.003259708837017302,
    -0.006177031583283768,
    0.9999756089920977,
    -5.00060043271695e-06,
    0.0,
    0.0,
    0.0,
    1.0
  ],
  "9": [
    0.9998994946651482,
    -0.00045585032079997225,
    -0.014170136515431427,
    -0.000618806134442989,
    0.0010234276902633423,
    0.9991962276989897,
    0.040073072603326335,
    0.002361488977750773,
    0.014140479629197119,
    -0.0400835471558305,
    0.9990962696773831,
    5.35744602109818e-06,
    0.0,
    0.0,
    0.0,
    1.0
  ]
}