{
  "0": [
    1.0,
    0.0,
    0.0,
    0.0016738042972481823,
    0.0,
    1.0,
    0.0,
    -0.004782088723456134,
    0.0,
    0.0,
    1.0,
    0.0,
    0.0,
    0.0,
    0.0,
    1.0
  ],
  "1": [
    1.0,
    0.0,
    0.0,
    -0.0005213912601038916,
    0.0,
    1.0,
    0.0,
    0.0005653201770187911,
    0.0,
    0.0,
    1.0,
    0.0,
    0.0,
    0.0,
    0.0,
    1.0
  ],
  "2": [
    1.0,
    0.0,
    0.0,
    0.0013814457753053664,
    0.0,
    1.0,
    0.0,
    -0.002721433047500287,
    0.0,
    0.0,
    1.0,
    0.0,
    0.0,
    0.0,
    0.0,
    1.0
  ],
  "3": [
    1.0,
    0.0,
    0.0,
    -0.00012911976976419327,
    0.0,
    1.0,
    0.0,
    0.0010151696717123461,
    0.0,
    0.0,
    1.0,
    0.0,
    0.0,
    0.0,
    0.0,
    1.0
  ],
  "4": [
    1.0,
    0.0,
    0.0,
    0.0037785060998192462,
    0.0,
    1.0,
    0.0,
    -0.00109647397651773,
    0.0,
    0.0,
    1.0,
    0.0,
    0.0,
    0.0,
    0.0,
    1.0
  ],
  "5": [
    1.0,
    0.0,
    0.0,
    -0.0020205584150971845,
    0.0,
    1.0,
    0.0,
    -0.0008349212358099579,
    0.0,
    0.0,
    1.0,
    0.0,
    0.0,
    0.0,
    0.0,
    1.0
  ],
  "6": [
    1.0,
    0.0,
    0.0,
    -0.0008373804119584438,
    0.0,
    1.0,
    0.0,
    0.00021193264342320205,
    0.0,
    0.0,
    1.0,
    0.0,
    0.0,
    0.0,
    0.0,
    1.0
  ],
  "7": [
    1.0,
    0.0,
    0.0,
    -0.005402711752950348,
    0.0,
    1.0,
    0.0,
    0.0025986393306269406,
    0.0,
    0.0,
    1.0,
    0.0,
    0.0,
    0.0,
    0.0,
    1.0
  ],
  "8": [
    1.0,
    0.0,
    0.0,
    0.0013054121087284366,
    0.0,
    1.0,
    0.0,
    -0.003310661050849042,
    0.0,
    0.0,
    1.0,
    0.0,
    0.0,
    0.0,
    0.0,
    1.0
  ],
  "9": [
    1.0,
    0.0,
    0.0,
    -0.0006179582470605233,
    0.0,
    1.0,
    0.0,
    0.0023619852827936475,
    0.0,
    0.0,
    1.0,
    0.0,
    0.0,
    0.0,
    0.0,
    1.0
  ]
}