{
  "0": [
    0.9999162033468735,
    -0.012945512132553391,
    0.0,
    0.0,
    0.012945512132553393,
    0.9999162033468735,
    0.0,
    0.0,
    0.0,
    0.0,
    1.0,
    0.0,
    0.0,
    0.0,
    0.0,
    1.0
  ],
  "1": [
    0.9998596778274915,
    -0.01675185526158786,
    0.0,
    0.0,
    0.016751855261587865,
    0.9998596778274915,
    0.0,
    0.0,
    0.0,
    0.0,
    1.0,
    0.0,
    0.0,
    0.0,
    0.0,
    1.0
  ],
  "2": [
    0.999999904964435,
    0.0004359714679468711,
    0.0,
    0.0,
    -0.00043597146794687066,
    0.999999904964435,
    0.0,
    0.0,
    0.0,
    0.0,
    1.0,
    0.0,
    0.0,
    0.0,
    0.0,
    1.0
  ],
  "3": [
    0.9999281323800383,
    0.01198874784822775,
    0.0,
    0.0,
    -0.01198874784822775,
    0.9999281323800383,
    0.0,
    0.0,
    0.0,
    0.0,
    1.0,
    0.0,
    0.0,
    0.0,
    0.0,
    1.0
  ],
  "4": [
    0.9999351819031053,
    -0.011385604613016187,
    0.0,
    0.0,
    0.01138560461301619,
    0.9999351819031053,
    0.0,
    0.0,
    0.0,
    0.0,
    1.0,
    0.0,
    0.0,
    0.0,
    0.0,
    1.0
  ],
  "5": [
    0.9999992603568125,
    -0.0012162589477448657,
    0.0,
    0.0,
    0.0012162589477448648,
    0.9999992603568124,
    0.0,
    0.0,
    0.0,
    0.0,
    1.0,
    0.0,
    0.0,
    0.0,
    0.0,
    1.0
  ],
  "6": [
    0.9997673580890793,
    0.02156918402681648,
    0.0,
    0.0,
    -0.02156918402681648,
    0.9997673580890793,
    0.0,
    0.0,
    0.0,
    0.0,
    1.0,
    0.0,
    0.0,
    0.0,
    0.0,
    1.0
  ],
  "7": [
    0.9999465232704607,
    -0.010341692285031278,
    0.0,
    0.0,
    0.010341692285031274,
    0.9999465232704606,
    0.0,
    0.0,
    0.0,
    0.0,
    1.0,
    0.0,
    0.0,
    0.0,
    0.0,
    1.0
  ],
  "8": [
    0.9999364736197972,
    -0.011271589275921036,
    0.0,
    0.0,
    0.011271589275921036,
    0.9999364736197971,
    0.0,
    0.0,
    0.0,
    0.0,
    1.0,
    0.0,
    0.0,
    0.0,
    0.0,
    1.0
  ],
  "9": [
    0.99999119655249,
    -0.004196047845154007,
    0.0,
    0.0,
    0.004196047845154008,
    0.9999911965524901,
    0.0,
    0.0,
    0.0,
    0.0,
    1.0,
    0.0,
    0.0,
    0.0,
    0.0,
    1.0
  ]
}