{
  "0": [
    0.9999531254808907,
    0.009682295234005801,
    0.0,
    0.009464079134924188,
    -0.009682295234005801,
    0.9999531254808905,
    0.0,
    0.00879464330299924,
    0.0,
    0.0,
    1.0,
    0.0,
    0.0,
    0.0,
    0.0,
    1.0
  ],
  "1": [
    0.9997432283436438,
    0.02266003929892911,
    0.0,
    0.023622608870169252,
    -0.02266003929892911,
    0.9997432283436438,
    0.0,
    -0.011987721867118934,
    0.0,
    0.0,
    1.0,
    0.0,
    0.0,
    0.0,
    0.0,
    1.0
  ],
  "2": [
    0.9999996477666728,
    -0.0008393250447408651,
    0.0,
    0.017087331497404896,
    0.0008393250447408645,
    0.9999996477666727,
    0.0,
    0.001104563612115978,
    0.0,
    0.0,
    1.0,
    0.0,
    0.0,
    0.0,
    0.0,
    1.0
  ],
  "3": [
    0.9999979985306012,
    0.002000733563454036,
    0.0,
    -0.01331008615362905,
    -0.0020007335634540354,
    0.9999979985306012,
    0.0,
    0.003106759460587605,
    0.0,
    0.0,
    1.0,
    0.0,
    0.0,
    0.0,
    0.0,
    1.0
  ],
  "4": [
    0.9999987259644438,
    -0.0015962673615474263,
    0.0,
    -0.0008478016368636005,
    0.0015962673615474256,
    0.9999987259644437,
    0.0,
    -0.02988717449241694,
    0.0,
    0.0,
    1.0,
    0.0,
    0.0,
    0.0,
    0.0,
    1.0
  ],
  "5": [
    0.9998371375929734,
    0.01804711306245785,
    0.0,
    0.009667256725120539,
    -0.01804711306245785,
    0.9998371375929735,
    0.0,
    -0.0023325345617482432,
    0.0,
    0.0,
    1.0,
    0.0,
    0.0,
    0.0,
    0.0,
    1.0
  ],
  "6": [
    0.9995986891467912,
    -0.02832773651418481,
    0.0,
    -0.0015765007597244572,
    0.02832773651418481,
    0.999598689146791,
    0.0,
    0.017426869889518425,
    0.0,
    0.0,
    1.0,
    0.0,
    0.0,
    0.0,
    0.0,
    1.0
  ],
  "7": [
    0.9999751828047493,
    0.007045124172672953,
    0.0,
    0.008948005705633635,
    -0.007045124172672952,
    0.9999751828047493,
    0.0,
    0.0001724455921817363,
    0.0,
    0.0,
    1.0,
    0.0,
    0.0,
    0.0,
    0.0,
    1.0
  ],
  "8": [
    0.9996321176029196,
    -0.02712248986917059,
    0.0,
    0.03584875440293343,
    0.02712248986917059,
    0.9996321176029195,
    0.0,
    -0.029875724528072325,
    0.0,
    0.0,
    1.0,
    0.0,
    0.0,
    0.0,
    0.0,
    1.0
  ],
  "9": [
    0.9998486025211663,
    -0.017400345872166885,
    0.0,
    -0.010370708106371642,
    0.01740034587216688,
    0.9998486025211664,
    0.0,
    -0.004478580341675586,
    0.0,
    0.0,
    1.0,
    0.0,
    0.0,
    0.0,
    0.0,
    1.0
  ]
}