{
  "0": [
    0.9999940662288173,
    0.0034449248403333626,
    0.0,
    -0.008762486796927217,
    -0.0034449248403333626,
    0.9999940662288173,
    0.0,
    -0.005995539795852205,
    0.0,
    0.0,
    1.0,
    0.0,
    0.0,
    0.0,
    0.0,
    1.0
  ],
  "1": [
    0.999990141374119,
    0.004440400271307802,
    0.0,
    -0.00214451816809835,
    -0.004440400271307802,
    0.999990141374119,
    0.0,
    -0.008445991992904647,
    0.0,
    0.0,
    1.0,
    0.0,
    0.0,
    0.0,
    0.0,
    1.0
  ],
  "2": [
    0.9999218170957589,
    0.012504387066776443,
    0.0,
    -0.0011951931253661138,
    -0.012504387066776443,
    0.9999218170957589,
    0.0,
    0.00561871198766903,
    0.0,
    0.0,
    1.0,
    0.0,
    0.0,
    0.0,
    0.0,
    1.0
  ],
  "3": [
    0.999983124279082,
    -0.005809574601122532,
    0.0,
    -0.00364751348357627,
    0.005809574601122532,
    0.999983124279082,
    0.0,
    -0.0019985713400182165,
    0.0,
    0.0,
    1.0,
    0.0,
    0.0,
    0.0,
    0.0,
    1.0
  ],
  "4": [
    0.9999961579260332,
    0.0027720269067461867,
    0.0,
    0.0017820529446318134,
    -0.002772026906746187,
    0.9999961579260334,
    0.0,
    0.003754174207459354,
    0.0,
    0.0,
    1.0,
    0.0,
    0.0,
    0.0,
    0.0,
    1.0
  ],
  "5": [
    0.9999967385447677,
    0.0025539968339219725,
    0.0,
    0.00017860245304309938,
    -0.0025539968339219725,
    0.9999967385447674,
    0.0,
    0.0004497639866080259,
    0.0,
    0.0,
    1.0,
    0.0,
    0.0,
    0.0,
    0.0,
    1.0
  ],
  "6": [
    0.999999148297194,
    -0.001305145542331401,
    0.0,
    0.009593310186658438,
    0.0013051455423314009,
    0.9999991482971939,
    0.0,
    0.0012896623230279117,
    0.0,
    0.0,
    1.0,
    0.0,
    0.0,
    0.0,
    0.0,
    1.0
  ],
  "7": [
    0.9999823064842278,
    0.005948673674332558,
    0.0,
    0.008979860233421523,
    -0.005948673674332559,
    0.9999823064842278,
    0.0,
    -0.00014158090530436802,
    0.0,
    0.0,
    1.0,
    0.0,
    0.0,
    0.0,
    0.0,
    1.0
  ],
  "8": [
    0.9999627532294728,
    -0.008630883716755102,
    0.0,
    -0.006743327591250581,
    0.008630883716755102,
    0.9999627532294728,
    0.0,
    -0.00902335441436123,
    0.0,
    0.0,
    1.0,
    0.0,
    0.0,
    0.0,
    0.0,
    1.0
  ],
  "9": [
    0.9999379084958787,
    0.01114357002434045,
    0.0,
    -0.0021516595224197934,
    -0.011143570024340452,
    0.9999379084958789,
    0.0,
    0.001417984391427457,
    0.0,
    0.0,
    1.0,
    0.0,
    0.0,
    0.0,
    0.0,
    1.0
  ]
}