{
  "0": [
    0.9996557414553953,
    -0.003922512447225891,
    0.022222332311348805,
    0.0016738042972481823,
    0.003235993216879623,
    0.9978051119767678,
    0.00371812651577752,
    -0.004782088723456134,
    -0.02222825352538673,
    -0.003649264994081247,
    0.9974869788321613,
    -0.0032547915558021594,
    0.0,
    0.0,
    0.0,
    1.0
  ],
  "1": [
    0.9991775552416776,
    -0.004861312689053394,
    -0.03514225940203063,
    -0.0005213912601038916,
    0.004184521480701992,
    0.9995506885204861,
    -0.004007102707839998,
    0.0005653201770187911,
    0.03520931227895829,
    0.0038260115043712815,
    0.9987808673590328,
    -0.0027991182660308494,
    0.0,
    0.0,
    0.0,
    1.0
  ],
  "2": [
    0.999586179920569,
    -0.0007749237574590354,
    -0.0064959157304433236,
    0.0013814457753053664,
    -0.00010805402564913771,
    0.9984705907097566,
    0.016338133522817936,
    -0.002721433047500287,
    0.0062587654602297895,
    -0.016233418053903548,
    0.9980851146075844,
    -0.0021790169024526115,
    0.0,
    0.0,
    0.0,
    1.0
  ],
  "3": [
    0.999860206452629,
    0.0024864371683550454,
    -0.009671590628335126,
    -0.00012911976976419327,
    -0.002997291733523987,
    0.9987618796807711,
    -0.012399600247403492,
    0.0010151696717123461,
    0.009855766652303347,
    0.01239301022440337,
    0.998650513628796,
    0.0009935239310058747,
    0.0,
    0.0,
    0.0,
    1.0
  ],
  "4": [
    0.9998302013430274,
    -0.0031240760750144304,
    -0.008540046480227385,
    0.0037785060998192462,
    0.002846303286178969,
    0.9992544170086537,
    4.9549643093763e-05,
    -0.00109647397651773,
    0.008683062159963832,
    -4.7094053566556566e-05,
    0.9991754256556807,
    -0.0007354009960958885,
    0.0,
    0.0,
    0.0,
    1.0
  ],
  "5": [
    0.9995807703245254,
    -0.0023982167339077743,
    0.001819188152341918,
    -0.0020205584150971845,
    0.0003065185774610927,
    0.9937311983276353,
    0.004570033016537363,
    -0.0008349212358099579,
    -0.001403469725687819,
    -0.004651912678167787,
    0.9933310408128093,
    0.0013469906961700263,
    0.0,
    0.0,
    0.0,
    1.0
  ],
  "6": [
    0.9994266738370485,
    0.005793698272803985,
    0.030825661946029728,
    -0.0008373804119584438,
    -0.005388611150093392,
    0.9955267080127059,
    0.005170966498105717,
    0.00021193264342320205,
    -0.03134111455825218,
    -0.005385668229883138,
    0.9950269810278644,
    0.0028741837359766258,
    0.0,
    0.0,
    0.0,
    1.0
  ],
  "7": [
    0.9995842312873067,
    -0.003032350675541744,
    0.023252457584245163,
    -0.005402711752950348,
    0.0025849670425959446,
    0.9995778796256696,
    0.02331026773752037,
    0.0025986393306269406,
    -0.023358021413803262,
    -0.023283070785040216,
    0.999184018645203,
    -0.0008855380589513654,
    0.0,
    0.0,
    0.0,
    1.0
  ],
  "8": [
    0.9990605914893901,
    -0.00469944312090622,
    0.003030412624723214,
    0.0013054121087284366,
    0.002812081648546152,
    0.9975950203011612,
    0.0064081450569618975,
    -0.003310661050849042,
    -0.003293582179794292,
    -0.006150694845761532,
    0.9967042759394036,
    0.0018337134132293412,
    0.0,
    0.0,
    0.0,
    1.0
  ],
  "9": [
    0.9993826454320718,
    -0.0003568678614324269,
    -0.01426166203703132,
    -0.0006179582470605233,
    0.001047666829942363,
    0.9985878375045227,
    0.040021120516948346,
    0.0023619852827936475,
    0.014146115921955589,
    -0.040013942029178164,
    0.9979870856666979,
    -0.0010237550587170064,
    0.0,
    0.0,
    0.0,
    1.0
  ]
}