{
  "0": [
    0.9999176465413787,
    -0.012833555047231032,
    0.0,
    -0.009825402613522934,
    0.01283355504723103,
    0.9999176465413787,
    0.0,
    -0.007056306580299729,
    0.0,
    0.0,
    1.0,
    0.0,
    0.0,
    0.0,
    0.0,
    1.0
  ],
  "1": [
    0.9998644229523427,
    0.016466199141834045,
    0.0,
    0.021917099457787394,
    -0.016466199141834045,
    0.9998644229523427,
    0.0,
    -0.010525868892820645,
    0.0,
    0.0,
    1.0,
    0.0,
    0.0,
    0.0,
    0.0,
    1.0
  ],
  "2": [
    0.9999999516472587,
    0.0003109750473635794,
    0.0,
    0.016243281016761296,
    -0.0003109750473635805,
    0.9999999516472587,
    0.0,
    -0.007796821042400885,
    0.0,
    0.0,
    1.0,
    0.0,
    0.0,
    0.0,
    0.0,
    1.0
  ],
  "3": [
    0.9996843421676831,
    0.025124012911282863,
    0.0,
    0.012763671211493037,
    -0.025124012911282863,
    0.9996843421676832,
    0.0,
    0.008827414273613124,
    0.0,
    0.0,
    1.0,
    0.0,
    0.0,
    0.0,
    0.0,
    1.0
  ],
  "4": [
    0.9999854030579083,
    -0.005403116796135873,
    0.0,
    -0.010920560521720375,
    0.005403116796135873,
    0.9999854030579082,
    0.0,
    -0.006353926325231338,
    0.0,
    0.0,
    1.0,
    0.0,
    0.0,
    0.0,
    0.0,
    1.0
  ],
  "5": [
    0.9994564800335739,
    0.03296580833072672,
    0.0,
    -0.011668727416414159,
    -0.03296580833072672,
    0.9994564800335739,
    0.0,
    5.321881443725706e-06,
    0.0,
    0.0,
    1.0,
    0.0,
    0.0,
    0.0,
    0.0,
    1.0
  ],
  "6": [
    0.9999186365409408,
    -0.012756186660041491,
    0.0,
    0.004340419462977479,
    0.012756186660041493,
    0.9999186365409408,
    0.0,
    -0.009127441200441818,
    0.0,
    0.0,
    1.0,
    0.0,
    0.0,
    0.0,
    0.0,
    1.0
  ],
  "7": [
    0.9999764364087246,
    -0.006864883633968506,
    0.0,
    0.008185467256122897,
    0.006864883633968506,
    0.9999764364087247,
    0.0,
    0.004267103651207964,
    0.0,
    0.0,
    1.0,
    0.0,
    0.0,
    0.0,
    0.0,
    1.0
  ],
  "8": [
    0.9998663416804646,
    -0.016349274434186066,
    0.0,
    -0.011414127295839464,
    0.016349274434186066,
    0.9998663416804646,
    0.0,
    0.010996670166099502,
    0.0,
    0.0,
    1.0,
    0.0,
    0.0,
    0.0,
    0.0,
    1.0
  ],
  "9": [
    0.9997941389480078,
    0.020289892193194218,
    0.0,
    -0.0013493927206416128,
    -0.020289892193194218,
    0.9997941389480078,
    0.0,
    0.0021396165168397815,
    0.0,
    0.0,
    1.0,
    0.0,
    0.0,
    0.0,
    0.0,
    1.0
  ]
}