{
  "0": [
    0.9989823545685587,
    -0.00848131531330753,
    0.04429811001854238,
    0.003376266578285069,
    0.008152268351305553,
    0.9999378625143756,
    0.0076033960116183,
    -0.009534666684669091,
    -0.04435984424439441,
    -0.007234528370076813,
    0.9989894222752689,
    -0.00038376918566618626,
    0.0,
    0.0,
    0.0,
    1.0
  ],
  "1": [
    0.9974907952945109,
    -0.008990328849476642,
    -0.07022312503657606,
    -0.0010871177263594666,
    0.00842382457808788,
    0.9999295791028792,
    -0.008359187437607928,
    0.0011342194523270462,
    0.07029333170509085,
    0.007746665238522176,
    0.9974962840509637,
    0.00012998919079836398,
    0.0,
    0.0,
    0.0,
    1.0
  ],
  "2": [
    0.9999185402091493,
    -0.0007527460598586803,
    -0.012741519508017107,
    0.0027569369833913278,
    0.0011674001750036776,
    0.9994688580446354,
    0.03256745270640064,
    -0.005427550631426582,
    0.012710236930726926,
    -0.0325796742206181,
    0.9993883202763795,
    6.463495462049885e-05,
    0.0,
    0.0,
    0.0,
    1.0
  ],
  "3": [
    0.99979084036169,
    0.004946818663788142,
    -0.019844508408457747,
    -0.00024933194398064505,
    -0.005437058201849063,
    0.9996794645390543,
    -0.02472663699371008,
    0.0020384867634755683,
    0.019715829350434602,
    0.024829360926463723,
    0.9994972680848145,
    -3.4839028310864656e-05,
    0.0,
    0.0,
    0.0,
    1.0
  ],
  "4": [
    0.9998316836989369,
    -0.005656675034402072,
    -0.01745297393867112,
    0.00757981453241165,
    0.0056574303139549495,
    0.9999839965944725,
    -6.098222970936103e-06,
    -0.002163561730364577,
    0.017452729127317157,
    -9.264178728870058e-05,
    0.9998476852318595,
    8.950947516092084e-05,
    0.0,
    0.0,
    0.0,
    1.0
  ],
  "5": [
    0.9999946101341941,
    -0.0009600074838210456,
    0.0031397592570354045,
    -0.0040363109139898695,
    0.0009300853909665189,
    0.9999542733570722,
    0.00951767493115593,
    -0.0016590797592203519,
    -0.003148752725547466,
    -0.009514703387949179,
    0.9999497766266626,
    -7.60005903683243e-05,
    0.0,
    0.0,
    0.0,
    1.0
  ],
  "6": [
    0.9979846873272915,
    0.0075320508787719564,
    0.06300660338256106,
    -0.0016529686849269256,
    -0.008188666711188623,
    0.999914758337194,
    0.010169650778851838,
    0.00047911544723978905,
    -0.06292463426783532,
    -0.01066509582846406,
    0.9979612949073869,
    6.113100490959277e-05,
    0.0,
    0.0,
    0.0,
    1.0
  ],
  "7": [
    0.9989019424270749,
    -0.00631857324707256,
    0.04642181650407804,
    -0.010844388641862959,
    0.004144302932481333,
    0.9988963822314,
    0.04678506511937713,
    0.005156997968335927,
    -0.046666199423359304,
    -0.04654130635405404,
    0.9978257225759601,
    -0.00010937400378310325,
    0.0,
    0.0,
    0.0,
    1.0
  ],
  "8": [
    0.9999539129210975,
    -0.007204253665657384,
    0.0063459249055336595,
    0.002615143830112588,
    0.007124619064216552,
    0.999896696901241,
    0.012483402147543008,
    -0.006614281156052841,
    -0.006435202947507749,
    -0.012437614526441208,
    0.9999019421462867,
    -1.998436818392016e-05,
    0.0,
    0.0,
    0.0,
    1.0
  ],
  "9": [
    0.999598775113526,
    0.0002743393610096566,
    -0.028323374259669753,
    -0.0012390622150811243,
    0.0019959402057892627,
    0.996785133772026,
    0.08009627528030906,
    0.004721731074474385,
    0.028254291961279727,
    -0.08012067042280124,
    0.9963846512049288,
    2.1415982540065016e-05,
    0.0,
    0.0,
    0.0,
    1.0
  ]
}