{
  "0": [
    0.9999947626406052,
    -0.0032364627851995662,
    0.0,
    0.0,
    0.0032364627851995662,
    0.9999947626406049,
    0.0,
    0.0,
    0.0,
    0.0,
    1.0,
    0.0,
    0.0,
    0.0,
    0.0,
    1.0
  ],
  "1": [
    0.999991229671923,
    -0.004188147470600852,
    0.0,
    0.0,
    0.004188147470600853,
    0.999991229671923,
    0.0,
    0.0,
    0.0,
    0.0,
    1.0,
    0.0,
    0.0,
    0.0,
    0.0,
    1.0
  ],
  "2": [
    0.9999999940602771,
    0.00010899287022365512,
    0.0,
    0.0,
    -0.00010899287022365524,
    0.9999999940602771,
    0.0,
    0.0,
    0.0,
    0.0,
    1.0,
    0.0,
    0.0,
    0.0,
    0.0,
    1.0
  ],
  "3": [
    0.9999955082233125,
    0.0029972542766785342,
    0.0,
    0.0,
    -0.002997254276678534,
    0.9999955082233125,
    0.0,
    0.0,
    0.0,
    0.0,
    1.0,
    0.0,
    0.0,
    0.0,
    0.0,
    1.0
  ],
  "4": [
    0.9999959488279142,
    -0.002846458810446132,
    0.0,
    0.0,
    0.0028464588104461326,
    0.9999959488279143,
    0.0,
    0.0,
    0.0,
    0.0,
    1.0,
    0.0,
    0.0,
    0.0,
    0.0,
    1.0
  ],
  "5": [
    0.9999999537722954,
    -0.0003040648072173029,
    0.0,
    0.0,
    0.0003040648072173026,
    0.9999999537722954,
    0.0,
    0.0,
    0.0,
    0.0,
    1.0,
    0.0,
    0.0,
    0.0,
    0.0,
    1.0
  ],
  "6": [
    0.9999854593519975,
    0.005392688065757841,
    0.0,
    0.0,
    -0.005392688065757841,
    0.9999854593519975,
    0.0,
    0.0,
    0.0,
    0.0,
    1.0,
    0.0,
    0.0,
    0.0,
    0.0,
    1.0
  ],
  "7": [
    0.9999966576764763,
    -0.0025854662784083374,
    0.0,
    0.0,
    0.0025854662784083374,
    0.9999966576764762,
    0.0,
    0.0,
    0.0,
    0.0,
    1.0,
    0.0,
    0.0,
    0.0,
    0.0,
    1.0
  ],
  "8": [
    0.9999960295618263,
    -0.002817953261259717,
    0.0,
    0.0,
    0.002817953261259717,
    0.9999960295618263,
    0.0,
    0.0,
    0.0,
    0.0,
    1.0,
    0.0,
    0.0,
    0.0,
    0.0,
    1.0
  ],
  "9": [
    0.9999994497837738,
    -0.001049014847211549,
    0.0,
    0.0,
    0.0010490148472115492,
    0.9999994497837739,
    0.0,
    0.0,
    0.0,
    0.0,
    1.0,
    0.0,
    0.0,
    0.0,
    0.0,
    1.0
  ]
}