{
  "0": [
    0.9999516957603048,
    -0.009828842561070219,
    0.0,
    0.000510938898629659,
    0.009828842561070219,
    0.9999516957603048,
    0.0,
    -0.0005766142958792992,
    0.0,
    0.0,
    1.0,
    0.0,
    0.0,
    0.0,
    0.0,
    1.0
  ],
  "1": [
    0.9999857354055781,
    -0.005341253164291185,
    0.0,
    0.0014768169591843118,
    0.005341253164291185,
    0.9999857354055781,
    0.0,
    -0.0030893862997996204,
    0.0,
    0.0,
    1.0,
    0.0,
    0.0,
    0.0,
    0.0,
    1.0
  ],
  "2": [
    0.9999764102552386,
    -0.006868692237018879,
    0.0,
    0.008473069184454795,
    0.006868692237018879,
    0.9999764102552385,
    0.0,
    0.001872393949124811,
    0.0,
    0.0,
    1.0,
    0.0,
    0.0,
    0.0,
    0.0,
    1.0
  ],
  "3": [
    0.9999222674796691,
    0.012468319787253544,
    0.0,
    -0.0007069039226485687,
    -0.012468319787253544,
    0.9999222674796692,
    0.0,
    -0.0008913131467192877,
    0.0,
    0.0,
    1.0,
    0.0,
    0.0,
    0.0,
    0.0,
    1.0
  ],
  "4": [
    0.9999905150994829,
    0.004355423179314831,
    0.0,
    0.004524390208257068,
    -0.00435542317931483,
    0.9999905150994829,
    0.0,
    0.0011117208902941714,
    0.0,
    0.0,
    1.0,
    0.0,
    0.0,
    0.0,
    0.0,
    1.0
  ],
  "5": [
    0.9999992823767214,
    0.001198017546729234,
    0.0,
    -7.273310288495767e-06,
    -0.001198017546729234,
    0.9999992823767214,
    0.0,
    0.0041605745100461,
    0.0,
    0.0,
    1.0,
    0.0,
    0.0,
    0.0,
    0.0,
    1.0
  ],
  "6": [
    0.9999820485802662,
    -0.005991870927692417,
    0.0,
    -0.0037131218285053154,
    0.005991870927692416,
    0.9999820485802662,
    0.0,
    0.00605055023003679,
    0.0,
    0.0,
    1.0,
    0.0,
    0.0,
    0.0,
    0.0,
    1.0
  ],
  "7": [
    0.9999634323906433,
    0.008551834979892599,
    0.0,
    -0.0031952969908824445,
    -0.008551834979892599,
    0.9999634323906433,
    0.0,
    0.004256014989783361,
    0.0,
    0.0,
    1.0,
    0.0,
    0.0,
    0.0,
    0.0,
    1.0
  ],
  "8": [
    0.999999959070198,
    -0.00028611117104786584,
    0.0,
    0.0026257242894298454,
    0.00028611117104786584,
    0.999999959070198,
    0.0,
    0.008248728872263716,
    0.0,
    0.0,
    1.0,
    0.0,
    0.0,
    0.0,
    0.0,
    1.0
  ],
  "9": [
    0.9999948868971592,
    -0.003197839823658639,
    0.0,
    -0.0011788683797140577,
    0.0031978398236586388,
    0.9999948868971592,
    0.0,
    -0.0021806085210941554,
    0.0,
    0.0,
    1.0,
    0.0,
    0.0,
    0.0,
    0.0,
    1.0
  ]
}