{
  "0": [
    1.0,
    0.0,
    0.0,
    0.006695217188992729,
    0.0,
    1.0,
    0.0,
    -0.019128354893824535,
    0.0,
    0.0,
    1.0,
    0.0,
    0.0,
    0.0,
    0.0,
    1.0
  ],
  "1": [
    1.0,
    0.0,
    0.0,
    -0.0020855650404155665,
    0.0,
    1.0,
    0.0,
    0.0022612807080751645,
    0.0,
    0.0,
    1.0,
    0.0,
    0.0,
    0.0,
    0.0,
    1.0
  ],
  "2": [
    1.0,
    0.0,
    0.0,
    0.0055257831012214655,
    0.0,
    1.0,
    0.0,
    -0.010885732190001147,
    0.0,
    0.0,
    1.0,
    0.0,
    0.0,
    0.0,
    0.0,
    1.0
  ],
  "3": [
    1.0,
    0.0,
    0.0,
    -0.0005164790790567731,
    0.0,
    1.0,
    0.0,
    0.0040606786868493845,
    0.0,
    0.0,
    1.0,
    0.0,
    0.0,
    0.0,
    0.0,
    1.0
  ],
  "4": [
    1.0,
    0.0,
    0.0,
    0.015114024399276985,
    0.0,
    1.0,
    0.0,
    -0.00438589590607092,
    0.0,
    0.0,
    1.0,
    0.0,
    0.0,
    0.0,
    0.0,
    1.0
  ],
  "5": [
    1.0,
    0.0,
    0.0,
    -0.008082233660388738,
    0.0,
    1.0,
    0.0,
    -0.0033396849432398316,
    0.0,
    0.0,
    1.0,
    0.0,
    0.0,
    0.0,
    0.0,
    1.0
  ],
  "6": [
    1.0,
    0.0,
    0.0,
    -0.003349521647833775,
    0.0,
    1.0,
    0.0,
    0.0008477305736928082,
    0.0,
    0.0,
    1.0,
    0.0,
    0.0,
    0.0,
    0.0,
    1.0
  ],
  "7": [
    1.0,
    0.0,
    0.0,
    -0.021610847011801392,
    0.0,
    1.0,
    0.0,
    0.010394557322507762,
    0.0,
    0.0,
    1.0,
    0.0,
    0.0,
    0.0,
    0.0,
    1.0
  ],
  "8": [
    1.0,
    0.0,
    0.0,
    0.005221648434913746,
    0.0,
    1.0,
    0.0,
    -0.013242644203396168,
    0.0,
    0.0,
    1.0,
    0.0,
    0.0,
    0.0,
    0.0,
    1.0
  ],
  "9": [
    1.0,
    0.0,
    0.0,
    -0.0024718329882420934,
    0.0,
    1.0,
    0.0,
    0.00944794113117459,
    0.0,
    0.0,
    1.0,
    0.0,
    0.0,
    0.0,
    0.0,
    1.0
  ]
}