{
  "0": [
    0.9959023723239667,
    -0.02094822431006052,
    0.0879752050168154,
    0.006796203999242521,
    0.01962927235914936,
    0.9996819871236263,
    0.01583086501766549,
    -0.01897278194709135,
    -0.08827885628023079,
    -0.014039106766906517,
    0.9959968609463794,
    -0.0015329225799996448,
    0.0,
    0.0,
    0.0,
    1.0
  ],
  "1": [
    0.9900028218835777,
    -0.019216441417436513,
    -0.13973239081116354,
    -0.0022884242301707343,
    0.016854514176425684,
    0.9996947061412945,
    -0.018067093428317013,
    0.002274168850914399,
    0.14003691661283524,
    0.01553135191543547,
    0.990024463886246,
    0.0005162243082703513,
    0.0,
    0.0,
    0.0,
    1.0
  ],
  "2": [
    0.9996585542530884,
    -0.0034408936521570215,
    -0.025902416093869545,
    0.005519025829652887,
    0.005121989836344482,
    0.9978644709089082,
    0.06511730121711878,
    -0.010820170075941715,
    0.025623039022367945,
    -0.0652277391035374,
    0.9975413785516363,
    0.00025993241725756817,
    0.0,
    0.0,
    0.0,
    1.0
  ],
  "3": [
    0.9991758853361196,
    0.007796743424617024,
    -0.03983416818200718,
    -0.00048126230907386507,
    -0.009755659097782728,
    0.9987402415419587,
    -0.04922150993496513,
    0.004091974424004129,
    0.0394002192677857,
    0.04956955433207679,
    0.9979932274344198,
    -0.00013934819158855242,
    0.0,
    0.0,
    0.0,
    1.0
  ],
  "4": [
    0.9993217426333734,
    -0.0112358157620364,
    -0.035068663281615356,
    0.015201346986688683,
    0.011236336500323749,
    0.9999368537717126,
    -0.00018223934797453542,
    -0.004272033209058977,
    0.03506849643553647,
    -0.00021192755845450147,
    0.9993848886412386,
    0.00035911450302104317,
    0.0,
    0.0,
    0.0,
    1.0
  ],
  "5": [
    0.9999722179458748,
    -0.002576136391274069,
    0.006994773599016312,
    -0.008068935716074723,
    0.0024444952343845245,
    0.9998209579748385,
    0.018763699990279502,
    -0.003311015674130686,
    -0.007041859090965511,
    -0.018746080005422366,
    0.9997994782479999,
    -0.00030691579453872593,
    0.0,
    0.0,
    0.0,
    1.0
  ],
  "6": [
    0.9919940637656055,
    0.008550498485034475,
    0.1259947079422689,
    -0.0032878645301829632,
    -0.011101988207472218,
    0.9997469952580865,
    0.019562498057978085,
    0.0010573792306073759,
    -0.1257955615736953,
    -0.020804673707719427,
    0.9918380120968716,
    0.00025086148517085706,
    0.0,
    0.0,
    0.0,
    1.0
  ],
  "7": [
    0.9956390345617381,
    -0.014903611056806517,
    0.09209123321162349,
    -0.021780080643323162,
    0.006225151548328318,
    0.9955701367278803,
    0.093815512277182,
    0.010217977538452983,
    -0.0930814715460093,
    -0.09283310418755356,
    0.9913212670076902,
    -0.0004343466106691145,
    0.0,
    0.0,
    0.0,
    1.0
  ],
  "8": [
    0.9997732408977489,
    -0.01751917111440772,
    0.012105594916253211,
    0.005243701215088603,
    0.017206346680458624,
    0.9995272575240461,
    0.025479464287374163,
    -0.013212598944481277,
    -0.012546251182093559,
    -0.025265393524024255,
    0.9996020465522027,
    -7.969827396528035e-05,
    0.0,
    0.0,
    0.0,
    1.0
  ],
  "9": [
    0.9984007896851348,
    0.005274077241035227,
    -0.05628540899162742,
    -0.002482452707053941,
    0.003790112304631716,
    0.9871537295101959,
    0.15972836117242675,
    0.00943695816009707,
    0.05640477111749907,
    -0.1596862499508537,
    0.9855550737385588,
    8.567184564186285e-05,
    0.0,
    0.0,
    0.0,
    1.0
  ]
}