{
  "0": [
    0.9986234036675932,
    -0.009180438410056606,
    0.04425071574292191,
    0.0033476085944963646,
    0.006469134993247398,
    0.9912352544370036,
    0.007477150420423989,
    -0.009564177446912268,
    -0.044434205684905526,
    -0.007150684584659471,
    0.9899684146508554,
    -0.006509583111604319,
    0.0,
    0.0,
    0.0,
    1.0
  ],
  "1": [
    0.9967126936620385,
    -0.011055178761979333,
    -0.06999061206891143,
    -0.0010427825202077832,
    0.008347232885771412,
    0.9981895572671865,
    -0.008314975690737771,
    0.0011306403540375823,
    0.0703354022070593,
    0.007498563041059487,
    0.9951321944182496,
    -0.005598236532061699,
    0.0,
    0.0,
    0.0,
    1.0
  ],
  "2": [
    0.9983454772544569,
    -0.0032669688149535104,
    -0.013501418516202374,
    0.0027628915506107327,
    -0.00021048044891524328,
    0.9938893449279973,
    0.03263985369164761,
    -0.005442866095000574,
    0.012492220631993551,
    -0.03225275979607022,
    0.992360714080931,
    -0.004358033804905223,
    0.0,
    0.0,
    0.0,
    1.0
  ],
  "3": [
    0.9994409211243634,
    0.003962979881851147,
    -0.01886590543963474,
    -0.00025823953952838655,
    -0.0059947809921701515,
    0.9950458938023248,
    -0.02465726451135984,
    0.0020303393434246923,
    0.019705270498682786,
    0.02460118623894498,
    0.9946131316638107,
    0.0019870478620117493,
    0.0,
    0.0,
    0.0,
    1.0
  ],
  "4": [
    0.9993209549651886,
    -0.006772584330575124,
    -0.016750532435966,
    0.0075570121996384925,
    0.005691650462996509,
    0.9970043470383603,
    0.00014959368288136566,
    -0.00219294795303546,
    0.017362210036648305,
    -0.00014316914896902994,
    0.9967048300875055,
    -0.001470801992191777,
    0.0,
    0.0,
    0.0,
    1.0
  ],
  "5": [
    0.9983239898447562,
    -0.008939227993644869,
    0.0038518939255065172,
    -0.004041116830194369,
    0.0006277467501838459,
    0.9751191005298278,
    0.008206040011914106,
    -0.0016698424716199158,
    -0.002783736165992175,
    -0.008315664872651188,
    0.9735035381362618,
    0.0026939813923400526,
    0.0,
    0.0,
    0.0,
    1.0
  ],
  "6": [
    0.997707778805839,
    0.012230982886634306,
    0.06009187928636899,
    -0.0016747608239168876,
    -0.010752619237770713,
    0.9821166205150237,
    0.010103860694385,
    0.0004238652868464041,
    -0.06264084985892199,
    -0.010997326058386225,
    0.9801969552233131,
    0.0057483674719532515,
    0.0,
    0.0,
    0.0,
    1.0
  ],
  "7": [
    0.9983374951775313,
    -0.006947205501522704,
    0.04623895473390047,
    -0.010805423505900696,
    0.005166923212671148,
    0.9983107235558203,
    0.04662267788427754,
    0.005197278661253881,
    -0.046686871669412044,
    -0.046478188717331746,
    0.9967390115283912,
    -0.0017710761179027309,
    0.0,
    0.0,
    0.0,
    1.0
  ],
  "8": [
    0.9962458404844419,
    -0.01310766832849009,
    0.005593000490999651,
    0.002610824217456873,
    0.005588970335844327,
    0.9903639155231161,
    0.01347807547956869,
    -0.006621322101698084,
    -0.006532156863227348,
    -0.012365459371526118,
    0.9868718490814699,
    0.0036674268264586824,
    0.0,
    0.0,
    0.0,
    1.0
  ],
  "9": [
    0.9975319583685094,
    0.0006820455482882655,
    -0.028632460625363336,
    -0.0012359164941210467,
    0.0020872541290465367,
    0.994378164678624,
    0.0797923714364022,
    0.004723970565587295,
    0.028244742927076648,
    -0.07965669565992312,
    0.9919678036361352,
    -0.002047510117434013,
    0.0,
    0.0,
    0.0,
    1.0
  ]
}