{
  "0": [
    0.9945006150582665,
    -0.023399737348954258,
    0.08670227349073789,
    0.006695217188992729,
    0.012915454595730388,
    0.9651733751495803,
    0.014826307711201053,
    -0.019128354893824535,
    -0.08869018324270508,
    -0.013132414972316042,
    0.9602000175509745,
    -0.013019166223208638,
    0.0,
    0.0,
    0.0,
    1.0
  ],
  "1": [
    0.9868902687855924,
    -0.027294932642051205,
    -0.13802389355754358,
    -0.0020855650404155665,
    0.01652056402742489,
    0.9926589181000707,
    -0.017760405600100285,
    0.0022612807080751645,
    0.14000662866083222,
    0.01377900300639185,
    0.9806677227253789,
    -0.011196473064123398,
    0.0,
    0.0,
    0.0,
    1.0
  ],
  "2": [
    0.9933940160527103,
    -0.012990052504223897,
    -0.029257589800635732,
    0.0055257831012214655,
    -0.0003761038531074146,
    0.9757313856640988,
    0.06408092674039206,
    -0.010885732190001147,
    0.024782339506733007,
    -0.06281207271870554,
    0.9697649504907548,
    -0.008716067609810446,
    0.0,
    0.0,
    0.0,
    1.0
  ],
  "3": [
    0.9977652089247928,
    0.004028545135563295,
    -0.03520208732819944,
    -0.0005164790790567731,
    -0.011991133492717897,
    0.9802260384315404,
    -0.0481868973526216,
    0.0040606786868493845,
    0.039360465059042476,
    0.047737391736746695,
    0.978628731582086,
    0.003974095724023499,
    0.0,
    0.0,
    0.0,
    1.0
  ],
  "4": [
    0.9972862121144097,
    -0.0154398051625648,
    -0.031942775780140605,
    0.015114024399276985,
    0.01137565502799506,
    0.9879322797157302,
    0.0006864220211489221,
    -0.00438589590607092,
    0.03469311631165684,
    -0.0006759575368060978,
    0.9868692250297509,
    -0.002941603984383554,
    0.0,
    0.0,
    0.0,
    1.0
  ],
  "5": [
    0.9933104758192988,
    -0.03314551186525272,
    0.005006363215498431,
    -0.008082233660388738,
    0.001372780862806503,
    0.902981136061597,
    0.010351834547064856,
    -0.0033396849432398316,
    -0.00538222654835149,
    -0.00905488305933895,
    0.8968292572967896,
    0.005387962784680105,
    0.0,
    0.0,
    0.0,
    1.0
  ],
  "6": [
    0.9908484299330341,
    0.025921093937812636,
    0.11108105314444351,
    -0.003349521647833775,
    -0.021308871233950435,
    0.9291089172621627,
    0.020020610331622612,
    0.0008477305736928082,
    -0.12495109441111542,
    -0.02374315569293354,
    0.9221963433021458,
    0.011496734943906503,
    0.0,
    0.0,
    0.0,
    1.0
  ],
  "7": [
    0.9933590936049448,
    -0.017338487603079534,
    0.09114856680804875,
    -0.021610847011801392,
    0.010309814148001334,
    0.9932426366502773,
    0.09311545259489803,
    0.010394557322507762,
    -0.09314063817701039,
    -0.09225516514876697,
    0.9870029204733197,
    -0.0035421522358054618,
    0.0,
    0.0,
    0.0,
    1.0
  ],
  "8": [
    0.9850388147001193,
    -0.0403524552367292,
    0.009789396027897065,
    0.005221648434913746,
    0.010898164989036018,
    0.9615011609418092,
    0.030264967917779273,
    -0.013242644203396168,
    -0.012626170458063884,
    -0.025226028682924798,
    0.9483549118761881,
    0.007334853652917365,
    0.0,
    0.0,
    0.0,
    1.0
  ],
  "9": [
    0.9901498294537074,
    0.006942811612822955,
    -0.057065530326578434,
    -0.0024718329882420934,
    0.0041101633139656825,
    0.9777886796326555,
    0.15776927820569092,
    0.00944794113117459,
    0.05611028832670177,
    -0.15636883680430444,
    0.9681807496717598,
    -0.004095020234868026,
    0.0,
    0.0,
    0.0,
    1.0
  ]
}