{
    "0": -1106.829942233277,
    "1": -1104.4832195855754,
    "2": -1111.9242026063478,
    "3": -1118.079190133249,
    "4": -1113.7729779231142,
    "5": -1105.7578909162996,
    "6": -1104.6938128082866,
    "7": -1112.0128907667201,
    "8": -1118.2395194129958,
    "9": -1115.2092700790179,
    "version": 1
}