{
    "0": -1105.7474044091598,
    "1": -1104.8924537948615,
    "2": -1111.7689515917098,
    "3": -1117.325838990096,
    "4": -1114.3875794827031,
    "5": -1108.1269265282508,
    "6": -1107.293383631862,
    "7": -1111.7596754966435,
    "8": -1115.0359358997496,
    "9": -1112.0475792359125,
    "version": 1
}