{
    "0": -1105.0534856598595,
    "1": -1104.9551320665605,
    "2": -1111.6332939639292,
    "3": -1116.9724383008852,
    "4": -1115.1810168241186,
    "5": -1110.1225714290206,
    "6": -1108.9393878638823,
    "7": -1111.555274631996,
    "8": -1112.9982861870178,
    "9": -1109.9099251955681,
    "version": 1
}