{
    "0": -1094.825940330807,
    "1": -1088.2926446209217,
    "2": -1106.7110418735417,
    "3": -1126.2633943081287,
    "4": -1115.5181803981911,
    "5": -1092.17034675598,
    "6": -1086.5512496852236,
    "7": -1105.645919988751,
    "8": -1127.3536400734697,
    "9": -1118.805822080597,
    "version": 1
}