{
    "0": -1104.3341346217642,
    "1": -1098.7325792567588,
    "2": -1113.406920080432,
    "3": -1126.984822533673,
    "4": -1118.9205663257,
    "5": -1099.8989108999817,
    "6": -1096.594477960031,
    "7": -1113.0692142952569,
    "8": -1129.196931713155,
    "9": -1123.2265013342223,
    "version": 1
}