{
  "/cave_1/lmd_root_0/half_0/plane_0/module_0": [
    0.9990606577255432,
    -0.015264447176897879,
    0.04055611960467478,
    -0.0023923396598547696,
    0.018244610408828556,
    0.997079517302497,
    -0.07415908822827993,
    -0.012296222307558698,
    -0.039305678674143966,
    0.07482935806355308,
    0.9964214122527484,
    -0.00985734402409669,
    0.0,
    0.0,
    0.0,
    1.0
  ],
  "/cave_1/lmd_root_0/half_0/plane_0/module_1": [
    0.9992575238210154,
    -0.018365773576498275,
    -0.03386885660942005,
    0.0011847334165045798,
    0.019851081036556997,
    0.9988319572207596,
    0.044052875232233286,
    -0.006471313276903046,
    0.03302023120410737,
    -0.044692500438926704,
    0.9984549287452807,
    -0.007483057108526969,
    0.0,
    0.0,
    0.0,
    1.0
  ],
  "/cave_1/lmd_root_0/half_0/plane_0/module_2": [
    0.9991336633963332,
    -0.022760498491437235,
    0.03484081481027734,
    -0.006797306411899627,
    0.015190120337058764,
    0.9788809486710968,
    0.2038660064182334,
    -0.006443587923054089,
    -0.038745101785495825,
    -0.20316015366502063,
    0.9783786429856474,
    -0.003924460804942029,
    0.0,
    0.0,
    0.0,
    1.0
  ],
  "/cave_1/lmd_root_0/half_0/plane_0/module_3": [
    0.9998800284940155,
    0.013454673039277455,
    0.007674659094243742,
    0.008875241434160172,
    -0.013938048480028694,
    0.9976650876930317,
    0.06685883339562357,
    -0.001769914861217221,
    -0.006757175695147166,
    -0.06695778201121598,
    0.9977329281950974,
    0.005557858792997137,
    0.0,
    0.0,
    0.0,
    1.0
  ],
  "/cave_1/lmd_root_0/half_0/plane_0/module_4": [
    0.9988760564761296,
    -0.030974166425820012,
    -0.035877915392637794,
    0.015023619567263896,
    0.026448154027079767,
    0.9923736941874546,
    -0.12039495933511506,
    -0.00212858046914266,
    0.0393334329452126,
    0.1193107375677887,
    0.992077531725104,
    0.003076436770513502,
    0.0,
    0.0,
    0.0,
    1.0
  ],
  "/cave_1/lmd_root_0/half_0/plane_1/module_0": [
    0.9999614914790452,
    -0.0012311731732829734,
    0.008689060456723572,
    7.919628599739603e-06,
    0.0025764453173127188,
    0.9876650884958296,
    -0.1565600041391549,
    -0.0006653120346535158,
    -0.0083891291878303,
    0.1565763621340804,
    0.98763022702443,
    -0.007070026040062984,
    0.0,
    0.0,
    0.0,
    1.0
  ],
  "/cave_1/lmd_root_0/half_0/plane_1/module_1": [
    0.9959188307871659,
    -0.020441891487909765,
    -0.0879079720839974,
    -0.01579773296669523,
    0.016520652852185198,
    0.9988456495396053,
    -0.04510472730370499,
    -0.007639724739420899,
    0.08872852141708397,
    0.043468350189540525,
    0.9951069048192447,
    -0.010329386651170579,
    0.0,
    0.0,
    0.0,
    1.0
  ],
  "/cave_1/lmd_root_0/half_0/plane_1/module_2": [
    0.9995488882046217,
    0.010792564998965755,
    -0.028027497741463674,
    0.012340562968462308,
    -0.010268150944207305,
    0.9997707674872262,
    0.01878769688358991,
    0.004209954387971102,
    0.028223840367526648,
    -0.018491430954519956,
    0.9994305787878229,
    -0.008473405018448829,
    0.0,
    0.0,
    0.0,
    1.0
  ],
  "/cave_1/lmd_root_0/half_0/plane_1/module_3": [
    0.9994567911361677,
    0.015417208123390138,
    -0.0291278620134557,
    -0.01028984674718231,
    -0.013745247524547846,
    0.9982935773216755,
    0.05675386902036713,
    0.009368750076926547,
    0.029953143779639455,
    -0.05632267014242267,
    0.9979632087435609,
    -0.001929960660636425,
    0.0,
    0.0,
    0.0,
    1.0
  ],
  "/cave_1/lmd_root_0/half_0/plane_1/module_4": [
    0.999895921706571,
    -0.007745789405660292,
    -0.012171626885919376,
    0.003547166019114263,
    0.008714213206310667,
    0.9966239527845632,
    0.08163797660566968,
    0.007413157192581524,
    0.011498184324572093,
    -0.08173554601613714,
    0.9965877243246989,
    -0.0027772604805936,
    0.0,
    0.0,
    0.0,
    1.0
  ],
  "/cave_1/lmd_root_0/half_0/plane_2/module_0": [
    0.9967018062144269,
    -0.003493505572959612,
    0.08107592064053724,
    0.013232747595757247,
    -0.002925217192929612,
    0.9968769995924431,
    0.07891571952369382,
    -0.015967225897333678,
    -0.08109841301328395,
    -0.07889260486496703,
    0.9935788868048411,
    -0.0005161387722200361,
    0.0,
    0.0,
    0.0,
    1.0
  ],
  "/cave_1/lmd_root_0/half_0/plane_2/module_1": [
    0.9923788281247062,
    -0.015997480785170215,
    -0.12218159476108802,
    0.011442909524776041,
    0.005731523170524744,
    0.9964563769641995,
    -0.08391566271874765,
    0.004943457359737056,
    0.1230910684492598,
    0.08257584038875405,
    0.9889539015809132,
    0.001814656217543047,
    0.0,
    0.0,
    0.0,
    1.0
  ],
  "/cave_1/lmd_root_0/half_0/plane_2/module_2": [
    0.9953368208924332,
    0.0010483270930107232,
    -0.09645472505818597,
    0.007084784726523883,
    -0.008467753622734664,
    0.9970302288259422,
    -0.07654423528832194,
    0.0034799073217436673,
    0.09608803320043996,
    0.0770040506570621,
    0.9923897752688083,
    0.0043249090109020475,
    0.0,
    0.0,
    0.0,
    1.0
  ],
  "/cave_1/lmd_root_0/half_0/plane_2/module_3": [
    0.9984282936861681,
    -0.014709005647997592,
    -0.05407945561647257,
    -0.00011663711834297263,
    0.005387086095359696,
    0.9856643686675112,
    -0.16863194134765178,
    0.00035317193251103166,
    0.055784600655808536,
    0.1680755707773258,
    0.9841944324357602,
    0.00373511525336653,
    0.0,
    0.0,
    0.0,
    1.0
  ],
  "/cave_1/lmd_root_0/half_0/plane_2/module_4": [
    0.9996655870297464,
    -0.011007240352433877,
    0.023399888211193338,
    0.013574714078567923,
    0.01014564836804465,
    0.9992775581295594,
    0.03662550529094277,
    -0.005969500951468944,
    -0.02378612889195269,
    -0.036375850209289066,
    0.9990550623433558,
    -0.0061810520622799904,
    0.0,
    0.0,
    0.0,
    1.0
  ],
  "/cave_1/lmd_root_0/half_0/plane_3/module_0": [
    0.9987696592513571,
    -0.01673262771708596,
    0.04668176226975204,
    0.0025421068134832405,
    0.007980701439777929,
    0.9833194123572442,
    0.18171197452543697,
    -0.009327949548103183,
    -0.048943601864363896,
    -0.18111585367130437,
    0.9822431325214025,
    -0.008594823610037565,
    0.0,
    0.0,
    0.0,
    1.0
  ],
  "/cave_1/lmd_root_0/half_0/plane_3/module_1": [
    0.9992955919152668,
    0.010584430801660926,
    -0.03600402482114024,
    -0.0010010400554165244,
    -0.008714325516181287,
    0.9986242453441813,
    0.05170761202726827,
    0.013690142072737218,
    0.03650178775778609,
    -0.051357437975129934,
    0.9980130425275594,
    -0.006395158586092293,
    0.0,
    0.0,
    0.0,
    1.0
  ],
  "/cave_1/lmd_root_0/half_0/plane_3/module_2": [
    0.9993625365244394,
    -0.0021482688603532826,
    0.03563573392456282,
    -0.0015764750806436334,
    0.002703862434222231,
    0.999875434727724,
    -0.015550053246910953,
    -0.023017738166662974,
    -0.03559788925449658,
    0.01563649477819759,
    0.999243859281445,
    -0.009359178407132079,
    0.0,
    0.0,
    0.0,
    1.0
  ],
  "/cave_1/lmd_root_0/half_0/plane_3/module_3": [
    0.9999985711811025,
    0.0016890440127345857,
    6.903677714556961e-05,
    0.0004982842732515635,
    -0.00168291405946376,
    0.9985605415270806,
    -0.05360981911377829,
    0.00016935022547841073,
    -0.00015948674556967574,
    0.053609626332092764,
    0.9985619572808246,
    0.0005851780623197556,
    0.0,
    0.0,
    0.0,
    1.0
  ],
  "/cave_1/lmd_root_0/half_0/plane_3/module_4": [
    0.9988462546483071,
    0.022636858861613682,
    -0.04235247567650017,
    -0.001917450866392114,
    -0.022541413749449048,
    0.9997421830518636,
    0.0027298521700280646,
    -0.008086867584111758,
    0.04240335176876123,
    -0.0017720179382386188,
    0.9990990019568637,
    -1.332196407020092e-06,
    0.0,
    0.0,
    0.0,
    1.0
  ],