{
  "/cave_1/lmd_root_0/half_0/plane_0/module_0": [
    0.9997651207443079,
    -0.00838682719237054,
    0.019984105503240375,
    -0.0011961698299273848,
    0.009127976609823616,
    0.9992628323727615,
    -0.03728903164975847,
    -0.006148111153779349,
    -0.01965663720298671,
    0.03746268767736092,
    0.9991046810248957,
    -0.004928672012048345,
    0.0,
    0.0,
    0.0,
    1.0
  ],
  "/cave_1/lmd_root_0/half_0/plane_0/module_1": [
    0.9998143502757088,
    -0.00955969695904229,
    -0.01672953008346935,
    0.0005923667082522899,
    0.00993009179427151,
    0.9997042554957708,
    0.022198982422711535,
    -0.003235656638451523,
    0.016512366872128596,
    -0.022360986957149092,
    0.9996135893446939,
    -0.0037415285542634845,
    0.0,
    0.0,
    0.0,
    1.0
  ],
  "/cave_1/lmd_root_0/half_0/plane_0/module_2": [
    0.9997833815418775,
    -0.00954121665231822,
    0.018497437051715943,
    -0.0033986532059498134,
    0.0075995599803722275,
    0.9947209672274403,
    0.10233496003912983,
    -0.0032217939615270443,
    -0.01937618850015124,
    -0.10217222001551646,
    0.9945780013534924,
    -0.0019622304024710146,
    0.0,
    0.0,
    0.0,
    1.0
  ],
  "/cave_1/lmd_root_0/half_0/plane_0/module_3": [
    0.999970006396472,
    0.006852265817889675,
    0.003610091494756175,
    0.004437620717080086,
    -0.006969312827951515,
    0.999415285418213,
    0.03347410866831163,
    -0.0008849574306086105,
    -0.0033786071310054097,
    -0.03349826451613226,
    0.9994330649364476,
    0.0027789293964985686,
    0.0,
    0.0,
    0.0,
    1.0
  ],
  "/cave_1/lmd_root_0/half_0/plane_0/module_4": [
    0.9997189407311368,
    -0.014388148546199965,
    -0.018841993653171137,
    0.007511809783631948,
    0.013232916995113234,
    0.9981068542096829,
    -0.06006327902679979,
    -0.00106429023457133,
    0.019670522393014905,
    0.059797063147476126,
    0.9980167242024167,
    0.001538218385256751,
    0.0,
    0.0,
    0.0,
    1.0
  ],
  "/cave_1/lmd_root_0/half_0/plane_1/module_0": [
    0.9999903728088195,
    -0.000954873795719685,
    0.004282815162061568,
    3.959814299869801e-06,
    0.0012882577276250632,
    0.9969110732129519,
    -0.07852803637827382,
    -0.0003326560173267579,
    -0.004194601495416565,
    0.0785327977435831,
    0.9969027058830064,
    -0.003535013020031492,
    0.0,
    0.0,
    0.0,
    1.0
  ],
  "/cave_1/lmd_root_0/half_0/plane_1/module_1": [
    0.9989791187786604,
    -0.009260537324970298,
    -0.044214960054985944,
    -0.007898866483347615,
    0.008285139071053257,
    0.9997193767126673,
    -0.022192888406185805,
    -0.0038198623697104496,
    0.04440807037898041,
    0.021803905010088016,
    0.9987755068139821,
    -0.005164693325585289,
    0.0,
    0.0,
    0.0,
    1.0
  ],
  "/cave_1/lmd_root_0/half_0/plane_1/module_2": [
    0.9998872130634021,
    0.0052665132404876676,
    -0.014065027216129561,
    0.006170281484231154,
    -0.005135677752800575,
    0.9999433594741375,
    0.009322159492049837,
    0.002104977193985551,
    0.014113325841986586,
    -0.00924887462687184,
    0.999857626040735,
    -0.0042367025092244145,
    0.0,
    0.0,
    0.0,
    1.0
  ],
  "/cave_1/lmd_root_0/half_0/plane_1/module_3": [
    0.9998641832576289,
    0.007295294416992361,
    -0.014778150016968663,
    -0.005144923373591155,
    -0.0068751000677598545,
    0.9995761866239992,
    0.02828745540486454,
    0.0046843750384632735,
    0.014978252154804955,
    -0.028182012234638457,
    0.9994905833217208,
    -0.0009649803303182125,
    0.0,
    0.0,
    0.0,
    1.0
  ],
  "/cave_1/lmd_root_0/half_0/plane_1/module_4": [
    0.9999739797743225,
    -0.004118622474480497,
    -0.005922560528661012,
    0.0017735830095571316,
    0.004357364008383262,
    0.999154591121956,
    0.04087929083063022,
    0.003706578596290762,
    0.0057491871774534705,
    -0.04090403389434233,
    0.9991465392313427,
    -0.0013886302402968,
    0.0,
    0.0,
    0.0,
    1.0
  ],
  "/cave_1/lmd_root_0/half_0/plane_2/module_0": [
    0.9991751095582218,
    -0.00014109275929470502,
    0.04060887257914022,
    0.0066163737978786235,
    -0.0014662348844202006,
    0.9992165883318639,
    0.03954819537847478,
    -0.007983612948666839,
    -0.04058263907854295,
    -0.039575114595710004,
    0.9983921372437571,
    -0.0002580693861100181,
    0.0,
    0.0,
    0.0,
    1.0
  ],
  "/cave_1/lmd_root_0/half_0/plane_2/module_1": [
    0.998092872609992,
    -0.005452886475741048,
    -0.061488890656906485,
    0.005721454762388021,
    0.002882238394817168,
    0.9991210808739214,
    -0.041818159394724545,
    0.002471728679868528,
    0.06166287657067065,
    0.04156118119603709,
    0.9972313462134151,
    0.0009073281087715235,
    0.0,
    0.0,
    0.0,
    1.0
  ],
  "/cave_1/lmd_root_0/half_0/plane_2/module_2": [
    0.9988335039366693,
    0.0023884858317713203,
    -0.04822786071377312,
    0.0035423923632619415,
    -0.004248673821798469,
    0.9992493663412314,
    -0.03850522870213331,
    0.0017399536608718336,
    0.0480996900650268,
    0.03866521695373057,
    0.9980938937863357,
    0.0021624545054510238,
    0.0,
    0.0,
    0.0,
    1.0
  ],
  "/cave_1/lmd_root_0/half_0/plane_2/module_3": [
    0.999606993361205,
    -0.005045104609517397,
    -0.027575455442315606,
    -5.8318559171486315e-05,
    0.0026967032972707236,
    0.9964159745290601,
    -0.08454545224097017,
    0.00017658596625551583,
    0.02790316495845223,
    0.0844378624953445,
    0.9960379815863041,
    0.001867557626683265,
    0.0,
    0.0,
    0.0,
    1.0
  ],
  "/cave_1/lmd_root_0/half_0/plane_2/module_4": [
    0.9999163914409658,
    -0.0052899047903818865,
    0.011799450622209322,
    0.0067873570392839614,
    0.005073966241168089,
    0.9998204670012211,
    0.018256194347224895,
    -0.002984750475734472,
    -0.011893905761386702,
    -0.018194797959000655,
    0.9997637142510076,
    -0.0030905260311399952,
    0.0,
    0.0,
    0.0,
    1.0
  ],
  "/cave_1/lmd_root_0/half_0/plane_3/module_0": [
    0.9996923627102319,
    -0.006207256041518635,
    0.024013536000953063,
    0.0012710534067416203,
    0.003993973414490012,
    0.9958299539894943,
    0.09114137871266759,
    -0.0046639747740515915,
    -0.0244791363246007,
    -0.091017430801559,
    0.9955483911769859,
    -0.004297411805018783,
    0.0,
    0.0,
    0.0,
    1.0
  ],
  "/cave_1/lmd_root_0/half_0/plane_3/module_1": [
    0.9998238793023493,
    0.004827870003540063,
    -0.018135656812760748,
    -0.0005005200277082622,
    -0.004359383337333968,
    0.9996580409995848,
    0.025783654546838824,
    0.006845071036368609,
    0.018253935294053503,
    -0.02570005323149089,
    0.99950302706404,
    -0.0031975792930461467,
    0.0,
    0.0,
    0.0,
    1.0
  ],
  "/cave_1/lmd_root_0/half_0/plane_3/module_2": [
    0.9998406211403269,
    -0.0012134774497769096,
    0.017811787956413444,
    -0.0007882375403218167,
    0.0013525754916302662,
    0.9999686697962173,
    -0.007799356737774617,
    -0.011508869083331487,
    -0.017801765565942984,
    0.007822205473043527,
    0.9998109372497745,
    -0.0046795892035660395,
    0.0,
    0.0,
    0.0,
    1.0
  ],
  "/cave_1/lmd_root_0/half_0/plane_3/module_3": [
    0.9999996427952096,
    0.0008432930480555434,
    5.715145118759187e-05,
    0.00024914213662578175,
    -0.0008414573356553012,
    0.9996400721518124,
    -0.026814512821819972,
    8.467511273920537e-05,
    -7.974337303838214e-05,
    0.026814455153039693,
    0.9996404246707113,
    0.0002925890311598778,
    0.0,
    0.0,
    0.0,
    1.0
  ],