{
  "/cave_1/lmd_root_0/half_0/plane_0/module_0": [
    0.9962454257344291,
    -0.024377817442419125,
    0.08307089574556338,
    -0.004784679319709539,
    0.03639853723310783,
    0.988552868160689,
    -0.14641848701091545,
    -0.024592444615117396,
    -0.07855060910340694,
    0.14889240701936296,
    0.9857285898975764,
    -0.01971468804819338,
    0.0,
    0.0,
    0.0,
    1.0
  ],
  "/cave_1/lmd_root_0/half_0/plane_0/module_1": [
    0.9970320580909553,
    -0.03366468654175472,
    -0.0692370133596138,
    0.0023694668330091597,
    0.03962938040526887,
    0.9954491745959446,
    0.08666286981716706,
    -0.012942626553806092,
    0.06600444945311211,
    -0.08914947939443142,
    0.9938288499415247,
    -0.014966114217053938,
    0.0,
    0.0,
    0.0,
    1.0
  ],
  "/cave_1/lmd_root_0/half_0/plane_0/module_2": [
    0.9965368484702426,
    -0.05870033495748664,
    0.058894654399831416,
    -0.013594612823799253,
    0.030308285864900576,
    0.9159666690369265,
    0.4001080716773019,
    -0.012887175846108177,
    -0.07743201824134625,
    -0.39693744077533977,
    0.9145736441981014,
    -0.007848921609884058,
    0.0,
    0.0,
    0.0,
    1.0
  ],
  "/cave_1/lmd_root_0/half_0/plane_0/module_3": [
    0.9995201605036355,
    0.02581905751779983,
    0.017112130658666135,
    0.017750482868320344,
    -0.027871479910800197,
    0.9906981622063562,
    0.133192837677294,
    -0.003539829722434442,
    -0.013514042858026556,
    -0.1336058668990276,
    0.9909424014420771,
    0.011115717585994275,
    0.0,
    0.0,
    0.0,
    1.0
  ],
  "/cave_1/lmd_root_0/half_0/plane_0/module_4": [
    0.9955089201908537,
    -0.0700209855957643,
    -0.06371068510570543,
    0.03004723913452779,
    0.052754984025836595,
    0.9691382942451414,
    -0.24080672392616315,
    -0.00425716093828532,
    0.07860598883592977,
    0.23636418553540509,
    0.9684797727961645,
    0.006152873541027004,
    0.0,
    0.0,
    0.0,
    1.0
  ],
  "/cave_1/lmd_root_0/half_0/plane_1/module_0": [
    0.9998459698164008,
    0.0002889074218207135,
    0.01754859465605597,
    1.5839257199479205e-05,
    0.005152329545368906,
    0.9509783495947017,
    -0.3092145405740054,
    -0.0013306240693070316,
    -0.01677766795942922,
    0.3092573283442753,
    0.9508303816786694,
    -0.014140052080125969,
    0.0,
    0.0,
    0.0,
    1.0
  ],
  "/cave_1/lmd_root_0/half_0/plane_1/module_1": [
    0.9837129665848025,
    -0.048445595797886265,
    -0.17309483995981878,
    -0.03159546593339046,
    0.0326453384732157,
    0.9951317117734928,
    -0.09299009677770718,
    -0.015279449478841798,
    0.17675712503007238,
    0.08582482432575084,
    0.9805054912036737,
    -0.020658773302341157,
    0.0,
    0.0,
    0.0,
    1.0
  ],
  "/cave_1/lmd_root_0/half_0/plane_1/module_2": [
    0.9981961279318968,
    0.022616141225392017,
    -0.05561474928327454,
    0.024681125936924616,
    -0.020510673150894648,
    0.9990618162481874,
    0.03814183532252013,
    0.008419908775942205,
    0.056425193563385594,
    -0.03693233638623745,
    0.9977235088241574,
    -0.016946810036897658,
    0.0,
    0.0,
    0.0,
    1.0
  ],
  "/cave_1/lmd_root_0/half_0/plane_1/module_3": [
    0.9978280940166523,
    0.034060497872907436,
    -0.056382419917423064,
    -0.02057969349436462,
    -0.027450889010126826,
    0.993088733754094,
    0.11411054106980577,
    0.018737500153853094,
    0.05987940784316972,
    -0.11231495615161768,
    0.9918668293379972,
    -0.00385992132127285,
    0.0,
    0.0,
    0.0,
    1.0
  ],
  "/cave_1/lmd_root_0/half_0/plane_1/module_4": [
    0.9995837285726512,
    -0.013449918730163296,
    -0.02552389584190347,
    0.007094332038228526,
    0.017424308245287956,
    0.9865522692614684,
    0.162514656253583,
    0.014826314385163047,
    0.022994848444152113,
    -0.16289174227442918,
    0.9863759512700172,
    -0.0055545209611872,
    0.0,
    0.0,
    0.0,
    1.0
  ],
  "/cave_1/lmd_root_0/half_0/plane_2/module_0": [
    0.9868290943239761,
    -0.019715331070978004,
    0.1605604070637674,
    0.026465495191514494,
    -0.005792533494497689,
    0.9876022387522378,
    0.1568702156793404,
    -0.031934451794667355,
    -0.16166256570844123,
    -0.15573414440105737,
    0.9744804211046184,
    -0.0010322775444400723,
    0.0,
    0.0,
    0.0,
    1.0
  ],
  "/cave_1/lmd_root_0/half_0/plane_2/module_1": [
    0.9696324877935263,
    -0.05190444441399,
    -0.2389953289614924,
    0.022885819049552083,
    0.011200675183965041,
    0.9856188740990353,
    -0.16861192097587147,
    0.009886914719474112,
    0.24431001512578285,
    0.16081468735729715,
    0.9562694457313873,
    0.003629312435086094,
    0.0,
    0.0,
    0.0,
    1.0
  ],
  "/cave_1/lmd_root_0/half_0/plane_2/module_2": [
    0.9813921104392528,
    -0.012693730695701063,
    -0.1915943495216247,
    0.014169569453047766,
    -0.01669944872532635,
    0.9883892644464255,
    -0.15102248289352233,
    0.0069598146434873345,
    0.19128683692261647,
    0.15141179322654844,
    0.9697854478656922,
    0.008649818021804095,
    0.0,
    0.0,
    0.0,
    1.0
  ],
  "/cave_1/lmd_root_0/half_0/plane_2/module_3": [
    0.9937182964502463,
    -0.04714600226920729,
    -0.10149483617432137,
    -0.00023327423668594526,
    0.010723658174210978,
    0.942870988769539,
    -0.332985437657737,
    0.0007063438650220633,
    0.11139546873810939,
    0.32980532592240513,
    0.9374537303450411,
    0.00747023050673306,
    0.0,
    0.0,
    0.0,
    1.0
  ],
  "/cave_1/lmd_root_0/half_0/plane_2/module_4": [
    0.9986626883251788,
    -0.02370021068416876,
    0.045947088707043206,
    0.027149428157135846,
    0.020273027997187092,
    0.997076460274466,
    0.07367181755845831,
    -0.011939001902937889,
    -0.04755879816555663,
    -0.07264180876098496,
    0.9962235333181908,
    -0.012362104124559981,
    0.0,
    0.0,
    0.0,
    1.0
  ],
  "/cave_1/lmd_root_0/half_0/plane_3/module_0": [
    0.9950819703582601,
    -0.049794708304240626,
    0.08562919649756483,
    0.005084213626966481,
    0.015903485098942502,
    0.9335600440906929,
    0.3580680427503847,
    -0.018655899096206366,
    -0.09776989019954298,
    -0.35494525085184503,
    0.9297606775230335,
    -0.01718964722007513,
    0.0,
    0.0,
    0.0,
    1.0
  ],
  "/cave_1/lmd_root_0/half_0/plane_3/module_1": [
    0.9971835626730855,
    0.024834996185426166,
    -0.0707683919492493,
    -0.0020020801108330487,
    -0.01739313795275007,
    0.99443591193181,
    0.10389752553601043,
    0.027380284145474436,
    0.07295492503436155,
    -0.10237402026304918,
    0.99206710402493,
    -0.012790317172184587,
    0.0,
    0.0,
    0.0,
    1.0
  ],
  "/cave_1/lmd_root_0/half_0/plane_3/module_2": [
    0.9974509773694488,
    -0.0031822855890999025,
    0.07128408520252491,
    -0.003152950161287267,
    0.005397420598890763,
    0.999507792924856,
    -0.03090371714473147,
    -0.04603547633332595,
    -0.07115065421772378,
    0.031209693060206586,
    0.9969772010750685,
    -0.018718356814264158,
    0.0,
    0.0,
    0.0,
    1.0
  ],
  "/cave_1/lmd_root_0/half_0/plane_3/module_3": [
    0.999994284728637,
    0.003380627420753202,
    -4.322387971948303e-05,
    0.000996568546503127,
    -0.0033658232241555396,
    0.9942462689961726,
    -0.10706553049984915,
    0.00033870045095682147,
    -0.00031897348708264306,
    0.10706506407522691,
    0.9942519652032287,
    0.0011703561246395112,
    0.0,
    0.0,
    0.0,
    1.0
  ],
  "/cave_1/lmd_root_0/half_0/plane_3/module_4": [
    0.9953895113689556,
    0.04541189435983717,
    -0.08448361087999673,
    -0.003834901732784228,
    -0.0449497001563314,
    0.9989620950818447,
    0.007365938198717532,
    -0.016173735168223517,
    0.0847304261321021,
    -0.0035344646472153392,
    0.9963976427346314,
    -2.664392814040184e-06,
    0.0,
    0.0,
    0.0,
    1.0
  ],