{
  "0": [
    0.9999951334189012,
    -0.0031197978322235333,
    0.0,
    0.0071973544867079495,
    0.003119797832223535,
    0.9999951334189011,
    0.0,
    0.0017913127441830032,
    0.0,
    0.0,
    1.0,
    0.0,
    0.0,
    0.0,
    0.0,
    1.0
  ],
  "1": [
    0.9999994645708927,
    0.0010348226553000238,
    0.0,
    -0.0035822831060111065,
    -0.0010348226553000236,
    0.9999994645708926,
    0.0,
    0.006426094711650256,
    0.0,
    0.0,
    1.0,
    0.0,
    0.0,
    0.0,
    0.0,
    1.0
  ],
  "2": [
    0.9999004760657428,
    -0.014108081496117296,
    0.0,
    0.007652940237398188,
    0.014108081496117296,
    0.9999004760657427,
    0.0,
    0.0059753635486251,
    0.0,
    0.0,
    1.0,
    0.0,
    0.0,
    0.0,
    0.0,
    1.0
  ],
  "3": [
    0.9998835711679824,
    -0.015259230267696494,
    0.0,
    0.005730580099704726,
    0.015259230267696496,
    0.9998835711679824,
    0.0,
    -0.0009988142659212614,
    0.0,
    0.0,
    1.0,
    0.0,
    0.0,
    0.0,
    0.0,
    1.0
  ],
  "4": [
    0.9999912200788059,
    -0.004190437363951384,
    0.0,
    0.017996623052154295,
    0.004190437363951383,
    0.9999912200788059,
    0.0,
    0.00927927608907568,
    0.0,
    0.0,
    1.0,
    0.0,
    0.0,
    0.0,
    0.0,
    1.0
  ],
  "5": [
    0.9999060907344206,
    0.013704368362259496,
    0.0,
    -0.005829319868950185,
    -0.013704368362259496,
    0.9999060907344205,
    0.0,
    0.01374152980748155,
    0.0,
    0.0,
    1.0,
    0.0,
    0.0,
    0.0,
    0.0,
    1.0
  ],
  "6": [
    0.9999832353667244,
    0.00579042187566772,
    0.0,
    0.0009552816303053304,
    -0.005790421875667718,
    0.9999832353667244,
    0.0,
    0.005266752992537168,
    0.0,
    0.0,
    1.0,
    0.0,
    0.0,
    0.0,
    0.0,
    1.0
  ],
  "7": [
    0.9997365726983932,
    0.02295180187415827,
    0.0,
    -0.0010343408416138944,
    -0.02295180187415827,
    0.9997365726983931,
    0.0,
    0.026482780346703805,
    0.0,
    0.0,
    1.0,
    0.0,
    0.0,
    0.0,
    0.0,
    1.0
  ],
  "8": [
    0.9999900872849627,
    0.0044525646331638425,
    0.0,
    0.01652967252740486,
    -0.004452564633163841,
    0.9999900872849627,
    0.0,
    -0.005784441151674985,
    0.0,
    0.0,
    1.0,
    0.0,
    0.0,
    0.0,
    0.0,
    1.0
  ],
  "9": [
    0.9999824539161974,
    -0.00592383826078122,
    0.0,
    0.0013381312618511434,
    0.0059238382607812185,
    0.9999824539161974,
    0.0,
    -0.013112643155041324,
    0.0,
    0.0,
    1.0,
    0.0,
    0.0,
    0.0,
    0.0,
    1.0
  ]
}