{
  "0": [
    0.9998531066851046,
    0.017139575611573848,
    0.0,
    -0.01993195609876182,
    -0.017139575611573844,
    0.9998531066851045,
    0.0,
    0.00960623736118238,
    0.0,
    0.0,
    1.0,
    0.0,
    0.0,
    0.0,
    0.0,
    1.0
  ],
  "1": [
    0.999994472257563,
    -0.0033249743334820663,
    0.0,
    0.008748883677254122,
    0.003324974333482067,
    0.999994472257563,
    0.0,
    -0.012769489939525182,
    0.0,
    0.0,
    1.0,
    0.0,
    0.0,
    0.0,
    0.0,
    1.0
  ],
  "2": [
    0.9999996210292079,
    0.0008705983233904033,
    0.0,
    -0.005822917274994583,
    -0.0008705983233904041,
    0.9999996210292079,
    0.0,
    -0.00922697062160741,
    0.0,
    0.0,
    1.0,
    0.0,
    0.0,
    0.0,
    0.0,
    1.0
  ],
  "3": [
    0.99996686818335,
    -0.008140180316353118,
    0.0,
    0.015454639522599078,
    0.008140180316353116,
    0.99996686818335,
    0.0,
    0.00046737629701697897,
    0.0,
    0.0,
    1.0,
    0.0,
    0.0,
    0.0,
    0.0,
    1.0
  ],
  "4": [
    0.9999773327294641,
    0.006733054824267172,
    0.0,
    0.0033397089532073865,
    -0.006733054824267172,
    0.9999773327294641,
    0.0,
    0.01616866116813355,
    0.0,
    0.0,
    1.0,
    0.0,
    0.0,
    0.0,
    0.0,
    1.0
  ],
  "5": [
    0.9999603060477968,
    -0.008909900605307308,
    0.0,
    0.020908258773180626,
    0.008909900605307308,
    0.9999603060477967,
    0.0,
    0.011604930860098065,
    0.0,
    0.0,
    1.0,
    0.0,
    0.0,
    0.0,
    0.0,
    1.0
  ],
  "6": [
    0.999907221024587,
    0.013621649785828756,
    0.0,
    0.007744239507027273,
    -0.013621649785828754,
    0.999907221024587,
    0.0,
    0.005973647114678391,
    0.0,
    0.0,
    1.0,
    0.0,
    0.0,
    0.0,
    0.0,
    1.0
  ],
  "7": [
    0.9999710783206952,
    -0.007605427150797292,
    0.0,
    -0.0024757464972952675,
    0.007605427150797292,
    0.9999710783206952,
    0.0,
    0.011106013101708726,
    0.0,
    0.0,
    1.0,
    0.0,
    0.0,
    0.0,
    0.0,
    1.0
  ],
  "8": [
    0.9999838946503057,
    -0.0056754242137666685,
    0.0,
    0.004466464305894156,
    0.0056754242137666685,
    0.9999838946503057,
    0.0,
    0.00709979301017296,
    0.0,
    0.0,
    1.0,
    0.0,
    0.0,
    0.0,
    0.0,
    1.0
  ],
  "9": [
    0.9999163155461153,
    0.012936842917859289,
    0.0,
    0.0023448139534443676,
    -0.01293684291785929,
    0.9999163155461154,
    0.0,
    0.005170567418202557,
    0.0,
    0.0,
    1.0,
    0.0,
    0.0,
    0.0,
    0.0,
    1.0
  ]
}