{
  "0": [
    0.9999501929731431,
    -0.009980559752535688,
    0.0,
    0.008135586063891536,
    0.00998055975253569,
    0.9999501929731431,
    0.0,
    0.004131456810582227,
    0.0,
    0.0,
    1.0,
    0.0,
    0.0,
    0.0,
    0.0,
    1.0
  ],
  "1": [
    0.9996930187089781,
    0.02477636665313118,
    0.0,
    0.0026178325973122136,
    -0.024776366653131182,
    0.9996930187089782,
    0.0,
    0.008049932533000933,
    0.0,
    0.0,
    1.0,
    0.0,
    0.0,
    0.0,
    0.0,
    1.0
  ],
  "2": [
    0.9999963025944649,
    0.002719337676577828,
    0.0,
    0.007802119164647615,
    -0.0027193376765778294,
    0.999996302594465,
    0.0,
    -0.018840441621224228,
    0.0,
    0.0,
    1.0,
    0.0,
    0.0,
    0.0,
    0.0,
    1.0
  ],
  "3": [
    0.9999939695120577,
    -0.0034728863381715625,
    0.0,
    -0.011423558440638025,
    0.0034728863381715625,
    0.9999939695120577,
    0.0,
    0.00866384666581443,
    0.0,
    0.0,
    1.0,
    0.0,
    0.0,
    0.0,
    0.0,
    1.0
  ],
  "4": [
    0.9999977772675805,
    0.0021084259290109204,
    0.0,
    0.00951551450554775,
    -0.0021084259290109196,
    0.9999977772675808,
    0.0,
    -0.02804862757526992,
    0.0,
    0.0,
    1.0,
    0.0,
    0.0,
    0.0,
    0.0,
    1.0
  ],
  "5": [
    0.9999974609374279,
    -0.002253468148719068,
    0.0,
    -0.012151277158356642,
    0.002253468148719068,
    0.9999974609374279,
    0.0,
    0.0023844330146401537,
    0.0,
    0.0,
    1.0,
    0.0,
    0.0,
    0.0,
    0.0,
    1.0
  ],
  "6": [
    0.9999834357028007,
    0.005755720634517656,
    0.0,
    -0.0005223278640120947,
    -0.005755720634517655,
    0.9999834357028007,
    0.0,
    0.0007665643206077261,
    0.0,
    0.0,
    1.0,
    0.0,
    0.0,
    0.0,
    0.0,
    1.0
  ],
  "7": [
    0.9999918541560172,
    -0.004036288098114407,
    0.0,
    0.0029128745676027445,
    0.004036288098114408,
    0.9999918541560172,
    0.0,
    -0.0091857491692052,
    0.0,
    0.0,
    1.0,
    0.0,
    0.0,
    0.0,
    0.0,
    1.0
  ],
  "8": [
    0.9999955282777485,
    0.002990555885896541,
    0.0,
    -0.0005114169334498281,
    -0.0029905558858965412,
    0.9999955282777485,
    0.0,
    0.004394216654811711,
    0.0,
    0.0,
    1.0,
    0.0,
    0.0,
    0.0,
    0.0,
    1.0
  ],
  "9": [
    0.9999952263949083,
    -0.0030898523259394635,
    0.0,
    -0.00394089999976696,
    0.0030898523259394635,
    0.9999952263949083,
    0.0,
    -0.003144948567352867,
    0.0,
    0.0,
    1.0,
    0.0,
    0.0,
    0.0,
    0.0,
    1.0
  ]
}