{
  "0": [
    0.9999366267703256,
    -0.011257994634150368,
    0.0,
    -0.008755549221968927,
    0.011257994634150368,
    0.9999366267703256,
    0.0,
    0.003443486806429863,
    0.0,
    0.0,
    1.0,
    0.0,
    0.0,
    0.0,
    0.0,
    1.0
  ],
  "1": [
    0.9998437313716804,
    0.017678032604195818,
    0.0,
    -0.0036633148279365153,
    -0.01767803260419582,
    0.9998437313716804,
    0.0,
    -0.027380650015266125,
    0.0,
    0.0,
    1.0,
    0.0,
    0.0,
    0.0,
    0.0,
    1.0
  ],
  "2": [
    0.9999735830784611,
    0.007268641222676443,
    0.0,
    0.008634940875457008,
    -0.007268641222676443,
    0.9999735830784611,
    0.0,
    -0.00732162678560399,
    0.0,
    0.0,
    1.0,
    0.0,
    0.0,
    0.0,
    0.0,
    1.0
  ],
  "3": [
    0.999923085005637,
    -0.012402583311944495,
    0.0,
    0.006785733131369108,
    0.012402583311944493,
    0.9999230850056369,
    0.0,
    -0.018282699531675706,
    0.0,
    0.0,
    1.0,
    0.0,
    0.0,
    0.0,
    0.0,
    1.0
  ],
  "4": [
    0.9999659000704514,
    0.008258250195521094,
    0.0,
    0.011954662944155585,
    -0.008258250195521092,
    0.9999659000704514,
    0.0,
    0.0018808122777692806,
    0.0,
    0.0,
    1.0,
    0.0,
    0.0,
    0.0,
    0.0,
    1.0
  ],
  "5": [
    0.9999994352039513,
    -0.0010628225526451123,
    0.0,
    0.007784528978117737,
    0.0010628225526451117,
    0.9999994352039514,
    0.0,
    0.007016793652224148,
    0.0,
    0.0,
    1.0,
    0.0,
    0.0,
    0.0,
    0.0,
    1.0
  ],
  "6": [
    0.9999038464558652,
    0.013867149770785604,
    0.0,
    0.00826726582511902,
    -0.013867149770785604,
    0.9999038464558653,
    0.0,
    -0.013974240418988624,
    0.0,
    0.0,
    1.0,
    0.0,
    0.0,
    0.0,
    0.0,
    1.0
  ],
  "7": [
    0.9999998920251093,
    -0.00046470395946783126,
    0.0,
    -0.00036989783711551623,
    0.00046470395946783007,
    0.9999998920251092,
    0.0,
    -0.003523577105993306,
    0.0,
    0.0,
    1.0,
    0.0,
    0.0,
    0.0,
    0.0,
    1.0
  ],
  "8": [
    0.9997398678235538,
    0.02280782067939112,
    0.0,
    0.008150204345265885,
    -0.022807820679391116,
    0.9997398678235537,
    0.0,
    0.005081416736641739,
    0.0,
    0.0,
    1.0,
    0.0,
    0.0,
    0.0,
    0.0,
    1.0
  ],
  "9": [
    0.9999785646852,
    -0.006547531605655799,
    0.0,
    -0.01689870186556389,
    0.0065475316056557995,
    0.9999785646852002,
    0.0,
    -0.004743990887990387,
    0.0,
    0.0,
    1.0,
    0.0,
    0.0,
    0.0,
    0.0,
    1.0
  ]
}