{
  "0": [
    0.9999999993753148,
    -3.534643321224989e-05,
    0.0,
    -0.0008909796764755281,
    3.534643321225e-05,
    0.9999999993753148,
    0.0,
    -0.00021354831436052815,
    0.0,
    0.0,
    1.0,
    0.0,
    0.0,
    0.0,
    0.0,
    1.0
  ],
  "1": [
    0.9999997214487218,
    -0.000746392978527708,
    0.0,
    -0.0028670078564279828,
    0.0007463929785277081,
    0.9999997214487221,
    0.0,
    0.0005630676218796111,
    0.0,
    0.0,
    1.0,
    0.0,
    0.0,
    0.0,
    0.0,
    1.0
  ],
  "2": [
    0.9999985109797065,
    0.0017256993857779814,
    0.0,
    0.0019864633941743134,
    -0.0017256993857779814,
    0.9999985109797063,
    0.0,
    -0.0005564590486276818,
    0.0,
    0.0,
    1.0,
    0.0,
    0.0,
    0.0,
    0.0,
    1.0
  ],
  "3": [
    0.9999994740587476,
    0.0010256130986977742,
    0.0,
    0.0003394960641374732,
    -0.0010256130986977744,
    0.9999994740587477,
    0.0,
    -9.402665734265149e-05,
    0.0,
    0.0,
    1.0,
    0.0,
    0.0,
    0.0,
    0.0,
    1.0
  ],
  "4": [
    0.9999992444481159,
    -0.0012292693753615752,
    0.0,
    -0.0007704843384176127,
    0.0012292693753615754,
    0.999999244448116,
    0.0,
    -0.0004218218076162311,
    0.0,
    0.0,
    1.0,
    0.0,
    0.0,
    0.0,
    0.0,
    1.0
  ],
  "5": [
    0.999997201440473,
    -0.002365821468878056,
    0.0,
    0.00022839146195369046,
    0.002365821468878056,
    0.9999972014404729,
    0.0,
    -0.0006792625642021579,
    0.0,
    0.0,
    1.0,
    0.0,
    0.0,
    0.0,
    0.0,
    1.0
  ],
  "6": [
    0.999999148568136,
    -0.0013049379309124638,
    0.0,
    0.00022878146503594094,
    0.0013049379309124638,
    0.9999991485681359,
    0.0,
    0.0005332365389636138,
    0.0,
    0.0,
    1.0,
    0.0,
    0.0,
    0.0,
    0.0,
    1.0
  ],
  "7": [
    0.9999997586131746,
    0.0006948191077995697,
    0.0,
    -0.0005983860107614668,
    -0.0006948191077995697,
    0.9999997586131746,
    0.0,
    -0.0026443640753946594,
    0.0,
    0.0,
    1.0,
    0.0,
    0.0,
    0.0,
    0.0,
    1.0
  ],
  "8": [
    0.999999436410663,
    0.0010616865621976305,
    0.0,
    -0.00018142440099485236,
    -0.0010616865621976307,
    0.9999994364106629,
    0.0,
    -0.001292641497311243,
    0.0,
    0.0,
    1.0,
    0.0,
    0.0,
    0.0,
    0.0,
    1.0
  ],
  "9": [
    0.9999981976470432,
    0.0018986054527181631,
    0.0,
    0.0022914913275347624,
    -0.0018986054527181625,
    0.9999981976470432,
    0.0,
    0.0011247386369837087,
    0.0,
    0.0,
    1.0,
    0.0,
    0.0,
    0.0,
    0.0,
    1.0
  ]
}