{
  "0": [
    0.9999997835407017,
    -0.0006579654624917099,
    0.0,
    0.001659763382126105,
    0.0006579654624917099,
    0.9999997835407017,
    0.0,
    -0.00122883745747923,
    0.0,
    0.0,
    1.0,
    0.0,
    0.0,
    0.0,
    0.0,
    1.0
  ],
  "1": [
    0.9999997042468978,
    -0.0007690943487373461,
    0.0,
    0.002588856340926083,
    0.0007690943487373461,
    0.9999997042468975,
    0.0,
    -0.0008989050582378623,
    0.0,
    0.0,
    1.0,
    0.0,
    0.0,
    0.0,
    0.0,
    1.0
  ],
  "2": [
    0.9999978765075421,
    0.0020608203237602826,
    0.0,
    0.0025689960516936377,
    -0.0020608203237602826,
    0.999997876507542,
    0.0,
    0.0020722311653384824,
    0.0,
    0.0,
    1.0,
    0.0,
    0.0,
    0.0,
    0.0,
    1.0
  ],
  "3": [
    0.9999994657307325,
    -0.001033701237904056,
    0.0,
    0.002132326742892072,
    0.0010337012379040562,
    0.9999994657307326,
    0.0,
    -0.0010928920342590219,
    0.0,
    0.0,
    1.0,
    0.0,
    0.0,
    0.0,
    0.0,
    1.0
  ],
  "4": [
    0.9999955765164666,
    0.0029743818684826004,
    0.0,
    -0.0005466443492252725,
    -0.0029743818684826004,
    0.9999955765164669,
    0.0,
    0.0016435591896102161,
    0.0,
    0.0,
    1.0,
    0.0,
    0.0,
    0.0,
    0.0,
    1.0
  ],
  "5": [
    0.9999997704764074,
    -0.0006775301706744557,
    0.0,
    -0.0009803495760800102,
    0.0006775301706744556,
    0.9999997704764075,
    0.0,
    -0.001471662625844178,
    0.0,
    0.0,
    1.0,
    0.0,
    0.0,
    0.0,
    0.0,
    1.0
  ],
  "6": [
    0.9999998997743544,
    0.0004477178590523561,
    0.0,
    -0.003025348728513618,
    -0.00044771785905235614,
    0.9999998997743544,
    0.0,
    0.0009733033814378271,
    0.0,
    0.0,
    1.0,
    0.0,
    0.0,
    0.0,
    0.0,
    1.0
  ],
  "7": [
    0.9999974985188179,
    -0.0022367288853677217,
    0.0,
    0.0016565502717683792,
    0.0022367288853677226,
    0.9999974985188179,
    0.0,
    -6.489377513435074e-05,
    0.0,
    0.0,
    1.0,
    0.0,
    0.0,
    0.0,
    0.0,
    1.0
  ],
  "8": [
    0.9999995981828536,
    0.0008964564301887221,
    0.0,
    -0.001140329887649297,
    -0.0008964564301887222,
    0.9999995981828536,
    0.0,
    0.0012331576557488544,
    0.0,
    0.0,
    1.0,
    0.0,
    0.0,
    0.0,
    0.0,
    1.0
  ],
  "9": [
    0.9999993793234228,
    -0.001114160118443278,
    0.0,
    0.0004899735917802176,
    0.001114160118443278,
    0.9999993793234225,
    0.0,
    -0.0014303538311040036,
    0.0,
    0.0,
    1.0,
    0.0,
    0.0,
    0.0,
    0.0,
    1.0
  ]
}