{
  "0": [
    0.9999991127943015,
    0.0013320700469591211,
    0.0,
    -0.003259993786448017,
    -0.0013320700469591218,
    0.9999991127943015,
    0.0,
    0.00573420988346651,
    0.0,
    0.0,
    1.0,
    0.0,
    0.0,
    0.0,
    0.0,
    1.0
  ],
  "1": [
    0.9999740260648707,
    0.00720744029550811,
    0.0,
    0.0063157245507707,
    -0.00720744029550811,
    0.9999740260648707,
    0.0,
    0.004413409896145614,
    0.0,
    0.0,
    1.0,
    0.0,
    0.0,
    0.0,
    0.0,
    1.0
  ],
  "2": [
    0.9999989073351254,
    -0.0014782856811736819,
    0.0,
    0.004329299606798866,
    0.0014782856811736819,
    0.9999989073351254,
    0.0,
    -0.012078866436669328,
    0.0,
    0.0,
    1.0,
    0.0,
    0.0,
    0.0,
    0.0,
    1.0
  ],
  "3": [
    0.9999988475874363,
    0.0015181646154131562,
    0.0,
    0.008455307539164514,
    -0.001518164615413156,
    0.9999988475874363,
    0.0,
    -0.0030987878490628465,
    0.0,
    0.0,
    1.0,
    0.0,
    0.0,
    0.0,
    0.0,
    1.0
  ],
  "4": [
    0.9998925504635848,
    -0.014659042514017768,
    0.0,
    0.005296244736226016,
    0.014659042514017766,
    0.9998925504635847,
    0.0,
    -0.004483247881863621,
    0.0,
    0.0,
    1.0,
    0.0,
    0.0,
    0.0,
    0.0,
    1.0
  ],
  "5": [
    0.9999977967939981,
    -0.0020991443851279762,
    0.0,
    -0.0013601338813370406,
    0.0020991443851279754,
    0.9999977967939981,
    0.0,
    0.005719765056178666,
    0.0,
    0.0,
    1.0,
    0.0,
    0.0,
    0.0,
    0.0,
    1.0
  ],
  "6": [
    0.9999343898047783,
    0.011454959002350919,
    0.0,
    0.0049975728598554425,
    -0.011454959002350919,
    0.9999343898047783,
    0.0,
    0.007613646861565605,
    0.0,
    0.0,
    1.0,
    0.0,
    0.0,
    0.0,
    0.0,
    1.0
  ],
  "7": [
    0.99999992854899,
    0.00037802382878897127,
    0.0,
    -0.0027162461530346447,
    -0.0003780238287889707,
    0.99999992854899,
    0.0,
    0.004410169803737015,
    0.0,
    0.0,
    1.0,
    0.0,
    0.0,
    0.0,
    0.0,
    1.0
  ],
  "8": [
    0.9999906898095006,
    0.004315123905381812,
    0.0,
    -0.0013207867556659695,
    -0.004315123905381812,
    0.9999906898095006,
    0.0,
    0.002590102186749285,
    0.0,
    0.0,
    1.0,
    0.0,
    0.0,
    0.0,
    0.0,
    1.0
  ],
  "9": [
    0.9998984571681026,
    -0.01425045096998954,
    0.0,
    -0.001519782526725536,
    0.01425045096998954,
    0.9998984571681026,
    0.0,
    0.005955794438507711,
    0.0,
    0.0,
    1.0,
    0.0,
    0.0,
    0.0,
    0.0,
    1.0
  ]
}