{
  "0": [
    0.9999964249171073,
    0.0026739770014478537,
    0.0,
    -0.0013978604403990908,
    -0.0026739770014478537,
    0.9999964249171074,
    0.0,
    -0.008131251812256912,
    0.0,
    0.0,
    1.0,
    0.0,
    0.0,
    0.0,
    0.0,
    1.0
  ],
  "1": [
    0.9999459346736482,
    -0.010398448424832738,
    0.0,
    -0.0017142895349535909,
    0.01039844842483274,
    0.9999459346736482,
    0.0,
    -0.009323216817960094,
    0.0,
    0.0,
    1.0,
    0.0,
    0.0,
    0.0,
    0.0,
    1.0
  ],
  "2": [
    0.9999974674021553,
    -0.002250597537338202,
    0.0,
    -0.0017918087386507532,
    0.002250597537338203,
    0.9999974674021554,
    0.0,
    0.006035618177845797,
    0.0,
    0.0,
    1.0,
    0.0,
    0.0,
    0.0,
    0.0,
    1.0
  ],
  "3": [
    0.9999858733956084,
    -0.005315355982639477,
    0.0,
    0.007911396945924543,
    0.005315355982639475,
    0.9999858733956084,
    0.0,
    0.00579216912496395,
    0.0,
    0.0,
    1.0,
    0.0,
    0.0,
    0.0,
    0.0,
    1.0
  ],
  "4": [
    0.9998888040307472,
    -0.014912396653837184,
    0.0,
    0.0063956645983392,
    0.014912396653837184,
    0.9998888040307473,
    0.0,
    0.015219692629206577,
    0.0,
    0.0,
    1.0,
    0.0,
    0.0,
    0.0,
    0.0,
    1.0
  ],
  "5": [
    0.9999726951449192,
    -0.007389787859362216,
    0.0,
    0.0030077903385869608,
    0.007389787859362217,
    0.9999726951449192,
    0.0,
    -0.011953777450088587,
    0.0,
    0.0,
    1.0,
    0.0,
    0.0,
    0.0,
    0.0,
    1.0
  ],
  "6": [
    0.9999385760754634,
    0.01108350468826734,
    0.0,
    -0.0039073621041333505,
    -0.011083504688267338,
    0.9999385760754633,
    0.0,
    -0.004700085489568606,
    0.0,
    0.0,
    1.0,
    0.0,
    0.0,
    0.0,
    0.0,
    1.0
  ],
  "7": [
    0.9999027609080688,
    -0.013945204495499913,
    0.0,
    0.0055227299854126695,
    0.013945204495499913,
    0.999902760908069,
    0.0,
    -0.0012525529692831222,
    0.0,
    0.0,
    1.0,
    0.0,
    0.0,
    0.0,
    0.0,
    1.0
  ],
  "8": [
    0.9999936870292427,
    0.003553294479902611,
    0.0,
    0.00409558040072113,
    -0.0035532944799026114,
    0.9999936870292427,
    0.0,
    0.00030105809884127164,
    0.0,
    0.0,
    1.0,
    0.0,
    0.0,
    0.0,
    0.0,
    1.0
  ],
  "9": [
    0.9996118257546791,
    0.02786032683578755,
    0.0,
    0.014709820545613558,
    -0.027860326835787555,
    0.9996118257546791,
    0.0,
    -0.010598948472058013,
    0.0,
    0.0,
    1.0,
    0.0,
    0.0,
    0.0,
    0.0,
    1.0
  ]
}