{
  "0": [
    0.9982175633867186,
    -0.059679947606233484,
    0.0,
    -0.021690340541476463,
    0.05967994760623349,
    0.9982175633867185,
    0.0,
    0.00020963215387477356,
    0.0,
    0.0,
    1.0,
    0.0,
    0.0,
    0.0,
    0.0,
    1.0
  ],
  "1": [
    0.9997760639195182,
    0.02116180553723237,
    0.0,
    0.02106673544242882,
    -0.02116180553723236,
    0.9997760639195181,
    0.0,
    0.02135415500167419,
    0.0,
    0.0,
    1.0,
    0.0,
    0.0,
    0.0,
    0.0,
    1.0
  ],
  "2": [
    0.9996498249687781,
    0.02646181097149749,
    0.0,
    0.013724197888918993,
    -0.026461810971497492,
    0.9996498249687782,
    0.0,
    -0.021320257762445418,
    0.0,
    0.0,
    1.0,
    0.0,
    0.0,
    0.0,
    0.0,
    1.0
  ],
  "3": [
    0.9999864970111961,
    0.0051967100435922385,
    0.0,
    0.004241642797342824,
    -0.005196710043592237,
    0.9999864970111959,
    0.0,
    0.006278759131871035,
    0.0,
    0.0,
    1.0,
    0.0,
    0.0,
    0.0,
    0.0,
    1.0
  ],
  "4": [
    0.9994515226177579,
    -0.033115765687140024,
    0.0,
    -0.0017646593271730127,
    0.033115765687140024,
    0.9994515226177578,
    0.0,
    -0.00688808433617367,
    0.0,
    0.0,
    1.0,
    0.0,
    0.0,
    0.0,
    0.0,
    1.0
  ],
  "5": [
    0.9999060853681595,
    0.013704759892951272,
    0.0,
    -0.004708472753544588,
    -0.013704759892951272,
    0.9999060853681594,
    0.0,
    0.005629261006292431,
    0.0,
    0.0,
    1.0,
    0.0,
    0.0,
    0.0,
    0.0,
    1.0
  ],
  "6": [
    0.9997181300465682,
    -0.023741534411091746,
    0.0,
    0.012732665127962546,
    0.023741534411091742,
    0.9997181300465681,
    0.0,
    -0.0038547226533041986,
    0.0,
    0.0,
    1.0,
    0.0,
    0.0,
    0.0,
    0.0,
    1.0
  ],
  "7": [
    0.9998558500074994,
    0.016978786934898845,
    0.0,
    0.014551026670581689,
    -0.01697878693489884,
    0.9998558500074993,
    0.0,
    0.01899742041290177,
    0.0,
    0.0,
    1.0,
    0.0,
    0.0,
    0.0,
    0.0,
    1.0
  ],
  "8": [
    0.9999615695483471,
    -0.008766950804359682,
    0.0,
    0.01459501933367461,
    0.008766950804359682,
    0.9999615695483473,
    0.0,
    0.0323619432469829,
    0.0,
    0.0,
    1.0,
    0.0,
    0.0,
    0.0,
    0.0,
    1.0
  ],
  "9": [
    0.999701995337648,
    -0.024411483320874956,
    0.0,
    -0.0023509565622156867,
    0.024411483320874953,
    0.999701995337648,
    0.0,
    0.006753769714905645,
    0.0,
    0.0,
    1.0,
    0.0,
    0.0,
    0.0,
    0.0,
    1.0
  ]
}