{
  "0": [
    0.9999818814554705,
    -0.006019697731412084,
    0.0,
    0.008011657226959238,
    0.006019697731412084,
    0.9999818814554705,
    0.0,
    -0.0036138360944460383,
    0.0,
    0.0,
    1.0,
    0.0,
    0.0,
    0.0,
    0.0,
    1.0
  ],
  "1": [
    0.999996354461457,
    -0.00270019699205052,
    0.0,
    -0.006329095532332327,
    0.0027001969920505205,
    0.9999963544614571,
    0.0,
    -0.004447905513968247,
    0.0,
    0.0,
    1.0,
    0.0,
    0.0,
    0.0,
    0.0,
    1.0
  ],
  "2": [
    0.9999927018459664,
    -0.0038205045221802575,
    0.0,
    -0.00427096471543386,
    0.0038205045221802575,
    0.9999927018459664,
    0.0,
    -0.002546138118399095,
    0.0,
    0.0,
    1.0,
    0.0,
    0.0,
    0.0,
    0.0,
    1.0
  ],
  "3": [
    0.9999906650373669,
    0.0043208608082579225,
    0.0,
    -0.00872794869701987,
    -0.004320860808257923,
    0.999990665037367,
    0.0,
    0.006190705711548231,
    0.0,
    0.0,
    1.0,
    0.0,
    0.0,
    0.0,
    0.0,
    1.0
  ],
  "4": [
    0.999991827229677,
    -0.0040429536049461255,
    0.0,
    0.0074575815602532,
    0.0040429536049461255,
    0.999991827229677,
    0.0,
    -0.005557479778603644,
    0.0,
    0.0,
    1.0,
    0.0,
    0.0,
    0.0,
    0.0,
    1.0
  ],
  "5": [
    0.9999977241909139,
    -0.0021334509586031594,
    0.0,
    0.0037359013853504957,
    0.002133450958603159,
    0.999997724190914,
    0.0,
    0.014148798492638318,
    0.0,
    0.0,
    1.0,
    0.0,
    0.0,
    0.0,
    0.0,
    1.0
  ],
  "6": [
    0.999993568137646,
    -0.0035865977386996635,
    0.0,
    9.794551014422038e-05,
    0.0035865977386996648,
    0.9999935681376461,
    0.0,
    0.005701375193967261,
    0.0,
    0.0,
    1.0,
    0.0,
    0.0,
    0.0,
    0.0,
    1.0
  ],
  "7": [
    0.9999846320724431,
    -0.005543971405047331,
    0.0,
    0.005289562833026612,
    0.00554397140504733,
    0.9999846320724433,
    0.0,
    -0.002592037181285946,
    0.0,
    0.0,
    1.0,
    0.0,
    0.0,
    0.0,
    0.0,
    1.0
  ],
  "8": [
    0.9999758587644549,
    -0.0069485169850097474,
    0.0,
    0.00315109894050745,
    0.0069485169850097474,
    0.9999758587644549,
    0.0,
    0.0011316365147530636,
    0.0,
    0.0,
    1.0,
    0.0,
    0.0,
    0.0,
    0.0,
    1.0
  ],
  "9": [
    0.9999890931376868,
    0.004670503791517868,
    0.0,
    0.008655377973699165,
    -0.004670503791517869,
    0.9999890931376868,
    0.0,
    -0.0047404111505835395,
    0.0,
    0.0,
    1.0,
    0.0,
    0.0,
    0.0,
    0.0,
    1.0
  ]
}