{
  "0": [
    0.9998971384269316,
    -0.014342683348451369,
    0.0,
    0.010492505414655531,
    0.014342683348451365,
    0.9998971384269315,
    0.0,
    0.010158238756895423,
    0.0,
    0.0,
    1.0,
    0.0,
    0.0,
    0.0,
    0.0,
    1.0
  ],
  "1": [
    0.9999806387685302,
    -0.006222707455945463,
    0.0,
    -0.009343494953789746,
    0.006222707455945464,
    0.9999806387685302,
    0.0,
    8.478596266801343e-05,
    0.0,
    0.0,
    1.0,
    0.0,
    0.0,
    0.0,
    0.0,
    1.0
  ],
  "2": [
    0.9998786037435615,
    -0.01558132779406555,
    0.0,
    -0.004991595966121689,
    0.01558132779406555,
    0.9998786037435615,
    0.0,
    0.010473049650186233,
    0.0,
    0.0,
    1.0,
    0.0,
    0.0,
    0.0,
    0.0,
    1.0
  ],
  "3": [
    0.999740678386118,
    -0.022772263393533176,
    0.0,
    -0.009320066465438412,
    0.022772263393533172,
    0.9997406783861179,
    0.0,
    -0.03683279268488934,
    0.0,
    0.0,
    1.0,
    0.0,
    0.0,
    0.0,
    0.0,
    1.0
  ],
  "4": [
    0.9997906864133915,
    0.020459309886688228,
    0.0,
    -0.018380716075045957,
    -0.020459309886688228,
    0.9997906864133915,
    0.0,
    0.009658864623380718,
    0.0,
    0.0,
    1.0,
    0.0,
    0.0,
    0.0,
    0.0,
    1.0
  ],
  "5": [
    0.9998216289450709,
    0.018886775628061896,
    0.0,
    -0.01296971299096336,
    -0.018886775628061896,
    0.999821628945071,
    0.0,
    0.0035169275424845837,
    0.0,
    0.0,
    1.0,
    0.0,
    0.0,
    0.0,
    0.0,
    1.0
  ],
  "6": [
    0.9995879847326211,
    -0.028702975075368647,
    0.0,
    0.002433252207129961,
    0.028702975075368644,
    0.9995879847326211,
    0.0,
    0.008062129964598614,
    0.0,
    0.0,
    1.0,
    0.0,
    0.0,
    0.0,
    0.0,
    1.0
  ],
  "7": [
    0.9999993026554382,
    0.001180969363481612,
    0.0,
    -0.0014485588828927415,
    -0.0011809693634816133,
    0.9999993026554382,
    0.0,
    -0.005324577197175561,
    0.0,
    0.0,
    1.0,
    0.0,
    0.0,
    0.0,
    0.0,
    1.0
  ],
  "8": [
    0.9996146163916902,
    0.027760019742319748,
    0.0,
    -0.006560804787721838,
    -0.027760019742319748,
    0.9996146163916902,
    0.0,
    0.024153324773548444,
    0.0,
    0.0,
    1.0,
    0.0,
    0.0,
    0.0,
    0.0,
    1.0
  ],
  "9": [
    0.9999642272769301,
    -0.008458378476510243,
    0.0,
    0.007374249568075845,
    0.008458378476510245,
    0.9999642272769301,
    0.0,
    -0.008182850283807523,
    0.0,
    0.0,
    1.0,
    0.0,
    0.0,
    0.0,
    0.0,
    1.0
  ]
}