{
  "0": [
    0.9999897630385045,
    0.004524800348691425,
    0.0,
    -0.003586634958481938,
    -0.004524800348691425,
    0.9999897630385045,
    0.0,
    -0.003362814021457738,
    0.0,
    0.0,
    1.0,
    0.0,
    0.0,
    0.0,
    0.0,
    1.0
  ],
  "1": [
    0.99997794717775,
    0.006641171445844008,
    0.0,
    -0.004722008561743566,
    -0.006641171445844008,
    0.99997794717775,
    0.0,
    0.004284197322251452,
    0.0,
    0.0,
    1.0,
    0.0,
    0.0,
    0.0,
    0.0,
    1.0
  ],
  "2": [
    0.9999859614644224,
    -0.005298761560467898,
    0.0,
    8.885136597043021e-05,
    0.005298761560467897,
    0.9999859614644223,
    0.0,
    0.003528947690880157,
    0.0,
    0.0,
    1.0,
    0.0,
    0.0,
    0.0,
    0.0,
    1.0
  ],
  "3": [
    0.9999995020430797,
    0.0009979547047379868,
    0.0,
    -0.0008318409976082125,
    -0.0009979547047379868,
    0.9999995020430796,
    0.0,
    0.006869222771888875,
    0.0,
    0.0,
    1.0,
    0.0,
    0.0,
    0.0,
    0.0,
    1.0
  ],
  "4": [
    0.9999985267607528,
    -0.0017165303154533535,
    0.0,
    -2.7898406506517002e-05,
    0.0017165303154533533,
    0.9999985267607528,
    0.0,
    0.0012758820690559902,
    0.0,
    0.0,
    1.0,
    0.0,
    0.0,
    0.0,
    0.0,
    1.0
  ],
  "5": [
    0.9999801561758934,
    0.0062997820942966,
    0.0,
    -0.0072387193899367515,
    -0.0062997820942965995,
    0.9999801561758934,
    0.0,
    0.0035697087097839126,
    0.0,
    0.0,
    1.0,
    0.0,
    0.0,
    0.0,
    0.0,
    1.0
  ],
  "6": [
    0.9999969902155847,
    -0.0024534791158103697,
    0.0,
    -0.0024586456167224103,
    0.0024534791158103697,
    0.9999969902155847,
    0.0,
    -0.0009058027594241542,
    0.0,
    0.0,
    1.0,
    0.0,
    0.0,
    0.0,
    0.0,
    1.0
  ],
  "7": [
    0.9999214800604865,
    -0.01253130933486651,
    0.0,
    -0.002899186485819329,
    0.01253130933486651,
    0.9999214800604864,
    0.0,
    0.00037721314585470976,
    0.0,
    0.0,
    1.0,
    0.0,
    0.0,
    0.0,
    0.0,
    1.0
  ],
  "8": [
    0.9999994492536339,
    0.0010495200946581246,
    0.0,
    0.0001417574024295883,
    -0.0010495200946581248,
    0.9999994492536337,
    0.0,
    0.0028598016563625077,
    0.0,
    0.0,
    1.0,
    0.0,
    0.0,
    0.0,
    0.0,
    1.0
  ],
  "9": [
    0.9999567781125404,
    -0.009297413983887478,
    0.0,
    0.004384757201713437,
    0.009297413983887478,
    0.9999567781125402,
    0.0,
    -0.0004095764871062926,
    0.0,
    0.0,
    1.0,
    0.0,
    0.0,
    0.0,
    0.0,
    1.0
  ]
}