{
  "0": [
    0.9999985575550832,
    0.0016984957323802937,
    0.0,
    -0.005635156370759894,
    -0.0016984957323802937,
    0.9999985575550832,
    0.0,
    0.0022469905430419065,
    0.0,
    0.0,
    1.0,
    0.0,
    0.0,
    0.0,
    0.0,
    1.0
  ],
  "1": [
    0.9999597112918366,
    -0.008976402015692433,
    0.0,
    0.0020243047718705868,
    0.008976402015692433,
    0.9999597112918365,
    0.0,
    0.006555467677883278,
    0.0,
    0.0,
    1.0,
    0.0,
    0.0,
    0.0,
    0.0,
    1.0
  ],
  "2": [
    0.9999944640387914,
    0.003327445231773002,
    0.0,
    0.010757434755895317,
    -0.0033274452317730015,
    0.9999944640387912,
    0.0,
    -0.005950857612773564,
    0.0,
    0.0,
    1.0,
    0.0,
    0.0,
    0.0,
    0.0,
    1.0
  ],
  "3": [
    0.9999992177349144,
    -0.0012508115601907266,
    0.0,
    -0.002528874467947891,
    0.0012508115601907262,
    0.9999992177349145,
    0.0,
    0.0026242182323650163,
    0.0,
    0.0,
    1.0,
    0.0,
    0.0,
    0.0,
    0.0,
    1.0
  ],
  "4": [
    0.9999995045142325,
    0.0009954754087663884,
    0.0,
    0.006864005224152649,
    -0.0009954754087663886,
    0.9999995045142325,
    0.0,
    0.003961455218713941,
    0.0,
    0.0,
    1.0,
    0.0,
    0.0,
    0.0,
    0.0,
    1.0
  ],
  "5": [
    0.9998647042196512,
    -0.01644911109298784,
    0.0,
    0.005246139585023318,
    0.01644911109298784,
    0.9998647042196512,
    0.0,
    -0.0038624468827941076,
    0.0,
    0.0,
    1.0,
    0.0,
    0.0,
    0.0,
    0.0,
    1.0
  ],
  "6": [
    0.999764661442295,
    -0.021693817809986363,
    0.0,
    -0.003448408552812508,
    0.021693817809986363,
    0.9997646614422953,
    0.0,
    -0.0008616377229494847,
    0.0,
    0.0,
    1.0,
    0.0,
    0.0,
    0.0,
    0.0,
    1.0
  ],
  "7": [
    0.999982869239378,
    -0.005853309130865756,
    0.0,
    -0.0023449500279019847,
    0.005853309130865757,
    0.9999828692393778,
    0.0,
    0.004600217938925361,
    0.0,
    0.0,
    1.0,
    0.0,
    0.0,
    0.0,
    0.0,
    1.0
  ],
  "8": [
    0.9999973860283247,
    0.002286468131773973,
    0.0,
    -0.004441369620517278,
    -0.002286468131773973,
    0.9999973860283248,
    0.0,
    -0.0022692421892327496,
    0.0,
    0.0,
    1.0,
    0.0,
    0.0,
    0.0,
    0.0,
    1.0
  ],
  "9": [
    0.9999724849280331,
    -0.007418179483866329,
    0.0,
    0.009183982956927645,
    0.0074181794838663285,
    0.9999724849280329,
    0.0,
    0.0047414931065611135,
    0.0,
    0.0,
    1.0,
    0.0,
    0.0,
    0.0,
    0.0,
    1.0
  ]
}