{
  "0": [
    0.9999996544568488,
    -0.0008313159345379698,
    0.0,
    -0.0007143257567905591,
    0.0008313159345379698,
    0.9999996544568487,
    0.0,
    0.0002507309170320252,
    0.0,
    0.0,
    1.0,
    0.0,
    0.0,
    0.0,
    0.0,
    1.0
  ],
  "1": [
    0.9999999705279705,
    -0.00024278397338974353,
    0.0,
    0.0012707535380849482,
    0.00024278397338974345,
    0.9999999705279706,
    0.0,
    0.0005861605773187687,
    0.0,
    0.0,
    1.0,
    0.0,
    0.0,
    0.0,
    0.0,
    1.0
  ],
  "2": [
    0.9999998560695958,
    -0.0005365265957680916,
    0.0,
    0.0012073003875374465,
    0.0005365265957680915,
    0.9999998560695956,
    0.0,
    -0.0023717502120053765,
    0.0,
    0.0,
    1.0,
    0.0,
    0.0,
    0.0,
    0.0,
    1.0
  ],
  "3": [
    0.9999994636442113,
    0.0010357177652735154,
    0.0,
    0.0019475240219348736,
    -0.0010357177652735156,
    0.9999994636442114,
    0.0,
    -0.002643997781233166,
    0.0,
    0.0,
    1.0,
    0.0,
    0.0,
    0.0,
    0.0,
    1.0
  ],
  "4": [
    0.9999968920241057,
    0.0024931791209765208,
    0.0,
    0.0008694625638350995,
    -0.0024931791209765203,
    0.9999968920241056,
    0.0,
    -7.685040305026439e-05,
    0.0,
    0.0,
    1.0,
    0.0,
    0.0,
    0.0,
    0.0,
    1.0
  ],
  "5": [
    0.9999969451969859,
    0.0024717598379187366,
    0.0,
    -0.0008906767370422848,
    -0.0024717598379187366,
    0.999996945196986,
    0.0,
    0.001231904248019774,
    0.0,
    0.0,
    1.0,
    0.0,
    0.0,
    0.0,
    0.0,
    1.0
  ],
  "6": [
    0.9999987832058432,
    0.001559995779825442,
    0.0,
    -0.0010587293742719528,
    -0.0015599957798254419,
    0.9999987832058431,
    0.0,
    2.9984333755474202e-05,
    0.0,
    0.0,
    1.0,
    0.0,
    0.0,
    0.0,
    0.0,
    1.0
  ],
  "7": [
    0.9999997953516274,
    -0.000639763005736915,
    0.0,
    -0.003243955449807755,
    0.000639763005736915,
    0.9999997953516273,
    0.0,
    -0.003750231154847128,
    0.0,
    0.0,
    1.0,
    0.0,
    0.0,
    0.0,
    0.0,
    1.0
  ],
  "8": [
    0.9999992514816377,
    -0.0012235342923408896,
    0.0,
    0.00012045499825810802,
    0.0012235342923408896,
    0.9999992514816377,
    0.0,
    -0.00045756572677281267,
    0.0,
    0.0,
    1.0,
    0.0,
    0.0,
    0.0,
    0.0,
    1.0
  ],
  "9": [
    0.9999974135055298,
    0.002274419101733231,
    0.0,
    0.0015358333271398461,
    -0.002274419101733231,
    0.9999974135055297,
    0.0,
    -0.0011110878723145483,
    0.0,
    0.0,
    1.0,
    0.0,
    0.0,
    0.0,
    0.0,
    1.0
  ]
}