{
  "0": [
    0.9999989829054389,
    0.001426249658351645,
    0.0,
    0.007937299437773698,
    -0.0014262496583516452,
    0.9999989829054389,
    0.0,
    -0.0021501947759619885,
    0.0,
    0.0,
    1.0,
    0.0,
    0.0,
    0.0,
    0.0,
    1.0
  ],
  "1": [
    0.9999992696642193,
    0.001208582238893826,
    0.0,
    -0.0035643753047521335,
    -0.0012085822388938263,
    0.9999992696642191,
    0.0,
    -0.001539860739069207,
    0.0,
    0.0,
    1.0,
    0.0,
    0.0,
    0.0,
    0.0,
    1.0
  ],
  "2": [
    0.999985398911096,
    0.005403884215670934,
    0.0,
    0.003943918480716318,
    -0.0054038842156709345,
    0.999985398911096,
    0.0,
    0.004667023223154872,
    0.0,
    0.0,
    1.0,
    0.0,
    0.0,
    0.0,
    0.0,
    1.0
  ],
  "3": [
    0.9999593378999231,
    0.009017901460268958,
    0.0,
    0.004957400765265127,
    -0.009017901460268958,
    0.9999593378999231,
    0.0,
    -0.0035567838300301184,
    0.0,
    0.0,
    1.0,
    0.0,
    0.0,
    0.0,
    0.0,
    1.0
  ],
  "4": [
    0.9999992172136078,
    -0.0012512282651305237,
    0.0,
    -0.009703724447641225,
    0.0012512282651305237,
    0.9999992172136078,
    0.0,
    -0.006461583049906254,
    0.0,
    0.0,
    1.0,
    0.0,
    0.0,
    0.0,
    0.0,
    1.0
  ],
  "5": [
    0.9999988953244424,
    0.001486388204513331,
    0.0,
    0.0009437716810558975,
    -0.0014863882045133313,
    0.9999988953244424,
    0.0,
    -0.003128788973637117,
    0.0,
    0.0,
    1.0,
    0.0,
    0.0,
    0.0,
    0.0,
    1.0
  ],
  "6": [
    0.9999959589461911,
    0.0028429019131290174,
    0.0,
    -0.0017364489976043889,
    -0.002842901913129017,
    0.9999959589461911,
    0.0,
    0.0010017573098218835,
    0.0,
    0.0,
    1.0,
    0.0,
    0.0,
    0.0,
    0.0,
    1.0
  ],
  "7": [
    0.9999949656776749,
    0.0031731087762938382,
    0.0,
    -0.0038794718373014667,
    -0.0031731087762938382,
    0.9999949656776749,
    0.0,
    0.001241371705466759,
    0.0,
    0.0,
    1.0,
    0.0,
    0.0,
    0.0,
    0.0,
    1.0
  ],
  "8": [
    0.9999886173960414,
    0.004771276386208795,
    0.0,
    0.009914554809663592,
    -0.004771276386208795,
    0.9999886173960415,
    0.0,
    -0.001888898544703936,
    0.0,
    0.0,
    1.0,
    0.0,
    0.0,
    0.0,
    0.0,
    1.0
  ],
  "9": [
    0.9999964133593442,
    0.0026782958103748096,
    0.0,
    -0.0006997968078567638,
    -0.00267829581037481,
    0.9999964133593441,
    0.0,
    0.0008421269596246586,
    0.0,
    0.0,
    1.0,
    0.0,
    0.0,
    0.0,
    0.0,
    1.0
  ]
}