{
  "0": [
    0.999945934003632,
    -0.010398512855415279,
    0.0,
    0.0012249906142379145,
    0.010398512855415277,
    0.9999459340036319,
    0.0,
    0.0029124108625099674,
    0.0,
    0.0,
    1.0,
    0.0,
    0.0,
    0.0,
    0.0,
    1.0
  ],
  "1": [
    0.9999819306696335,
    0.006011516799650756,
    0.0,
    0.0071114164119759375,
    -0.006011516799650756,
    0.9999819306696335,
    0.0,
    0.0010307837102192206,
    0.0,
    0.0,
    1.0,
    0.0,
    0.0,
    0.0,
    0.0,
    1.0
  ],
  "2": [
    0.9999856393786927,
    0.005359201095966991,
    0.0,
    0.00026062056963092775,
    -0.005359201095966992,
    0.9999856393786927,
    0.0,
    -0.005950403202011067,
    0.0,
    0.0,
    1.0,
    0.0,
    0.0,
    0.0,
    0.0,
    1.0
  ],
  "3": [
    0.9999756469088642,
    -0.006978938973719659,
    0.0,
    0.0038576013688635226,
    0.006978938973719658,
    0.9999756469088642,
    0.0,
    0.007550517905931041,
    0.0,
    0.0,
    1.0,
    0.0,
    0.0,
    0.0,
    0.0,
    1.0
  ],
  "4": [
    0.9999885065967122,
    -0.0047944420402245246,
    0.0,
    0.007324587330079711,
    0.0047944420402245246,
    0.9999885065967123,
    0.0,
    0.002685937424737513,
    0.0,
    0.0,
    1.0,
    0.0,
    0.0,
    0.0,
    0.0,
    1.0
  ],
  "5": [
    0.9999999559625767,
    -0.0002967740630939271,
    0.0,
    -0.004762351119958884,
    0.0002967740630939267,
    0.9999999559625767,
    0.0,
    -0.00227921092019648,
    0.0,
    0.0,
    1.0,
    0.0,
    0.0,
    0.0,
    0.0,
    1.0
  ],
  "6": [
    0.9999957715765266,
    0.0029080627687518372,
    0.0,
    0.005803449865952564,
    -0.0029080627687518377,
    0.9999957715765267,
    0.0,
    0.00731330271530932,
    0.0,
    0.0,
    1.0,
    0.0,
    0.0,
    0.0,
    0.0,
    1.0
  ],
  "7": [
    0.9999960155317561,
    0.0028229276667319815,
    0.0,
    0.0040876342094262625,
    -0.002822927666731983,
    0.9999960155317562,
    0.0,
    0.0018777885019390893,
    0.0,
    0.0,
    1.0,
    0.0,
    0.0,
    0.0,
    0.0,
    1.0
  ],
  "8": [
    0.999905043813152,
    -0.013780542696807807,
    0.0,
    0.004898509913674089,
    0.013780542696807807,
    0.9999050438131519,
    0.0,
    0.0019870896848901334,
    0.0,
    0.0,
    1.0,
    0.0,
    0.0,
    0.0,
    0.0,
    1.0
  ],
  "9": [
    0.9999735119582227,
    0.007278418917485143,
    0.0,
    -0.006144199919950003,
    -0.007278418917485143,
    0.9999735119582227,
    0.0,
    -0.0046767586564639505,
    0.0,
    0.0,
    1.0,
    0.0,
    0.0,
    0.0,
    0.0,
    1.0
  ]
}