{
  "0": [
    0.9999909686923872,
    0.00425000396009458,
    0.0,
    -0.003927718289103615,
    -0.00425000396009458,
    0.9999909686923872,
    0.0,
    -0.002730614140873405,
    0.0,
    0.0,
    1.0,
    0.0,
    0.0,
    0.0,
    0.0,
    1.0
  ],
  "1": [
    0.9999994889141999,
    0.00101102489518772,
    0.0,
    -0.001075196140580799,
    -0.0010110248951877203,
    0.9999994889142,
    0.0,
    -0.004057567715763816,
    0.0,
    0.0,
    1.0,
    0.0,
    0.0,
    0.0,
    0.0,
    1.0
  ],
  "2": [
    0.9999999001032062,
    -0.00044698274892416163,
    0.0,
    0.0012274973375345603,
    0.0004469827489241614,
    0.9999999001032062,
    0.0,
    -0.00014399816834272637,
    0.0,
    0.0,
    1.0,
    0.0,
    0.0,
    0.0,
    0.0,
    1.0
  ],
  "3": [
    0.9999999705820811,
    -0.00024256099654195587,
    0.0,
    2.615838686126923e-06,
    0.00024256099654195592,
    0.999999970582081,
    0.0,
    -0.0005180995087142916,
    0.0,
    0.0,
    1.0,
    0.0,
    0.0,
    0.0,
    0.0,
    1.0
  ],
  "4": [
    0.9999998540216333,
    0.0005403301879925954,
    0.0,
    0.0008618762193791044,
    -0.0005403301879925952,
    0.9999998540216334,
    0.0,
    -9.131556519951882e-05,
    0.0,
    0.0,
    1.0,
    0.0,
    0.0,
    0.0,
    0.0,
    1.0
  ],
  "5": [
    0.9999714542571585,
    -0.007555836871157006,
    0.0,
    0.0019392571888094418,
    0.007555836871157006,
    0.9999714542571586,
    0.0,
    -0.0035337218620546374,
    0.0,
    0.0,
    1.0,
    0.0,
    0.0,
    0.0,
    0.0,
    1.0
  ],
  "6": [
    0.9999994967242298,
    0.0010032702963082907,
    0.0,
    -0.0014047253787353542,
    -0.0010032702963082907,
    0.9999994967242298,
    0.0,
    -0.00540053291925269,
    0.0,
    0.0,
    1.0,
    0.0,
    0.0,
    0.0,
    0.0,
    1.0
  ],
  "7": [
    0.9999952674499446,
    -0.0030765366426925766,
    0.0,
    -0.0021670880042301294,
    0.003076536642692577,
    0.9999952674499445,
    0.0,
    -0.0046082120232938065,
    0.0,
    0.0,
    1.0,
    0.0,
    0.0,
    0.0,
    0.0,
    1.0
  ],
  "8": [
    0.9999907506522268,
    0.0043010010457760865,
    0.0,
    -0.0017553065608877244,
    -0.0043010010457760865,
    0.9999907506522269,
    0.0,
    0.0033727031208980853,
    0.0,
    0.0,
    1.0,
    0.0,
    0.0,
    0.0,
    0.0,
    1.0
  ],
  "9": [
    0.9999960384884434,
    -0.0028147837252453997,
    0.0,
    0.0006443041357277603,
    0.0028147837252453993,
    0.9999960384884433,
    0.0,
    0.0003468372993026918,
    0.0,
    0.0,
    1.0,
    0.0,
    0.0,
    0.0,
    0.0,
    1.0
  ]
}