{
  "0": [
    0.9999077475655339,
    0.013582943658139777,
    0.0,
    0.0037404799628282396,
    -0.013582943658139777,
    0.999907747565534,
    0.0,
    -0.010286187144398126,
    0.0,
    0.0,
    1.0,
    0.0,
    0.0,
    0.0,
    0.0,
    1.0
  ],
  "1": [
    0.9999507038375952,
    -0.00992924441726223,
    0.0,
    -0.006498086588442824,
    0.00992924441726223,
    0.9999507038375952,
    0.0,
    -0.007217181988388194,
    0.0,
    0.0,
    1.0,
    0.0,
    0.0,
    0.0,
    0.0,
    1.0
  ],
  "2": [
    0.9999873650084816,
    -0.005026909924947538,
    0.0,
    0.005239195666353462,
    0.005026909924947539,
    0.9999873650084817,
    0.0,
    0.01647464668692588,
    0.0,
    0.0,
    1.0,
    0.0,
    0.0,
    0.0,
    0.0,
    1.0
  ],
  "3": [
    0.9999961435400699,
    -0.002777211729016116,
    0.0,
    0.006698402870525758,
    0.0027772117290161156,
    0.99999614354007,
    0.0,
    -0.0042516989393473125,
    0.0,
    0.0,
    1.0,
    0.0,
    0.0,
    0.0,
    0.0,
    1.0
  ],
  "4": [
    0.9997614687719028,
    -0.021840456933127445,
    0.0,
    0.00119181869561881,
    0.021840456933127445,
    0.9997614687719028,
    0.0,
    -0.001425349262645834,
    0.0,
    0.0,
    1.0,
    0.0,
    0.0,
    0.0,
    0.0,
    1.0
  ],
  "5": [
    0.9999747640400953,
    -0.00710431439027386,
    0.0,
    0.007000992670263885,
    0.00710431439027386,
    0.9999747640400953,
    0.0,
    -0.009603493816932684,
    0.0,
    0.0,
    1.0,
    0.0,
    0.0,
    0.0,
    0.0,
    1.0
  ],
  "6": [
    0.9999408377058656,
    0.010877549728310208,
    0.0,
    0.0010246623536747895,
    -0.010877549728310208,
    0.9999408377058656,
    0.0,
    0.0024802326348405098,
    0.0,
    0.0,
    1.0,
    0.0,
    0.0,
    0.0,
    0.0,
    1.0
  ],
  "7": [
    0.9999892231287258,
    -0.0046425883305762665,
    0.0,
    0.002185729703691946,
    0.004642588330576267,
    0.999989223128726,
    0.0,
    -0.004014061299908464,
    0.0,
    0.0,
    1.0,
    0.0,
    0.0,
    0.0,
    0.0,
    1.0
  ],
  "8": [
    0.9997477329492475,
    0.022460419916829504,
    0.0,
    -0.0010584384042102487,
    -0.022460419916829504,
    0.9997477329492473,
    0.0,
    0.01182092481780591,
    0.0,
    0.0,
    1.0,
    0.0,
    0.0,
    0.0,
    0.0,
    1.0
  ],
  "9": [
    0.9999996238805192,
    0.000867317024104019,
    0.0,
    -0.014831754649451804,
    -0.00086731702410402,
    0.9999996238805192,
    0.0,
    -0.0010064978404199175,
    0.0,
    0.0,
    1.0,
    0.0,
    0.0,
    0.0,
    0.0,
    1.0
  ]
}