{
  "0": [
    0.9999877200046797,
    0.004955788518712123,
    0.0,
    0.00010355934217803084,
    -0.004955788518712123,
    0.9999877200046797,
    0.0,
    -0.0006372665851327765,
    0.0,
    0.0,
    1.0,
    0.0,
    0.0,
    0.0,
    0.0,
    1.0
  ],
  "1": [
    0.9999992560385853,
    -0.0012198041956856085,
    0.0,
    -0.006217926308890408,
    0.0012198041956856085,
    0.9999992560385853,
    0.0,
    0.000716461369417633,
    0.0,
    0.0,
    1.0,
    0.0,
    0.0,
    0.0,
    0.0,
    1.0
  ],
  "2": [
    0.9999876711163183,
    0.0049656434993146014,
    0.0,
    -0.001313293508360526,
    -0.0049656434993146014,
    0.9999876711163184,
    0.0,
    0.0016083960524863915,
    0.0,
    0.0,
    1.0,
    0.0,
    0.0,
    0.0,
    0.0,
    1.0
  ],
  "3": [
    0.9999993677290115,
    0.0011245183756526185,
    0.0,
    -0.003837707030372865,
    -0.0011245183756526185,
    0.9999993677290117,
    0.0,
    -0.0006551444761083517,
    0.0,
    0.0,
    1.0,
    0.0,
    0.0,
    0.0,
    0.0,
    1.0
  ],
  "4": [
    0.9999972032432959,
    -0.002365059319783475,
    0.0,
    -0.0011331812151648872,
    0.0023650593197834754,
    0.9999972032432959,
    0.0,
    0.0037986404670865364,
    0.0,
    0.0,
    1.0,
    0.0,
    0.0,
    0.0,
    0.0,
    1.0
  ],
  "5": [
    0.9999999054600828,
    -0.00043483310043471515,
    0.0,
    0.0023019667103481778,
    0.00043483310043471526,
    0.9999999054600828,
    0.0,
    0.0024049251971801355,
    0.0,
    0.0,
    1.0,
    0.0,
    0.0,
    0.0,
    0.0,
    1.0
  ],
  "6": [
    0.9999817286441541,
    0.006045029185145302,
    0.0,
    0.000508804097848184,
    -0.006045029185145301,
    0.9999817286441541,
    0.0,
    -0.0003751669130594234,
    0.0,
    0.0,
    1.0,
    0.0,
    0.0,
    0.0,
    0.0,
    1.0
  ],
  "7": [
    0.999998073651281,
    -0.0019628279921381194,
    0.0,
    0.003202437553141151,
    0.0019628279921381194,
    0.999998073651281,
    0.0,
    0.003933873059251669,
    0.0,
    0.0,
    1.0,
    0.0,
    0.0,
    0.0,
    0.0,
    1.0
  ],
  "8": [
    0.9999987520244954,
    -0.0015798574150357187,
    0.0,
    0.0015250141985760155,
    0.0015798574150357183,
    0.9999987520244953,
    0.0,
    0.0023484135755365357,
    0.0,
    0.0,
    1.0,
    0.0,
    0.0,
    0.0,
    0.0,
    1.0
  ],
  "9": [
    0.9999996315589509,
    0.0008584182910460211,
    0.0,
    -0.0022519261310097395,
    -0.0008584182910460213,
    0.9999996315589509,
    0.0,
    -0.00237883877708752,
    0.0,
    0.0,
    1.0,
    0.0,
    0.0,
    0.0,
    0.0,
    1.0
  ]
}