{
  "0": [
    0.9999999861863483,
    0.00016621463014747633,
    0.0,
    -0.00012431823300493267,
    -0.00016621463014747628,
    0.9999999861863484,
    0.0,
    0.001046513626148912,
    0.0,
    0.0,
    1.0,
    0.0,
    0.0,
    0.0,
    0.0,
    1.0
  ],
  "1": [
    0.9999990636728675,
    0.0013684492641136818,
    0.0,
    0.0011109344965128535,
    -0.0013684492641136818,
    0.9999990636728675,
    0.0,
    0.0014266125235974174,
    0.0,
    0.0,
    1.0,
    0.0,
    0.0,
    0.0,
    0.0,
    1.0
  ],
  "2": [
    0.9999998668301451,
    0.0005160810910366119,
    0.0,
    0.0008671409339379228,
    -0.0005160810910366116,
    0.9999998668301451,
    0.0,
    0.0003025006524166044,
    0.0,
    0.0,
    1.0,
    0.0,
    0.0,
    0.0,
    0.0,
    1.0
  ],
  "3": [
    0.999998375240512,
    -0.0018026414884860747,
    0.0,
    -4.7443948084562775e-05,
    0.001802641488486075,
    0.9999983752405122,
    0.0,
    0.00020440297739575736,
    0.0,
    0.0,
    1.0,
    0.0,
    0.0,
    0.0,
    0.0,
    1.0
  ],
  "4": [
    0.9999985474597559,
    -0.0017044290476978747,
    0.0,
    0.0008528108524553103,
    0.0017044290476978749,
    0.9999985474597559,
    0.0,
    -0.0006090729426408591,
    0.0,
    0.0,
    1.0,
    0.0,
    0.0,
    0.0,
    0.0,
    1.0
  ],
  "5": [
    0.9999991069174471,
    -0.0013364745819244644,
    0.0,
    0.002365740166790403,
    0.0013364745819244644,
    0.9999991069174472,
    0.0,
    0.0005961777115826568,
    0.0,
    0.0,
    1.0,
    0.0,
    0.0,
    0.0,
    0.0,
    1.0
  ],
  "6": [
    0.9999994654835243,
    0.001033940358938561,
    0.0,
    -0.0002905092438097199,
    -0.001033940358938561,
    0.9999994654835243,
    0.0,
    -0.001241864132252785,
    0.0,
    0.0,
    1.0,
    0.0,
    0.0,
    0.0,
    0.0,
    1.0
  ],
  "7": [
    0.999993572683751,
    -0.003585329996998796,
    0.0,
    0.00028480591580450445,
    0.003585329996998796,
    0.9999935726837511,
    0.0,
    -0.0010205789219022733,
    0.0,
    0.0,
    1.0,
    0.0,
    0.0,
    0.0,
    0.0,
    1.0
  ],
  "8": [
    0.9999979904872796,
    -0.002004749710691345,
    0.0,
    -0.0015689777644328211,
    0.002004749710691345,
    0.9999979904872798,
    0.0,
    -0.0008897089252371975,
    0.0,
    0.0,
    1.0,
    0.0,
    0.0,
    0.0,
    0.0,
    1.0
  ],
  "9": [
    0.9999987130832011,
    -0.0016043166587713484,
    0.0,
    0.002113011845499406,
    0.0016043166587713486,
    0.9999987130832012,
    0.0,
    -0.00017316474069924625,
    0.0,
    0.0,
    1.0,
    0.0,
    0.0,
    0.0,
    0.0,
    1.0
  ]
}