{
  "0": [
    0.9999999352928582,
    -0.0003597419624800798,
    0.0,
    0.0017795437344391477,
    0.00035974196248007986,
    0.9999999352928581,
    0.0,
    -0.0012167552448197755,
    0.0,
    0.0,
    1.0,
    0.0,
    0.0,
    0.0,
    0.0,
    1.0
  ],
  "1": [
    0.9999999802845031,
    -0.00019857238846827696,
    0.0,
    0.0017637547337116804,
    0.00019857238846827696,
    0.9999999802845031,
    0.0,
    -4.143149747265254e-05,
    0.0,
    0.0,
    1.0,
    0.0,
    0.0,
    0.0,
    0.0,
    1.0
  ],
  "2": [
    0.9999945382692952,
    0.003305061509198474,
    0.0,
    -8.709579335528986e-07,
    -0.0033050615091984735,
    0.9999945382692951,
    0.0,
    0.0018918925101750804,
    0.0,
    0.0,
    1.0,
    0.0,
    0.0,
    0.0,
    0.0,
    1.0
  ],
  "3": [
    0.999999676516775,
    0.0008043421819262563,
    0.0,
    0.0011933557571710465,
    -0.0008043421819262562,
    0.9999996765167748,
    0.0,
    0.0009621231062127402,
    0.0,
    0.0,
    1.0,
    0.0,
    0.0,
    0.0,
    0.0,
    1.0
  ],
  "4": [
    0.9999995908008554,
    0.0009046535920831779,
    0.0,
    0.0023788882389018133,
    -0.0009046535920831781,
    0.9999995908008555,
    0.0,
    -0.0018466404568512288,
    0.0,
    0.0,
    1.0,
    0.0,
    0.0,
    0.0,
    0.0,
    1.0
  ],
  "5": [
    0.999998661110703,
    0.0016363913961749872,
    0.0,
    0.0023650370346841813,
    -0.0016363913961749872,
    0.999998661110703,
    0.0,
    -0.00036415083948680173,
    0.0,
    0.0,
    1.0,
    0.0,
    0.0,
    0.0,
    0.0,
    1.0
  ],
  "6": [
    0.9999965720211976,
    0.0026183861161934684,
    0.0,
    0.001086530160720655,
    -0.0026183861161934684,
    0.9999965720211976,
    0.0,
    -0.0007677599488033885,
    0.0,
    0.0,
    1.0,
    0.0,
    0.0,
    0.0,
    0.0,
    1.0
  ],
  "7": [
    0.999999243247347,
    -0.0012302458022216572,
    0.0,
    -0.00021650865347677705,
    0.0012302458022216574,
    0.9999992432473468,
    0.0,
    0.0014928487685433383,
    0.0,
    0.0,
    1.0,
    0.0,
    0.0,
    0.0,
    0.0,
    1.0
  ],
  "8": [
    0.9999983154594788,
    -0.0018355048910233063,
    0.0,
    0.000819122642035023,
    0.0018355048910233063,
    0.9999983154594787,
    0.0,
    -0.0007094089847459983,
    0.0,
    0.0,
    1.0,
    0.0,
    0.0,
    0.0,
    0.0,
    1.0
  ],
  "9": [
    0.9999996795943242,
    0.0008005068697996935,
    0.0,
    0.00034289299641053527,
    -0.0008005068697996937,
    0.9999996795943243,
    0.0,
    -0.00015461428505816053,
    0.0,
    0.0,
    1.0,
    0.0,
    0.0,
    0.0,
    0.0,
    1.0
  ]
}