{
  "0": [
    0.999999875024141,
    0.0004999516999615428,
    0.0,
    0.0015305496294116979,
    -0.000499951699961543,
    0.9999998750241409,
    0.0,
    -0.002161660682701718,
    0.0,
    0.0,
    1.0,
    0.0,
    0.0,
    0.0,
    0.0,
    1.0
  ],
  "1": [
    0.9999994585342109,
    0.0010406398440205118,
    0.0,
    0.0006923930431618022,
    -0.0010406398440205116,
    0.9999994585342109,
    0.0,
    -0.001146427674718647,
    0.0,
    0.0,
    1.0,
    0.0,
    0.0,
    0.0,
    0.0,
    1.0
  ],
  "2": [
    0.9999942662398905,
    -0.0033863678687880783,
    0.0,
    0.0014454842719804626,
    0.0033863678687880787,
    0.9999942662398906,
    0.0,
    2.3834752892005822e-05,
    0.0,
    0.0,
    1.0,
    0.0,
    0.0,
    0.0,
    0.0,
    1.0
  ],
  "3": [
    0.9999998982858253,
    0.00045103030838321,
    0.0,
    -0.0007917286608517917,
    -0.0004510303083832101,
    0.999999898285825,
    0.0,
    0.0019668076879934514,
    0.0,
    0.0,
    1.0,
    0.0,
    0.0,
    0.0,
    0.0,
    1.0
  ],
  "4": [
    0.9999956653640047,
    -0.0029443595570340705,
    0.0,
    -0.0015994183391644728,
    0.0029443595570340705,
    0.9999956653640047,
    0.0,
    -0.0017527673796163216,
    0.0,
    0.0,
    1.0,
    0.0,
    0.0,
    0.0,
    0.0,
    1.0
  ],
  "5": [
    0.9999999997416797,
    -2.2729731407858248e-05,
    0.0,
    5.549327723371338e-05,
    2.2729731407858187e-05,
    0.9999999997416797,
    0.0,
    0.0006257101611729811,
    0.0,
    0.0,
    1.0,
    0.0,
    0.0,
    0.0,
    0.0,
    1.0
  ],
  "6": [
    0.9999993405880063,
    0.001148400432109725,
    0.0,
    -0.0005023374987357019,
    -0.0011484004321097247,
    0.9999993405880063,
    0.0,
    0.0023544715109279192,
    0.0,
    0.0,
    1.0,
    0.0,
    0.0,
    0.0,
    0.0,
    1.0
  ],
  "7": [
    0.9999983580009996,
    -0.0018121797109914182,
    0.0,
    0.001436510915259145,
    0.0018121797109914182,
    0.9999983580009996,
    0.0,
    -0.0015843703103843863,
    0.0,
    0.0,
    1.0,
    0.0,
    0.0,
    0.0,
    0.0,
    1.0
  ],
  "8": [
    0.9999974654510477,
    -0.0022514642969794,
    0.0,
    0.0008759534036667549,
    0.0022514642969794,
    0.9999974654510477,
    0.0,
    0.0025026725885365663,
    0.0,
    0.0,
    1.0,
    0.0,
    0.0,
    0.0,
    0.0,
    1.0
  ],
  "9": [
    0.9999999952736444,
    9.722505560300634e-05,
    0.0,
    0.0007717809968153605,
    -9.722505560300639e-05,
    0.9999999952736442,
    0.0,
    0.0008851745784361662,
    0.0,
    0.0,
    1.0,
    0.0,
    0.0,
    0.0,
    0.0,
    1.0
  ]
}