{
  "0": [
    0.999987632942086,
    0.0049733251335358514,
    0.0,
    -0.011244752490051031,
    -0.004973325133535851,
    0.9999876329420861,
    0.0,
    0.009878598861949885,
    0.0,
    0.0,
    1.0,
    0.0,
    0.0,
    0.0,
    0.0,
    1.0
  ],
  "1": [
    0.9993610479822513,
    -0.035742072908775395,
    0.0,
    0.016342171717097995,
    0.035742072908775395,
    0.9993610479822514,
    0.0,
    -0.00099701231643068,
    0.0,
    0.0,
    1.0,
    0.0,
    0.0,
    0.0,
    0.0,
    1.0
  ],
  "2": [
    0.999995779674649,
    0.0029052767321812306,
    0.0,
    -0.014940862256483996,
    -0.0029052767321812293,
    0.9999957796746493,
    0.0,
    -0.006848885413489792,
    0.0,
    0.0,
    1.0,
    0.0,
    0.0,
    0.0,
    0.0,
    1.0
  ],
  "3": [
    0.9999447902749895,
    0.010507920912706414,
    0.0,
    -0.00024156073185464897,
    -0.010507920912706414,
    0.9999447902749893,
    0.0,
    0.003531021552239079,
    0.0,
    0.0,
    1.0,
    0.0,
    0.0,
    0.0,
    0.0,
    1.0
  ],
  "4": [
    0.9999809987451669,
    -0.006164588276492733,
    0.0,
    0.0027723512181729816,
    0.006164588276492733,
    0.9999809987451669,
    0.0,
    0.013180366944962791,
    0.0,
    0.0,
    1.0,
    0.0,
    0.0,
    0.0,
    0.0,
    1.0
  ],
  "5": [
    0.9999923023495338,
    0.003923677060915102,
    0.0,
    -0.01057930360842204,
    -0.003923677060915103,
    0.999992302349534,
    0.0,
    0.006056669554089395,
    0.0,
    0.0,
    1.0,
    0.0,
    0.0,
    0.0,
    0.0,
    1.0
  ],
  "6": [
    0.9999997865248262,
    0.0006534143415136324,
    0.0,
    -0.024654051891714022,
    -0.000653414341513634,
    0.9999997865248262,
    0.0,
    0.005467200486666101,
    0.0,
    0.0,
    1.0,
    0.0,
    0.0,
    0.0,
    0.0,
    1.0
  ],
  "7": [
    0.9996948382464873,
    -0.024702841604348432,
    0.0,
    -0.011963714389734419,
    0.02470284160434844,
    0.9996948382464873,
    0.0,
    0.011190865794670057,
    0.0,
    0.0,
    1.0,
    0.0,
    0.0,
    0.0,
    0.0,
    1.0
  ],
  "8": [
    0.999926254231921,
    0.012144385440163783,
    0.0,
    -0.0015149807040972154,
    -0.012144385440163783,
    0.999926254231921,
    0.0,
    -0.0020813885243837166,
    0.0,
    0.0,
    1.0,
    0.0,
    0.0,
    0.0,
    0.0,
    1.0
  ],
  "9": [
    0.9998575610902273,
    -0.01687772291223942,
    0.0,
    -0.006724130391814959,
    0.01687772291223942,
    0.9998575610902273,
    0.0,
    -0.012336922252173699,
    0.0,
    0.0,
    1.0,
    0.0,
    0.0,
    0.0,
    0.0,
    1.0
  ]
}