{
  "0": [
    0.999986798107585,
    -0.0051384443696503804,
    0.0,
    -0.004673150656525064,
    0.0051384443696503804,
    0.999986798107585,
    0.0,
    -0.0033442223698349894,
    0.0,
    0.0,
    1.0,
    0.0,
    0.0,
    0.0,
    0.0,
    1.0
  ],
  "1": [
    0.9997962032522106,
    -0.02018791624868339,
    0.0,
    0.004251205662678212,
    0.02018791624868339,
    0.9997962032522107,
    0.0,
    0.005334206820075949,
    0.0,
    0.0,
    1.0,
    0.0,
    0.0,
    0.0,
    0.0,
    1.0
  ],
  "2": [
    0.9999708325703165,
    -0.007637670366558865,
    0.0,
    -0.005192736893523217,
    0.007637670366558866,
    0.9999708325703166,
    0.0,
    0.0035006084900622045,
    0.0,
    0.0,
    1.0,
    0.0,
    0.0,
    0.0,
    0.0,
    1.0
  ],
  "3": [
    0.9999838464168852,
    0.0056839163691467095,
    0.0,
    -0.004287453719532807,
    -0.005683916369146708,
    0.9999838464168852,
    0.0,
    0.007918992795638603,
    0.0,
    0.0,
    1.0,
    0.0,
    0.0,
    0.0,
    0.0,
    1.0
  ],
  "4": [
    0.9999985470196473,
    -0.0017046872423331413,
    0.0,
    -0.007901560031700575,
    0.0017046872423331417,
    0.9999985470196472,
    0.0,
    -0.01788306230492168,
    0.0,
    0.0,
    1.0,
    0.0,
    0.0,
    0.0,
    0.0,
    1.0
  ],
  "5": [
    0.9995347837427623,
    -0.03049944406558108,
    0.0,
    0.00520624742992936,
    0.030499444065581083,
    0.9995347837427623,
    0.0,
    0.008772157139398688,
    0.0,
    0.0,
    1.0,
    0.0,
    0.0,
    0.0,
    0.0,
    1.0
  ],
  "6": [
    0.9999624262461727,
    0.008668684783048452,
    0.0,
    0.007492455980347907,
    -0.00866868478304845,
    0.9999624262461727,
    0.0,
    0.005579597822366037,
    0.0,
    0.0,
    1.0,
    0.0,
    0.0,
    0.0,
    0.0,
    1.0
  ],
  "7": [
    0.9999980142435225,
    -0.001992864524230929,
    0.0,
    0.006709566856046782,
    0.001992864524230928,
    0.9999980142435224,
    0.0,
    -0.0020976574563609704,
    0.0,
    0.0,
    1.0,
    0.0,
    0.0,
    0.0,
    0.0,
    1.0
  ],
  "8": [
    0.9999978694166742,
    -0.002064258247394748,
    0.0,
    0.002049445126269328,
    0.0020642582473947473,
    0.9999978694166742,
    0.0,
    0.022300706428309978,
    0.0,
    0.0,
    1.0,
    0.0,
    0.0,
    0.0,
    0.0,
    1.0
  ],
  "9": [
    0.9999122026636486,
    0.013250923150131438,
    0.0,
    -0.011781065990698949,
    -0.013250923150131438,
    0.9999122026636486,
    0.0,
    -0.008447843166072498,
    0.0,
    0.0,
    1.0,
    0.0,
    0.0,
    0.0,
    0.0,
    1.0
  ]
}