{
  "0": [
    0.9999989245616049,
    -0.0014665863880599958,
    0.0,
    0.00042127460720252276,
    0.0014665863880599956,
    0.9999989245616049,
    0.0,
    -1.0266240943915196e-05,
    0.0,
    0.0,
    1.0,
    0.0,
    0.0,
    0.0,
    0.0,
    1.0
  ],
  "1": [
    0.9999989666417581,
    -0.00143760753191264,
    0.0,
    0.0010159772698008713,
    0.0014376075319126396,
    0.9999989666417582,
    0.0,
    -0.0005835758143491183,
    0.0,
    0.0,
    1.0,
    0.0,
    0.0,
    0.0,
    0.0,
    1.0
  ],
  "2": [
    0.9999997091141585,
    -0.0007627395352448501,
    0.0,
    0.0008155578604439025,
    0.0007627395352448501,
    0.9999997091141585,
    0.0,
    0.00016491276589210144,
    0.0,
    0.0,
    1.0,
    0.0,
    0.0,
    0.0,
    0.0,
    1.0
  ],
  "3": [
    0.9999966781804694,
    0.0025775236228828156,
    0.0,
    0.001619266327557783,
    -0.002577523622882816,
    0.9999966781804696,
    0.0,
    -0.0017621355675196638,
    0.0,
    0.0,
    1.0,
    0.0,
    0.0,
    0.0,
    0.0,
    1.0
  ],
  "4": [
    0.9999989934595552,
    0.001418830460724647,
    0.0,
    0.0013601521317319902,
    -0.0014188304607246473,
    0.9999989934595552,
    0.0,
    0.0007640837882807609,
    0.0,
    0.0,
    1.0,
    0.0,
    0.0,
    0.0,
    0.0,
    1.0
  ],
  "5": [
    0.9999956864829711,
    0.0029371781442698,
    0.0,
    0.000906952749423138,
    -0.0029371781442698,
    0.9999956864829711,
    0.0,
    -0.0019798001121441727,
    0.0,
    0.0,
    1.0,
    0.0,
    0.0,
    0.0,
    0.0,
    1.0
  ],
  "6": [
    0.999995396440218,
    -0.003034320083899437,
    0.0,
    -0.000859205634654687,
    0.0030343200838994374,
    0.999995396440218,
    0.0,
    0.0011527568319369904,
    0.0,
    0.0,
    1.0,
    0.0,
    0.0,
    0.0,
    0.0,
    1.0
  ],
  "7": [
    0.9999964867472467,
    0.0026507533200059055,
    0.0,
    0.0008533008474961451,
    -0.0026507533200059055,
    0.9999964867472468,
    0.0,
    -0.0009193815698367477,
    0.0,
    0.0,
    1.0,
    0.0,
    0.0,
    0.0,
    0.0,
    1.0
  ],
  "8": [
    0.9999999844346399,
    -0.000176438999131813,
    0.0,
    0.000397421779830351,
    0.0001764389991318131,
    0.9999999844346398,
    0.0,
    -0.00022424576746687388,
    0.0,
    0.0,
    1.0,
    0.0,
    0.0,
    0.0,
    0.0,
    1.0
  ],
  "9": [
    0.9999998198634847,
    -0.0006002274552612601,
    0.0,
    -0.0008031578962080939,
    0.0006002274552612602,
    0.9999998198634849,
    0.0,
    0.0005014177375957027,
    0.0,
    0.0,
    1.0,
    0.0,
    0.0,
    0.0,
    0.0,
    1.0
  ]
}