{
  "0": [
    0.9999996299951434,
    0.00086023809297769,
    0.0,
    -5.049072046706647e-05,
    -0.00086023809297769,
    0.9999996299951432,
    0.0,
    0.010367196720546767,
    0.0,
    0.0,
    1.0,
    0.0,
    0.0,
    0.0,
    0.0,
    1.0
  ],
  "1": [
    0.9999723356282412,
    -0.0074382779055366605,
    0.0,
    -0.008624244308485367,
    0.0074382779055366605,
    0.9999723356282412,
    0.0,
    0.0009524170220007544,
    0.0,
    0.0,
    1.0,
    0.0,
    0.0,
    0.0,
    0.0,
    1.0
  ],
  "2": [
    0.9999782042941294,
    -0.0066023432725737605,
    0.0,
    -0.0004718050790376723,
    0.00660234327257376,
    0.9999782042941293,
    0.0,
    -0.0038838317232568744,
    0.0,
    0.0,
    1.0,
    0.0,
    0.0,
    0.0,
    0.0,
    1.0
  ],
  "3": [
    0.9999949628256308,
    -0.0031740074614559476,
    0.0,
    -0.0016040509255807543,
    0.003174007461455948,
    0.9999949628256307,
    0.0,
    0.007832480353776438,
    0.0,
    0.0,
    1.0,
    0.0,
    0.0,
    0.0,
    0.0,
    1.0
  ],
  "4": [
    0.9999208985432628,
    -0.012577625230304786,
    0.0,
    0.008902531769984422,
    0.012577625230304786,
    0.9999208985432628,
    0.0,
    -0.0014296031907688313,
    0.0,
    0.0,
    1.0,
    0.0,
    0.0,
    0.0,
    0.0,
    1.0
  ],
  "5": [
    0.999966101308152,
    0.008233846887974053,
    0.0,
    0.0067228915086392765,
    -0.008233846887974053,
    0.999966101308152,
    0.0,
    0.00023518437561102865,
    0.0,
    0.0,
    1.0,
    0.0,
    0.0,
    0.0,
    0.0,
    1.0
  ],
  "6": [
    0.9999800687815418,
    -0.006313639177457469,
    0.0,
    0.0025037903237039656,
    0.00631363917745747,
    0.9999800687815418,
    0.0,
    -0.00685211188749402,
    0.0,
    0.0,
    1.0,
    0.0,
    0.0,
    0.0,
    0.0,
    1.0
  ],
  "7": [
    0.9999978385915164,
    0.0020791373921389025,
    0.0,
    -0.011150772879211747,
    -0.0020791373921389034,
    0.9999978385915164,
    0.0,
    0.0016156652285718742,
    0.0,
    0.0,
    1.0,
    0.0,
    0.0,
    0.0,
    0.0,
    1.0
  ],
  "8": [
    0.9999973780409043,
    0.0022899588023943956,
    0.0,
    -0.0013201412566198924,
    -0.002289958802394395,
    0.9999973780409044,
    0.0,
    0.016393322739408224,
    0.0,
    0.0,
    1.0,
    0.0,
    0.0,
    0.0,
    0.0,
    1.0
  ],
  "9": [
    0.9998986790577888,
    0.014234873321834072,
    0.0,
    -0.0075094081090013795,
    -0.014234873321834072,
    0.9998986790577888,
    0.0,
    -0.003085960793319361,
    0.0,
    0.0,
    1.0,
    0.0,
    0.0,
    0.0,
    0.0,
    1.0
  ]
}