{
  "0": [
    0.9998119666262316,
    -0.019391528846055047,
    0.0,
    -0.019663159406100826,
    0.019391528846055047,
    0.9998119666262315,
    0.0,
    -0.015241585438036026,
    0.0,
    0.0,
    1.0,
    0.0,
    0.0,
    0.0,
    0.0,
    1.0
  ],
  "1": [
    0.9999893195926987,
    -0.004621763790122241,
    0.0,
    -0.011622141868568248,
    0.00462176379012224,
    0.9999893195926987,
    0.0,
    -0.003622459341703868,
    0.0,
    0.0,
    1.0,
    0.0,
    0.0,
    0.0,
    0.0,
    1.0
  ],
  "2": [
    0.9998577098582907,
    0.016868907401911507,
    0.0,
    0.004856810255957493,
    -0.016868907401911507,
    0.9998577098582908,
    0.0,
    0.0005214706431273669,
    0.0,
    0.0,
    1.0,
    0.0,
    0.0,
    0.0,
    0.0,
    1.0
  ],
  "3": [
    0.9998775572260341,
    -0.01564834034964851,
    0.0,
    -0.006635112136120294,
    0.01564834034964851,
    0.9998775572260342,
    0.0,
    -0.014798247973425688,
    0.0,
    0.0,
    1.0,
    0.0,
    0.0,
    0.0,
    0.0,
    1.0
  ],
  "4": [
    0.9999612161142506,
    -0.008807171356849724,
    0.0,
    0.018828095616774124,
    0.008807171356849724,
    0.9999612161142506,
    0.0,
    0.02219070015374769,
    0.0,
    0.0,
    1.0,
    0.0,
    0.0,
    0.0,
    0.0,
    1.0
  ],
  "5": [
    0.9998902586559214,
    0.014814541673461091,
    0.0,
    -0.0029571583306821506,
    -0.014814541673461096,
    0.9998902586559214,
    0.0,
    -0.022018715895123043,
    0.0,
    0.0,
    1.0,
    0.0,
    0.0,
    0.0,
    0.0,
    1.0
  ],
  "6": [
    0.9999763724368269,
    -0.006874195813655646,
    0.0,
    0.00027503486290431545,
    0.006874195813655641,
    0.9999763724368269,
    0.0,
    0.0034302183695069936,
    0.0,
    0.0,
    1.0,
    0.0,
    0.0,
    0.0,
    0.0,
    1.0
  ],
  "7": [
    0.9993188243541165,
    0.0369037571462075,
    0.0,
    -0.006271794862299486,
    -0.0369037571462075,
    0.9993188243541165,
    0.0,
    -0.010587551704349829,
    0.0,
    0.0,
    1.0,
    0.0,
    0.0,
    0.0,
    0.0,
    1.0
  ],
  "8": [
    0.9998685408207274,
    -0.01621422452752828,
    0.0,
    0.003202677174047706,
    0.01621422452752828,
    0.9998685408207275,
    0.0,
    0.01028426233608578,
    0.0,
    0.0,
    1.0,
    0.0,
    0.0,
    0.0,
    0.0,
    1.0
  ],
  "9": [
    0.9990910848981506,
    -0.04262633079490112,
    0.0,
    0.005374575773832418,
    0.04262633079490112,
    0.9990910848981507,
    0.0,
    -0.0029261271274692094,
    0.0,
    0.0,
    1.0,
    0.0,
    0.0,
    0.0,
    0.0,
    1.0
  ]
}