{
  "0": [
    0.9999658350592046,
    -0.00826611845716701,
    0.0,
    0.001740215942261785,
    0.00826611845716701,
    0.9999658350592046,
    0.0,
    -0.006454192759636383,
    0.0,
    0.0,
    1.0,
    0.0,
    0.0,
    0.0,
    0.0,
    1.0
  ],
  "1": [
    0.9999723915672106,
    0.0074307538886195686,
    0.0,
    0.004113067062226219,
    -0.0074307538886195686,
    0.9999723915672107,
    0.0,
    0.0066497668547418655,
    0.0,
    0.0,
    1.0,
    0.0,
    0.0,
    0.0,
    0.0,
    1.0
  ],
  "2": [
    0.9999906170220193,
    0.00433195890113561,
    0.0,
    -0.005334877620986122,
    -0.00433195890113561,
    0.9999906170220193,
    0.0,
    0.00668230475093946,
    0.0,
    0.0,
    1.0,
    0.0,
    0.0,
    0.0,
    0.0,
    1.0
  ],
  "3": [
    0.9999585861618426,
    -0.009100876947243038,
    0.0,
    -0.007745834705226639,
    0.009100876947243038,
    0.9999585861618425,
    0.0,
    -0.01494943496366689,
    0.0,
    0.0,
    1.0,
    0.0,
    0.0,
    0.0,
    0.0,
    1.0
  ],
  "4": [
    0.9999970974846527,
    -0.002409361382146469,
    0.0,
    0.0037646961424659276,
    0.002409361382146468,
    0.9999970974846528,
    0.0,
    0.010573490779648042,
    0.0,
    0.0,
    1.0,
    0.0,
    0.0,
    0.0,
    0.0,
    1.0
  ],
  "5": [
    0.9999999818536816,
    -0.00019050626380806256,
    0.0,
    0.0020964616195715854,
    0.00019050626380806413,
    0.9999999818536816,
    0.0,
    -0.012209114921006207,
    0.0,
    0.0,
    1.0,
    0.0,
    0.0,
    0.0,
    0.0,
    1.0
  ],
  "6": [
    0.9999475150476975,
    -0.010245347721504995,
    0.0,
    -0.010042002923300819,
    0.010245347721504995,
    0.9999475150476975,
    0.0,
    -0.0028803324492997686,
    0.0,
    0.0,
    1.0,
    0.0,
    0.0,
    0.0,
    0.0,
    1.0
  ],
  "7": [
    0.9999934095393684,
    0.003630547868965353,
    0.0,
    0.005305555649884589,
    -0.003630547868965353,
    0.9999934095393684,
    0.0,
    -0.005536739601128018,
    0.0,
    0.0,
    1.0,
    0.0,
    0.0,
    0.0,
    0.0,
    1.0
  ],
  "8": [
    0.9999728741243841,
    0.007365528862129545,
    0.0,
    0.010518706952878704,
    -0.0073655288621295445,
    0.999972874124384,
    0.0,
    -0.0017136023535474455,
    0.0,
    0.0,
    1.0,
    0.0,
    0.0,
    0.0,
    0.0,
    1.0
  ],
  "9": [
    0.9999851211812847,
    -0.005455035843287076,
    0.0,
    -0.0003546328001568733,
    0.005455035843287076,
    0.9999851211812846,
    0.0,
    0.0009335505865407851,
    0.0,
    0.0,
    1.0,
    0.0,
    0.0,
    0.0,
    0.0,
    1.0
  ]
}