{
  "0": [
    0.9999131696755384,
    -0.01317775054468731,
    0.0,
    0.0058230750103577845,
    0.01317775054468731,
    0.9999131696755384,
    0.0,
    -0.013865944715072572,
    0.0,
    0.0,
    1.0,
    0.0,
    0.0,
    0.0,
    0.0,
    1.0
  ],
  "1": [
    0.999996495163021,
    0.0026475765661839686,
    0.0,
    -0.002299057758691289,
    -0.0026475765661839686,
    0.9999964951630211,
    0.0,
    0.0019676658358676064,
    0.0,
    0.0,
    1.0,
    0.0,
    0.0,
    0.0,
    0.0,
    1.0
  ],
  "2": [
    0.9998190514730736,
    0.019022731441190936,
    0.0,
    0.009069126193249635,
    -0.019022731441190932,
    0.9998190514730735,
    0.0,
    -0.004039674805354078,
    0.0,
    0.0,
    1.0,
    0.0,
    0.0,
    0.0,
    0.0,
    1.0
  ],
  "3": [
    0.9996170700744159,
    0.02767152355473766,
    0.0,
    -0.00874409747223503,
    -0.027671523554737662,
    0.9996170700744159,
    0.0,
    -0.0034561399158829983,
    0.0,
    0.0,
    1.0,
    0.0,
    0.0,
    0.0,
    0.0,
    1.0
  ],
  "4": [
    0.9999685155061924,
    -0.007935237636146095,
    0.0,
    -0.004704411470150384,
    0.007935237636146094,
    0.9999685155061923,
    0.0,
    0.004946089501976333,
    0.0,
    0.0,
    1.0,
    0.0,
    0.0,
    0.0,
    0.0,
    1.0
  ],
  "5": [
    0.9998532912561734,
    0.017128805101282247,
    0.0,
    -0.01832545311598998,
    -0.017128805101282247,
    0.9998532912561735,
    0.0,
    0.013031491613142342,
    0.0,
    0.0,
    1.0,
    0.0,
    0.0,
    0.0,
    0.0,
    1.0
  ],
  "6": [
    0.9996934208305616,
    0.024760136269612893,
    0.0,
    -0.01386092253497268,
    -0.024760136269612893,
    0.9996934208305616,
    0.0,
    -0.008544192500216019,
    0.0,
    0.0,
    1.0,
    0.0,
    0.0,
    0.0,
    0.0,
    1.0
  ],
  "7": [
    0.9999835811320392,
    0.005730398445349631,
    0.0,
    0.016646896473783597,
    -0.005730398445349631,
    0.9999835811320392,
    0.0,
    0.004328732104357943,
    0.0,
    0.0,
    1.0,
    0.0,
    0.0,
    0.0,
    0.0,
    1.0
  ],
  "8": [
    0.9999667871381906,
    0.0081501300924901,
    0.0,
    0.0017917311906336447,
    -0.008150130092490097,
    0.9999667871381906,
    0.0,
    -0.01639407295231448,
    0.0,
    0.0,
    1.0,
    0.0,
    0.0,
    0.0,
    0.0,
    1.0
  ],
  "9": [
    0.9998870017417075,
    0.015032755834458235,
    0.0,
    0.0010261609562402455,
    -0.015032755834458235,
    0.9998870017417076,
    0.0,
    0.01585065402403648,
    0.0,
    0.0,
    1.0,
    0.0,
    0.0,
    0.0,
    0.0,
    1.0
  ]
}