{
  "0": [
    0.9999815461506565,
    0.006075142643799235,
    0.0,
    -0.004272276225444214,
    -0.006075142643799236,
    0.9999815461506565,
    0.0,
    0.0009181553982628354,
    0.0,
    0.0,
    1.0,
    0.0,
    0.0,
    0.0,
    0.0,
    1.0
  ],
  "1": [
    0.9999691331599355,
    0.007857017714571483,
    0.0,
    -0.006383937959962477,
    -0.007857017714571484,
    0.9999691331599356,
    0.0,
    -0.0021514175243751853,
    0.0,
    0.0,
    1.0,
    0.0,
    0.0,
    0.0,
    0.0,
    1.0
  ],
  "2": [
    0.9999945680768192,
    0.003296030469486936,
    0.0,
    0.005685237138424837,
    -0.003296030469486936,
    0.9999945680768192,
    0.0,
    0.009853793071782501,
    0.0,
    0.0,
    1.0,
    0.0,
    0.0,
    0.0,
    0.0,
    1.0
  ],
  "3": [
    0.9999999401838151,
    0.00034587912078856513,
    0.0,
    -7.095526188300545e-06,
    -0.0003458791207885633,
    0.9999999401838151,
    0.0,
    0.005613789038192699,
    0.0,
    0.0,
    1.0,
    0.0,
    0.0,
    0.0,
    0.0,
    1.0
  ],
  "4": [
    0.999993218724931,
    0.0036827305294213886,
    0.0,
    0.008115578256166817,
    -0.0036827305294213886,
    0.999993218724931,
    0.0,
    -0.0009413628283985597,
    0.0,
    0.0,
    1.0,
    0.0,
    0.0,
    0.0,
    0.0,
    1.0
  ],
  "5": [
    0.999883557344428,
    -0.015260136049579102,
    0.0,
    0.005617579768036935,
    0.015260136049579104,
    0.9998835573444281,
    0.0,
    -0.007318993746502905,
    0.0,
    0.0,
    1.0,
    0.0,
    0.0,
    0.0,
    0.0,
    1.0
  ],
  "6": [
    0.9998873068116473,
    -0.015012450730995998,
    0.0,
    -0.0018742689016645435,
    0.015012450730995998,
    0.9998873068116473,
    0.0,
    -0.003458695152995024,
    0.0,
    0.0,
    1.0,
    0.0,
    0.0,
    0.0,
    0.0,
    1.0
  ],
  "7": [
    0.9999622036284518,
    -0.008694326571437818,
    0.0,
    0.00015750546954421737,
    0.008694326571437818,
    0.9999622036284518,
    0.0,
    0.006973464250331868,
    0.0,
    0.0,
    1.0,
    0.0,
    0.0,
    0.0,
    0.0,
    1.0
  ],
  "8": [
    0.9999249375556547,
    -0.012252316283848612,
    0.0,
    -0.0003297801904544183,
    0.012252316283848614,
    0.9999249375556548,
    0.0,
    0.0008874969082295582,
    0.0,
    0.0,
    1.0,
    0.0,
    0.0,
    0.0,
    0.0,
    1.0
  ],
  "9": [
    0.9998312392786523,
    -0.018370981533784417,
    0.0,
    0.0005047969792345858,
    0.018370981533784414,
    0.9998312392786521,
    0.0,
    0.0011864087170493998,
    0.0,
    0.0,
    1.0,
    0.0,
    0.0,
    0.0,
    0.0,
    1.0
  ]
}