{
  "0": [
    0.9999983382618363,
    -0.0018230396502784357,
    0.0,
    0.000725859622514387,
    0.0018230396502784362,
    0.9999983382618362,
    0.0,
    0.0002998686875482961,
    0.0,
    0.0,
    1.0,
    0.0,
    0.0,
    0.0,
    0.0,
    1.0
  ],
  "1": [
    0.9999939498422938,
    -0.0034785455018289304,
    0.0,
    -0.004982571678531291,
    0.0034785455018289304,
    0.9999939498422937,
    0.0,
    -0.0007781938547545446,
    0.0,
    0.0,
    1.0,
    0.0,
    0.0,
    0.0,
    0.0,
    1.0
  ],
  "2": [
    0.9999217325357483,
    0.012511147137950748,
    0.0,
    -0.008366005537079595,
    -0.012511147137950748,
    0.9999217325357483,
    0.0,
    0.004633800764616844,
    0.0,
    0.0,
    1.0,
    0.0,
    0.0,
    0.0,
    0.0,
    1.0
  ],
  "3": [
    0.9999966769248381,
    0.0025780107217144785,
    0.0,
    0.002250612161738407,
    -0.0025780107217144785,
    0.999996676924838,
    0.0,
    -0.004545417448082258,
    0.0,
    0.0,
    1.0,
    0.0,
    0.0,
    0.0,
    0.0,
    1.0
  ],
  "4": [
    0.9999453590679526,
    0.010453653833151028,
    0.0,
    -0.0061198009875649,
    -0.010453653833151028,
    0.9999453590679526,
    0.0,
    0.004188906470830275,
    0.0,
    0.0,
    1.0,
    0.0,
    0.0,
    0.0,
    0.0,
    1.0
  ],
  "5": [
    0.9999983618029845,
    0.0018100804809144905,
    0.0,
    0.0016119623496044467,
    -0.0018100804809144905,
    0.9999983618029844,
    0.0,
    0.0013478264747936652,
    0.0,
    0.0,
    1.0,
    0.0,
    0.0,
    0.0,
    0.0,
    1.0
  ],
  "6": [
    0.9999983121855637,
    0.001837287681357483,
    0.0,
    -0.004652198146371188,
    -0.0018372876813574838,
    0.9999983121855637,
    0.0,
    0.0014902514397365017,
    0.0,
    0.0,
    1.0,
    0.0,
    0.0,
    0.0,
    0.0,
    1.0
  ],
  "7": [
    0.9999741166921464,
    0.007194855506651166,
    0.0,
    0.001418002872419757,
    -0.007194855506651164,
    0.9999741166921463,
    0.0,
    0.003891779930004504,
    0.0,
    0.0,
    1.0,
    0.0,
    0.0,
    0.0,
    0.0,
    1.0
  ],
  "8": [
    0.999990620391739,
    0.004331180964196955,
    0.0,
    0.0008483643765353432,
    -0.004331180964196955,
    0.9999906203917392,
    0.0,
    0.0064039694901093965,
    0.0,
    0.0,
    1.0,
    0.0,
    0.0,
    0.0,
    0.0,
    1.0
  ],
  "9": [
    0.999998990124665,
    -0.0014211789648438265,
    0.0,
    0.0028240510339647,
    0.0014211789648438263,
    0.999998990124665,
    0.0,
    -0.004227522948899842,
    0.0,
    0.0,
    1.0,
    0.0,
    0.0,
    0.0,
    0.0,
    1.0
  ]
}