{
  "0": [
    0.9999980013504508,
    -0.0019993236616134627,
    0.0,
    0.000835308447659373,
    0.0019993236616134627,
    0.9999980013504507,
    0.0,
    -0.03679987745341834,
    0.0,
    0.0,
    1.0,
    0.0,
    0.0,
    0.0,
    0.0,
    1.0
  ],
  "1": [
    0.9999977502958244,
    -0.0021211796929671367,
    0.0,
    -0.013602983144384934,
    0.002121179692967134,
    0.9999977502958245,
    0.0,
    -0.003309082344253063,
    0.0,
    0.0,
    1.0,
    0.0,
    0.0,
    0.0,
    0.0,
    1.0
  ],
  "2": [
    0.9997579680589621,
    0.022000120513657385,
    0.0,
    0.011796993290664108,
    -0.022000120513657385,
    0.9997579680589621,
    0.0,
    -0.009128136594913745,
    0.0,
    0.0,
    1.0,
    0.0,
    0.0,
    0.0,
    0.0,
    1.0
  ],
  "3": [
    0.999981009208414,
    -0.006162890760165144,
    0.0,
    -0.0053914786300085366,
    0.006162890760165145,
    0.999981009208414,
    0.0,
    0.0024954049656355027,
    0.0,
    0.0,
    1.0,
    0.0,
    0.0,
    0.0,
    0.0,
    1.0
  ],
  "4": [
    0.9999628827465559,
    -0.008615864970947233,
    0.0,
    0.008485261657333472,
    0.00861586497094723,
    0.9999628827465558,
    0.0,
    -0.022677067100017607,
    0.0,
    0.0,
    1.0,
    0.0,
    0.0,
    0.0,
    0.0,
    1.0
  ],
  "5": [
    0.999992137315549,
    -0.003965514730804233,
    0.0,
    -0.010923355917228098,
    0.003965514730804234,
    0.9999921373155489,
    0.0,
    0.0017721387996019675,
    0.0,
    0.0,
    1.0,
    0.0,
    0.0,
    0.0,
    0.0,
    1.0
  ],
  "6": [
    0.9990106227175094,
    -0.04447219015940483,
    0.0,
    0.008845117915445422,
    0.04447219015940483,
    0.9990106227175095,
    0.0,
    -0.004368039128031914,
    0.0,
    0.0,
    1.0,
    0.0,
    0.0,
    0.0,
    0.0,
    1.0
  ],
  "7": [
    0.9994172438668495,
    0.03413462555221454,
    0.0,
    0.021959544217251332,
    -0.03413462555221453,
    0.9994172438668496,
    0.0,
    -0.004552813573375447,
    0.0,
    0.0,
    1.0,
    0.0,
    0.0,
    0.0,
    0.0,
    1.0
  ],
  "8": [
    0.9999264354660401,
    -0.01212945407588235,
    0.0,
    0.010740121829740386,
    0.012129454075882352,
    0.9999264354660402,
    0.0,
    0.011907143602358772,
    0.0,
    0.0,
    1.0,
    0.0,
    0.0,
    0.0,
    0.0,
    1.0
  ],
  "9": [
    0.9995626664259524,
    0.029571538469279828,
    0.0,
    0.002054880772494488,
    -0.029571538469279825,
    0.9995626664259524,
    0.0,
    0.0039829707122948105,
    0.0,
    0.0,
    1.0,
    0.0,
    0.0,
    0.0,
    0.0,
    1.0
  ]
}