{
  "0": [
    0.9999504132060801,
    -0.009958470213316016,
    0.0,
    -0.0036080430322596993,
    0.009958470213316018,
    0.9999504132060802,
    0.0,
    0.001255003793246905,
    0.0,
    0.0,
    1.0,
    0.0,
    0.0,
    0.0,
    0.0,
    1.0
  ],
  "1": [
    0.9999831291471957,
    -0.0058087366081585904,
    0.0,
    -0.007079267503834705,
    0.0058087366081585904,
    0.9999831291471958,
    0.0,
    0.009858729078951793,
    0.0,
    0.0,
    1.0,
    0.0,
    0.0,
    0.0,
    0.0,
    1.0
  ],
  "2": [
    0.9999095444835655,
    0.013450013035999103,
    0.0,
    0.00013547422343763516,
    -0.013450013035999103,
    0.9999095444835656,
    0.0,
    -0.0004042856584955659,
    0.0,
    0.0,
    1.0,
    0.0,
    0.0,
    0.0,
    0.0,
    1.0
  ],
  "3": [
    0.9999358864161174,
    -0.011323562037327671,
    0.0,
    0.009754763350255942,
    0.011323562037327671,
    0.9999358864161174,
    0.0,
    -0.00714808296595403,
    0.0,
    0.0,
    1.0,
    0.0,
    0.0,
    0.0,
    0.0,
    1.0
  ],
  "4": [
    0.9999916705057051,
    0.004081533928442324,
    0.0,
    -0.003330869922180619,
    -0.004081533928442324,
    0.9999916705057054,
    0.0,
    -0.00030451431395405685,
    0.0,
    0.0,
    1.0,
    0.0,
    0.0,
    0.0,
    0.0,
    1.0
  ],
  "5": [
    0.99996828249841,
    -0.007964546263297135,
    0.0,
    0.0026312589956504796,
    0.007964546263297137,
    0.99996828249841,
    0.0,
    0.004992622832328207,
    0.0,
    0.0,
    1.0,
    0.0,
    0.0,
    0.0,
    0.0,
    1.0
  ],
  "6": [
    0.9999600862746325,
    0.00893453175211218,
    0.0,
    -0.0019278012435653062,
    -0.00893453175211218,
    0.9999600862746325,
    0.0,
    0.003542962503437992,
    0.0,
    0.0,
    1.0,
    0.0,
    0.0,
    0.0,
    0.0,
    1.0
  ],
  "7": [
    0.9999834694749009,
    0.005749850166711949,
    0.0,
    -0.003758488779016538,
    -0.00574985016671195,
    0.9999834694749011,
    0.0,
    -2.086538007808528e-05,
    0.0,
    0.0,
    1.0,
    0.0,
    0.0,
    0.0,
    0.0,
    1.0
  ],
  "8": [
    0.9999021110562841,
    0.013991722738336898,
    0.0,
    -0.009705802860923856,
    -0.013991722738336898,
    0.9999021110562841,
    0.0,
    0.005547181404365969,
    0.0,
    0.0,
    1.0,
    0.0,
    0.0,
    0.0,
    0.0,
    1.0
  ],
  "9": [
    0.9999910797740036,
    -0.004223786502975552,
    0.0,
    0.007734457973573797,
    0.004223786502975552,
    0.9999910797740035,
    0.0,
    -0.0079577819349744,
    0.0,
    0.0,
    1.0,
    0.0,
    0.0,
    0.0,
    0.0,
    1.0
  ]
}