{
  "0": [
    0.9987042632100096,
    -0.05089002501622229,
    0.0,
    0.03390695060394294,
    0.05089002501622229,
    0.9987042632100097,
    0.0,
    -0.024134304769554027,
    0.0,
    0.0,
    1.0,
    0.0,
    0.0,
    0.0,
    0.0,
    1.0
  ],
  "1": [
    0.9999960200267519,
    0.002821334906744334,
    0.0,
    0.011619027235358709,
    -0.002821334906744335,
    0.9999960200267519,
    0.0,
    -0.020240336219795634,
    0.0,
    0.0,
    1.0,
    0.0,
    0.0,
    0.0,
    0.0,
    1.0
  ],
  "2": [
    0.9998063985114172,
    0.01967652143111976,
    0.0,
    0.008565024248698695,
    -0.01967652143111976,
    0.9998063985114171,
    0.0,
    -0.0033286959831497686,
    0.0,
    0.0,
    1.0,
    0.0,
    0.0,
    0.0,
    0.0,
    1.0
  ],
  "3": [
    0.9998887200796873,
    0.014918024581183544,
    0.0,
    0.009641480070017056,
    -0.014918024581183542,
    0.9998887200796873,
    0.0,
    0.017652627721399063,
    0.0,
    0.0,
    1.0,
    0.0,
    0.0,
    0.0,
    0.0,
    1.0
  ],
  "4": [
    0.9990810352728098,
    -0.04286122907956365,
    0.0,
    0.00013455871724064698,
    0.04286122907956365,
    0.9990810352728098,
    0.0,
    -0.006442555783134329,
    0.0,
    0.0,
    1.0,
    0.0,
    0.0,
    0.0,
    0.0,
    1.0
  ],
  "5": [
    0.9994202353699241,
    0.034046925457746534,
    0.0,
    -0.02207144425656234,
    -0.03404692545774654,
    0.9994202353699243,
    0.0,
    -0.021962467216208592,
    0.0,
    0.0,
    1.0,
    0.0,
    0.0,
    0.0,
    0.0,
    1.0
  ],
  "6": [
    0.9996952201564161,
    -0.024687381319513535,
    0.0,
    -0.01984895907780173,
    0.024687381319513535,
    0.9996952201564161,
    0.0,
    -0.0026811031692390687,
    0.0,
    0.0,
    1.0,
    0.0,
    0.0,
    0.0,
    0.0,
    1.0
  ],
  "7": [
    0.9999306853695381,
    -0.011773888754585548,
    0.0,
    0.003858054387257121,
    0.011773888754585548,
    0.9999306853695381,
    0.0,
    0.016210083598993657,
    0.0,
    0.0,
    1.0,
    0.0,
    0.0,
    0.0,
    0.0,
    1.0
  ],
  "8": [
    0.9999304712317085,
    -0.011792060987524004,
    0.0,
    -0.007953472608796305,
    0.011792060987523998,
    0.9999304712317084,
    0.0,
    0.030148215420043777,
    0.0,
    0.0,
    1.0,
    0.0,
    0.0,
    0.0,
    0.0,
    1.0
  ],
  "9": [
    0.9998890415855902,
    0.014896459883132766,
    0.0,
    0.00720588355139754,
    -0.014896459883132764,
    0.9998890415855901,
    0.0,
    -0.01456047658523821,
    0.0,
    0.0,
    1.0,
    0.0,
    0.0,
    0.0,
    0.0,
    1.0
  ]
}