{
  "0": [
    0.9999996674392138,
    -0.0008155497909821109,
    0.0,
    -0.02452725485213955,
    0.0008155497909821115,
    0.9999996674392139,
    0.0,
    0.00925082486106876,
    0.0,
    0.0,
    1.0,
    0.0,
    0.0,
    0.0,
    0.0,
    1.0
  ],
  "1": [
    0.9997914317685451,
    -0.020422853919147825,
    0.0,
    -0.018352038038409107,
    0.020422853919147825,
    0.9997914317685451,
    0.0,
    0.0036395645794067935,
    0.0,
    0.0,
    1.0,
    0.0,
    0.0,
    0.0,
    0.0,
    1.0
  ],
  "2": [
    0.9998067676071201,
    -0.019657757934261607,
    0.0,
    -0.013687610835009297,
    0.019657757934261607,
    0.9998067676071202,
    0.0,
    -0.013967510857441481,
    0.0,
    0.0,
    1.0,
    0.0,
    0.0,
    0.0,
    0.0,
    1.0
  ],
  "3": [
    0.9999966658650996,
    0.0025822971719731565,
    0.0,
    0.00042463835505018,
    -0.002582297171973154,
    0.9999966658650996,
    0.0,
    0.002574616249209351,
    0.0,
    0.0,
    1.0,
    0.0,
    0.0,
    0.0,
    0.0,
    1.0
  ],
  "4": [
    0.999791750501248,
    0.020407244538400985,
    0.0,
    0.009648862274895075,
    -0.020407244538400985,
    0.9997917505012481,
    0.0,
    -0.012709146926843136,
    0.0,
    0.0,
    1.0,
    0.0,
    0.0,
    0.0,
    0.0,
    1.0
  ],
  "5": [
    0.9999177627954694,
    0.012824493990162854,
    0.0,
    -0.006408652492559451,
    -0.012824493990162856,
    0.9999177627954693,
    0.0,
    0.0005233022041232268,
    0.0,
    0.0,
    1.0,
    0.0,
    0.0,
    0.0,
    0.0,
    1.0
  ],
  "6": [
    0.9999999999981822,
    -1.906670782981811e-06,
    0.0,
    0.015613815651302699,
    1.9066707829808663e-06,
    0.9999999999981822,
    0.0,
    -0.0041580987460670335,
    0.0,
    0.0,
    1.0,
    0.0,
    0.0,
    0.0,
    0.0,
    1.0
  ],
  "7": [
    0.9999906611922077,
    -0.004321750614192749,
    0.0,
    -0.030680892322985126,
    0.004321750614192748,
    0.9999906611922077,
    0.0,
    -0.015084663364756263,
    0.0,
    0.0,
    1.0,
    0.0,
    0.0,
    0.0,
    0.0,
    1.0
  ],
  "8": [
    0.9999661643993173,
    -0.008226181162438064,
    0.0,
    0.030988167179149234,
    0.008226181162438064,
    0.9999661643993175,
    0.0,
    -0.004064685043985342,
    0.0,
    0.0,
    1.0,
    0.0,
    0.0,
    0.0,
    0.0,
    1.0
  ],
  "9": [
    0.9999228884738421,
    0.012418418020360523,
    0.0,
    -0.003706448405977561,
    -0.012418418020360525,
    0.9999228884738423,
    0.0,
    -0.014797842839635308,
    0.0,
    0.0,
    1.0,
    0.0,
    0.0,
    0.0,
    0.0,
    1.0
  ]
}