{
  "0": [
    0.9999901745635218,
    -0.004432919626723487,
    0.0,
    0.01269000490233825,
    0.004432919626723487,
    0.9999901745635218,
    0.0,
    0.006349793335037695,
    0.0,
    0.0,
    1.0,
    0.0,
    0.0,
    0.0,
    0.0,
    1.0
  ],
  "1": [
    0.99995196407084,
    0.009801507581446982,
    0.0,
    0.0028587551483256015,
    -0.009801507581446982,
    0.99995196407084,
    0.0,
    0.01191268373160306,
    0.0,
    0.0,
    1.0,
    0.0,
    0.0,
    0.0,
    0.0,
    1.0
  ],
  "2": [
    0.9998393923541333,
    -0.017921760430198216,
    0.0,
    -0.005190017000558629,
    0.017921760430198216,
    0.9998393923541333,
    0.0,
    -0.005257645452494697,
    0.0,
    0.0,
    1.0,
    0.0,
    0.0,
    0.0,
    0.0,
    1.0
  ],
  "3": [
    0.999981077591905,
    -0.006151784954997936,
    0.0,
    -0.007080714260791754,
    0.006151784954997935,
    0.9999810775919051,
    0.0,
    0.008053325148465506,
    0.0,
    0.0,
    1.0,
    0.0,
    0.0,
    0.0,
    0.0,
    1.0
  ],
  "4": [
    0.9999408850389914,
    -0.010873197663928798,
    0.0,
    0.004669741964786126,
    0.0108731976639288,
    0.9999408850389913,
    0.0,
    0.0070183564863781234,
    0.0,
    0.0,
    1.0,
    0.0,
    0.0,
    0.0,
    0.0,
    1.0
  ],
  "5": [
    0.9999611655204519,
    0.008812913875632607,
    0.0,
    0.003496708818200073,
    -0.008812913875632607,
    0.9999611655204519,
    0.0,
    0.0012205869152050047,
    0.0,
    0.0,
    1.0,
    0.0,
    0.0,
    0.0,
    0.0,
    1.0
  ],
  "6": [
    0.9999588116615383,
    0.009076066353001056,
    0.0,
    -0.006107685339724661,
    -0.009076066353001056,
    0.9999588116615383,
    0.0,
    0.00510852865737792,
    0.0,
    0.0,
    1.0,
    0.0,
    0.0,
    0.0,
    0.0,
    1.0
  ],
  "7": [
    0.999919595052446,
    0.012680829237572442,
    0.0,
    0.009927024785937549,
    -0.01268082923757244,
    0.9999195950524459,
    0.0,
    0.00529601798710171,
    0.0,
    0.0,
    1.0,
    0.0,
    0.0,
    0.0,
    0.0,
    1.0
  ],
  "8": [
    0.999999949563564,
    0.0003176048954183113,
    0.0,
    -0.004279074737470861,
    -0.0003176048954183115,
    0.999999949563564,
    0.0,
    0.010877439646686676,
    0.0,
    0.0,
    1.0,
    0.0,
    0.0,
    0.0,
    0.0,
    1.0
  ],
  "9": [
    0.999976280738973,
    -0.006887522010869426,
    0.0,
    -0.010540480232213134,
    0.006887522010869427,
    0.9999762807389733,
    0.0,
    0.00968595902171047,
    0.0,
    0.0,
    1.0,
    0.0,
    0.0,
    0.0,
    0.0,
    1.0
  ]
}