{
  "0": [
    0.9999999962126123,
    -8.70331863585236e-05,
    0.0,
    -0.0004441271221144981,
    8.703318635852364e-05,
    0.9999999962126122,
    0.0,
    -0.0004605040096317555,
    0.0,
    0.0,
    1.0,
    0.0,
    0.0,
    0.0,
    0.0,
    1.0
  ],
  "1": [
    0.9999999999969819,
    -2.4569170165500742e-06,
    0.0,
    0.006048951821217942,
    2.4569170165500874e-06,
    0.9999999999969819,
    0.0,
    0.0023409503955130573,
    0.0,
    0.0,
    1.0,
    0.0,
    0.0,
    0.0,
    0.0,
    1.0
  ],
  "2": [
    0.999997706115421,
    0.002141906603031959,
    0.0,
    0.001364114860872256,
    -0.0021419066030319584,
    0.999997706115421,
    0.0,
    -0.0032379130378178515,
    0.0,
    0.0,
    1.0,
    0.0,
    0.0,
    0.0,
    0.0,
    1.0
  ],
  "3": [
    0.999978356465798,
    0.0065792552740944685,
    0.0,
    -0.003156151917377755,
    -0.0065792552740944685,
    0.9999783564657979,
    0.0,
    0.001458301427630151,
    0.0,
    0.0,
    1.0,
    0.0,
    0.0,
    0.0,
    0.0,
    1.0
  ],
  "4": [
    0.9999996995801602,
    -0.000775138432213715,
    0.0,
    0.006457391351105072,
    0.0007751384322137151,
    0.9999996995801603,
    0.0,
    -0.00128500461745993,
    0.0,
    0.0,
    1.0,
    0.0,
    0.0,
    0.0,
    0.0,
    1.0
  ],
  "5": [
    0.9999998455217901,
    0.0005558384621660846,
    0.0,
    -0.0028010260078856564,
    -0.0005558384621660843,
    0.9999998455217902,
    0.0,
    0.0008789209567764295,
    0.0,
    0.0,
    1.0,
    0.0,
    0.0,
    0.0,
    0.0,
    1.0
  ],
  "6": [
    0.9999700374853904,
    0.007741067850545638,
    0.0,
    -0.002284634319023882,
    -0.007741067850545639,
    0.9999700374853904,
    0.0,
    0.0016931920046289572,
    0.0,
    0.0,
    1.0,
    0.0,
    0.0,
    0.0,
    0.0,
    1.0
  ],
  "7": [
    0.9999999345434263,
    -0.0003618192132675642,
    0.0,
    0.0008070033125840947,
    0.00036181921326756446,
    0.9999999345434263,
    0.0,
    9.474827261211124e-05,
    0.0,
    0.0,
    1.0,
    0.0,
    0.0,
    0.0,
    0.0,
    1.0
  ],
  "8": [
    0.9999973059757764,
    0.0023212154552056607,
    0.0,
    0.0022283764246682583,
    -0.0023212154552056602,
    0.9999973059757762,
    0.0,
    -0.00023976800636002222,
    0.0,
    0.0,
    1.0,
    0.0,
    0.0,
    0.0,
    0.0,
    1.0
  ],
  "9": [
    0.9999879614391177,
    -0.004906829611603396,
    0.0,
    0.004413016628864874,
    0.004906829611603396,
    0.9999879614391178,
    0.0,
    0.0024949762285863325,
    0.0,
    0.0,
    1.0,
    0.0,
    0.0,
    0.0,
    0.0,
    1.0
  ]
}