{
  "0": [
    0.9999869905088776,
    0.00510086394623584,
    0.0,
    0.010387903717172239,
    -0.00510086394623584,
    0.9999869905088775,
    0.0,
    0.003163599519217807,
    0.0,
    0.0,
    1.0,
    0.0,
    0.0,
    0.0,
    0.0,
    1.0
  ],
  "1": [
    0.9998340558127035,
    0.0182170479803934,
    0.0,
    -0.0031248209513651225,
    -0.0182170479803934,
    0.9998340558127035,
    0.0,
    0.005191498044415764,
    0.0,
    0.0,
    1.0,
    0.0,
    0.0,
    0.0,
    0.0,
    1.0
  ],
  "2": [
    0.9999974198707279,
    -0.002271618781269352,
    0.0,
    0.00565340967523135,
    0.002271618781269352,
    0.9999974198707279,
    0.0,
    0.015996915360006834,
    0.0,
    0.0,
    1.0,
    0.0,
    0.0,
    0.0,
    0.0,
    1.0
  ],
  "3": [
    0.9998742671784044,
    0.01585716981207115,
    0.0,
    0.010972869957526894,
    -0.015857169812071147,
    0.9998742671784043,
    0.0,
    -0.01574972256826854,
    0.0,
    0.0,
    1.0,
    0.0,
    0.0,
    0.0,
    0.0,
    1.0
  ],
  "4": [
    0.999974119874323,
    -0.007194413219527694,
    0.0,
    -0.005187655209248223,
    0.007194413219527694,
    0.9999741198743229,
    0.0,
    0.011153400700885562,
    0.0,
    0.0,
    1.0,
    0.0,
    0.0,
    0.0,
    0.0,
    1.0
  ],
  "5": [
    0.9998630046635524,
    -0.0165520967002077,
    0.0,
    -0.0038036947884046756,
    0.016552096700207696,
    0.9998630046635524,
    0.0,
    0.004230484663832093,
    0.0,
    0.0,
    1.0,
    0.0,
    0.0,
    0.0,
    0.0,
    1.0
  ],
  "6": [
    0.9998901202559631,
    0.014823879873901043,
    0.0,
    -0.00500496005277098,
    -0.014823879873901042,
    0.999890120255963,
    0.0,
    0.003561632621525739,
    0.0,
    0.0,
    1.0,
    0.0,
    0.0,
    0.0,
    0.0,
    1.0
  ],
  "7": [
    0.9998172588710785,
    -0.019116716860459185,
    0.0,
    -0.0149929657970735,
    0.019116716860459185,
    0.9998172588710784,
    0.0,
    0.0004674582957107026,
    0.0,
    0.0,
    1.0,
    0.0,
    0.0,
    0.0,
    0.0,
    1.0
  ],
  "8": [
    0.9999211872795427,
    -0.012554649715127267,
    0.0,
    -2.8703081403434055e-07,
    0.012554649715127264,
    0.9999211872795427,
    0.0,
    -0.007705190134270649,
    0.0,
    0.0,
    1.0,
    0.0,
    0.0,
    0.0,
    0.0,
    1.0
  ],
  "9": [
    0.9999983631170042,
    -0.0018093543910438208,
    0.0,
    0.013331931171266763,
    0.001809354391043821,
    0.9999983631170042,
    0.0,
    -0.005554669036124786,
    0.0,
    0.0,
    1.0,
    0.0,
    0.0,
    0.0,
    0.0,
    1.0
  ]
}