{
  "0": [
    0.9999805475518553,
    -0.0062373486267607095,
    0.0,
    0.01352838671896927,
    0.00623734862676071,
    0.9999805475518554,
    0.0,
    -0.006288305118616941,
    0.0,
    0.0,
    1.0,
    0.0,
    0.0,
    0.0,
    0.0,
    1.0
  ],
  "1": [
    0.9991594956235607,
    -0.04099149064466601,
    0.0,
    0.00518490461316967,
    0.040991490644666013,
    0.9991594956235608,
    0.0,
    0.00305528969933346,
    0.0,
    0.0,
    1.0,
    0.0,
    0.0,
    0.0,
    0.0,
    1.0
  ],
  "2": [
    0.9999999589529935,
    -0.00028652052540601607,
    0.0,
    0.021662543216378297,
    0.00028652052540601515,
    0.9999999589529935,
    0.0,
    0.01868043296603357,
    0.0,
    0.0,
    1.0,
    0.0,
    0.0,
    0.0,
    0.0,
    1.0
  ],
  "3": [
    0.9998275945922235,
    0.01856828187874061,
    0.0,
    -0.013414229257558506,
    -0.01856828187874061,
    0.9998275945922235,
    0.0,
    -0.011377141431967854,
    0.0,
    0.0,
    1.0,
    0.0,
    0.0,
    0.0,
    0.0,
    1.0
  ],
  "4": [
    0.999630844965856,
    -0.02716935392769569,
    0.0,
    0.0034639663418698143,
    0.027169353927695695,
    0.999630844965856,
    0.0,
    -0.02713718355938446,
    0.0,
    0.0,
    1.0,
    0.0,
    0.0,
    0.0,
    0.0,
    1.0
  ],
  "5": [
    0.9995720132028459,
    -0.02925389583644591,
    0.0,
    0.010969862667627117,
    0.029253895836445908,
    0.9995720132028458,
    0.0,
    -0.016682625725672143,
    0.0,
    0.0,
    1.0,
    0.0,
    0.0,
    0.0,
    0.0,
    1.0
  ],
  "6": [
    0.9999205450604262,
    -0.012605695778517223,
    0.0,
    0.008508194823728,
    0.012605695778517223,
    0.999920545060426,
    0.0,
    -0.005122548146847566,
    0.0,
    0.0,
    1.0,
    0.0,
    0.0,
    0.0,
    0.0,
    1.0
  ],
  "7": [
    0.9999921366155764,
    0.0039656912404787996,
    0.0,
    0.01539212726994167,
    -0.0039656912404787996,
    0.9999921366155763,
    0.0,
    -0.01577831140386594,
    0.0,
    0.0,
    1.0,
    0.0,
    0.0,
    0.0,
    0.0,
    1.0
  ],
  "8": [
    0.9999630546585901,
    0.008595889591036196,
    0.0,
    0.01206809630091445,
    -0.008595889591036196,
    0.9999630546585901,
    0.0,
    0.01713592576675744,
    0.0,
    0.0,
    1.0,
    0.0,
    0.0,
    0.0,
    0.0,
    1.0
  ],
  "9": [
    0.999152272666249,
    0.041167171701123106,
    0.0,
    0.01803406734408282,
    -0.04116717170112311,
    0.9991522726662491,
    0.0,
    -0.015504689172888574,
    0.0,
    0.0,
    1.0,
    0.0,
    0.0,
    0.0,
    0.0,
    1.0
  ]
}