{
  "0": [
    0.9999016951840236,
    -0.014021411060098568,
    0.0,
    -0.00954424627406109,
    0.014021411060098564,
    0.9999016951840234,
    0.0,
    0.002061382135872557,
    0.0,
    0.0,
    1.0,
    0.0,
    0.0,
    0.0,
    0.0,
    1.0
  ],
  "1": [
    0.9999991124311833,
    0.0013323426158289447,
    0.0,
    0.00995286203300434,
    -0.0013323426158289436,
    0.9999991124311832,
    0.0,
    0.008187568962667854,
    0.0,
    0.0,
    1.0,
    0.0,
    0.0,
    0.0,
    0.0,
    1.0
  ],
  "2": [
    0.9999758423281022,
    0.006950881973004974,
    0.0,
    -0.010498020346721447,
    -0.006950881973004973,
    0.9999758423281021,
    0.0,
    -0.003951867197933832,
    0.0,
    0.0,
    1.0,
    0.0,
    0.0,
    0.0,
    0.0,
    1.0
  ],
  "3": [
    0.9990226179464157,
    -0.0442019098172269,
    0.0,
    0.020418231768397056,
    0.0442019098172269,
    0.9990226179464158,
    0.0,
    0.0011728039078894754,
    0.0,
    0.0,
    1.0,
    0.0,
    0.0,
    0.0,
    0.0,
    1.0
  ],
  "4": [
    0.9999425103400467,
    -0.010722686922842083,
    0.0,
    0.009944863748166326,
    0.010722686922842084,
    0.9999425103400469,
    0.0,
    0.0012599589132501448,
    0.0,
    0.0,
    1.0,
    0.0,
    0.0,
    0.0,
    0.0,
    1.0
  ],
  "5": [
    0.9999776504426507,
    -0.006685702296373731,
    0.0,
    0.0027223593283185916,
    0.006685702296373731,
    0.9999776504426507,
    0.0,
    -0.006538370449709993,
    0.0,
    0.0,
    1.0,
    0.0,
    0.0,
    0.0,
    0.0,
    1.0
  ],
  "6": [
    0.9998947684324897,
    0.014506965959062324,
    0.0,
    0.008584109703181332,
    -0.014506965959062326,
    0.9998947684324899,
    0.0,
    0.01117412169478491,
    0.0,
    0.0,
    1.0,
    0.0,
    0.0,
    0.0,
    0.0,
    1.0
  ],
  "7": [
    0.9999976821113521,
    0.0021530842815167366,
    0.0,
    -0.0084963146042072,
    -0.002153084281516738,
    0.999997682111352,
    0.0,
    0.0015039839380473446,
    0.0,
    0.0,
    1.0,
    0.0,
    0.0,
    0.0,
    0.0,
    1.0
  ],
  "8": [
    0.9998404568270818,
    0.017862275661631094,
    0.0,
    0.004844615304372739,
    -0.017862275661631098,
    0.999840456827082,
    0.0,
    0.004551847204212041,
    0.0,
    0.0,
    1.0,
    0.0,
    0.0,
    0.0,
    0.0,
    1.0
  ],
  "9": [
    0.9998519754466471,
    -0.01720544086727227,
    0.0,
    0.014709919007549619,
    0.01720544086727227,
    0.9998519754466471,
    0.0,
    0.011205911118136831,
    0.0,
    0.0,
    1.0,
    0.0,
    0.0,
    0.0,
    0.0,
    1.0
  ]
}