{
  "0": [
    0.9999966833701636,
    -0.0025755094005927353,
    0.0,
    -0.005867800374095415,
    0.002575509400592735,
    0.9999966833701637,
    0.0,
    -0.010484059127689968,
    0.0,
    0.0,
    1.0,
    0.0,
    0.0,
    0.0,
    0.0,
    1.0
  ],
  "1": [
    0.9999925865182613,
    -0.0038505724922201496,
    0.0,
    0.0012873191689250936,
    0.00385057249222015,
    0.9999925865182613,
    0.0,
    0.0038025668404007267,
    0.0,
    0.0,
    1.0,
    0.0,
    0.0,
    0.0,
    0.0,
    1.0
  ],
  "2": [
    0.9999964959402606,
    -0.002647282984564343,
    0.0,
    0.0031131382422339886,
    0.002647282984564343,
    0.9999964959402606,
    0.0,
    0.0024646191547474435,
    0.0,
    0.0,
    1.0,
    0.0,
    0.0,
    0.0,
    0.0,
    1.0
  ],
  "3": [
    0.9999243351855566,
    -0.012301378122911787,
    0.0,
    -0.01065783824640475,
    0.012301378122911785,
    0.9999243351855565,
    0.0,
    0.004475210407996674,
    0.0,
    0.0,
    1.0,
    0.0,
    0.0,
    0.0,
    0.0,
    1.0
  ],
  "4": [
    0.9997940565538842,
    0.020293951796748647,
    0.0,
    0.008086455604530123,
    -0.020293951796748647,
    0.9997940565538841,
    0.0,
    -0.009972051190596399,
    0.0,
    0.0,
    1.0,
    0.0,
    0.0,
    0.0,
    0.0,
    1.0
  ],
  "5": [
    0.9997995519192939,
    0.020021388113207875,
    0.0,
    0.00041288724150615646,
    -0.02002138811320787,
    0.9997995519192937,
    0.0,
    -0.010579793640601028,
    0.0,
    0.0,
    1.0,
    0.0,
    0.0,
    0.0,
    0.0,
    1.0
  ],
  "6": [
    0.9999994998201917,
    -0.001000179667092331,
    0.0,
    -0.0021691449097341817,
    0.0010001796670923307,
    0.9999994998201917,
    0.0,
    0.011862588126362397,
    0.0,
    0.0,
    1.0,
    0.0,
    0.0,
    0.0,
    0.0,
    1.0
  ],
  "7": [
    0.9999995955468022,
    -0.0008993921458829407,
    0.0,
    0.005568414245985943,
    0.0008993921458829392,
    0.9999995955468021,
    0.0,
    -0.00597179298559602,
    0.0,
    0.0,
    1.0,
    0.0,
    0.0,
    0.0,
    0.0,
    1.0
  ],
  "8": [
    0.9999780267928127,
    -0.006629172765333249,
    0.0,
    1.745548766708769e-06,
    0.006629172765333249,
    0.9999780267928128,
    0.0,
    -0.0014748274724125476,
    0.0,
    0.0,
    1.0,
    0.0,
    0.0,
    0.0,
    0.0,
    1.0
  ],
  "9": [
    0.9999993897111346,
    0.0011047974286027642,
    0.0,
    0.011414544383205362,
    -0.001104797428602764,
    0.9999993897111344,
    0.0,
    -0.005501084037400596,
    0.0,
    0.0,
    1.0,
    0.0,
    0.0,
    0.0,
    0.0,
    1.0
  ]
}