{
  "0": [
    0.9999855615072885,
    0.005373711655183214,
    0.0,
    -0.005176032201740925,
    -0.005373711655183213,
    0.9999855615072883,
    0.0,
    0.0021892057362757292,
    0.0,
    0.0,
    1.0,
    0.0,
    0.0,
    0.0,
    0.0,
    1.0
  ],
  "1": [
    0.9999599142588861,
    0.008953763195509867,
    0.0,
    0.0032156049756387603,
    -0.008953763195509867,
    0.9999599142588861,
    0.0,
    -0.009960561487838323,
    0.0,
    0.0,
    1.0,
    0.0,
    0.0,
    0.0,
    0.0,
    1.0
  ],
  "2": [
    0.9999622642673194,
    0.008687349502342892,
    0.0,
    -0.001797693273468504,
    -0.008687349502342893,
    0.9999622642673194,
    0.0,
    0.007570567401295486,
    0.0,
    0.0,
    1.0,
    0.0,
    0.0,
    0.0,
    0.0,
    1.0
  ],
  "3": [
    0.9999709628804128,
    0.007620590267179109,
    0.0,
    0.006778055309704284,
    -0.007620590267179109,
    0.9999709628804128,
    0.0,
    -0.007736953758684717,
    0.0,
    0.0,
    1.0,
    0.0,
    0.0,
    0.0,
    0.0,
    1.0
  ],
  "4": [
    0.999968307966917,
    -0.007961347987673329,
    0.0,
    0.00638972894108778,
    0.007961347987673329,
    0.9999683079669169,
    0.0,
    0.007741755942467962,
    0.0,
    0.0,
    1.0,
    0.0,
    0.0,
    0.0,
    0.0,
    1.0
  ],
  "5": [
    0.9999449231737403,
    -0.010495266507454552,
    0.0,
    0.009819959406558606,
    0.010495266507454552,
    0.9999449231737403,
    0.0,
    0.0068726471123358715,
    0.0,
    0.0,
    1.0,
    0.0,
    0.0,
    0.0,
    0.0,
    1.0
  ],
  "6": [
    0.999999881512166,
    -0.00048680145224387964,
    0.0,
    0.0028459370109513143,
    0.00048680145224387926,
    0.9999998815121659,
    0.0,
    -0.0015546671078607885,
    0.0,
    0.0,
    1.0,
    0.0,
    0.0,
    0.0,
    0.0,
    1.0
  ],
  "7": [
    0.9999998575970802,
    -0.0005336720144929909,
    0.0,
    0.0026454168350596246,
    0.0005336720144929909,
    0.9999998575970803,
    0.0,
    -0.003132102921092072,
    0.0,
    0.0,
    1.0,
    0.0,
    0.0,
    0.0,
    0.0,
    1.0
  ],
  "8": [
    0.9999739927722577,
    0.007212057896938537,
    0.0,
    0.000846578538201768,
    -0.007212057896938538,
    0.9999739927722577,
    0.0,
    0.004277770983132144,
    0.0,
    0.0,
    1.0,
    0.0,
    0.0,
    0.0,
    0.0,
    1.0
  ],
  "9": [
    0.9999998877681188,
    -0.00047377605518822153,
    0.0,
    0.0021476168781711952,
    0.00047377605518822186,
    0.9999998877681187,
    0.0,
    -0.0034496668233357296,
    0.0,
    0.0,
    1.0,
    0.0,
    0.0,
    0.0,
    0.0,
    1.0
  ]
}