{
  "/cave_1/lmd_root_0/half_0/plane_0/module_0": [
    0.9999957507093492,
    -0.0029152295356234675,
    0.0,
    -0.0021262887759156968,
    0.0029152295356234723,
    0.9999957507093492,
    0.0,
    0.0010712450678171948,
    0.0,
    0.0,
    1.0,
    0.0,
    0.0,
    0.0,
    0.0,
    1.0
  ],
  "/cave_1/lmd_root_0/half_0/plane_0/module_1": [
    0.9999924323532587,
    -0.0038904030913685965,
    0.0,
    -0.0002507609813999778,
    0.0038904030913686012,
    0.9999924323532589,
    0.0,
    -0.00223867687847612,
    0.0,
    0.0,
    1.0,
    0.0,
    0.0,
    0.0,
    0.0,
    1.0
  ],
  "/cave_1/lmd_root_0/half_0/plane_0/module_2": [
    0.9999956537489086,
    -0.0029483017642874788,
    0.0,
    -0.00571090285611997,
    0.0029483017642876258,
    0.9999956537489082,
    0.0,
    -0.0023044146347848127,
    0.0,
    0.0,
    1.0,
    0.0,
    0.0,
    0.0,
    0.0,
    1.0
  ],
  "/cave_1/lmd_root_0/half_0/plane_0/module_3": [
    0.9999962626596619,
    -0.002733983669991834,
    0.0,
    -0.005703329955209835,
    0.0027339836699920134,
    0.999996262659662,
    0.0,
    -0.005756377195094586,
    0.0,
    0.0,
    1.0,
    0.0,
    0.0,
    0.0,
    0.0,
    1.0
  ],
  "/cave_1/lmd_root_0/half_0/plane_0/module_4": [
    0.9999954827662866,
    -0.003005735687274214,
    0.0,
    -0.002379931416541581,
    0.0030057356872742235,
    0.9999954827662864,
    0.0,
    -0.006517108644438441,
    0.0,
    0.0,
    1.0,
    0.0,
    0.0,
    0.0,
    0.0,
    1.0
  ],
  "/cave_1/lmd_root_0/half_0/plane_1/module_0": [
    0.999989810072231,
    0.004514393835662822,
    0.0,
    0.013361993164783925,
    -0.004514393835662854,
    0.9999898100722311,
    0.0,
    -0.02423560431684324,
    0.0,
    0.0,
    1.0,
    0.0,
    0.0,
    0.0,
    0.0,
    1.0
  ],
  "/cave_1/lmd_root_0/half_0/plane_1/module_1": [
    0.9999973839096831,
    0.0022873945416258916,
    0.0,
    0.04119225980789443,
    -0.0022873945416260707,
    0.9999973839096833,
    0.0,
    -0.021040012555172183,
    0.0,
    0.0,
    1.0,
    0.0,
    0.0,
    0.0,
    0.0,
    1.0
  ],
  "/cave_1/lmd_root_0/half_0/plane_1/module_2": [
    0.9999999227989002,
    0.00039294044552592793,
    0.0,
    0.06149131052528374,
    -0.0003929404455259242,
    0.9999999227989003,
    0.0,
    0.0057714470431911025,
    0.0,
    0.0,
    1.0,
    0.0,
    0.0,
    0.0,
    0.0,
    1.0
  ],
  "/cave_1/lmd_root_0/half_0/plane_1/module_3": [
    0.9999990934163794,
    -0.0013465386810915514,
    0.0,
    0.05250508430183354,
    0.0013465386810916043,
    0.999999093416379,
    0.0,
    0.04265210329806646,
    0.0,
    0.0,
    1.0,
    0.0,
    0.0,
    0.0,
    0.0,
    1.0
  ],
  "/cave_1/lmd_root_0/half_0/plane_1/module_4": [
    0.9999985399333787,
    -0.0017088391121189539,
    0.0,
    0.020830770167155954,
    0.001708839112119001,
    0.9999985399333788,
    0.0,
    0.06929428817591621,
    0.0,
    0.0,
    1.0,
    0.0,
    0.0,
    0.0,
    0.0,
    1.0
  ],
  "/cave_1/lmd_root_0/half_0/plane_2/module_0": [
    0.9999588648563917,
    -0.009070203697668672,
    0.0,
    -0.03667017981777754,
    0.00907020369766871,
    0.9999588648563915,
    0.0,
    0.07690080747100181,
    0.0,
    0.0,
    1.0,
    0.0,
    0.0,
    0.0,
    0.0,
    1.0
  ],
  "/cave_1/lmd_root_0/half_0/plane_2/module_1": [
    0.9999926615870283,
    -0.0038310275502688057,
    0.0,
    -0.1220775325899317,
    0.0038310275502685845,
    0.9999926615870284,
    0.0,
    0.06771502221125125,
    0.0,
    0.0,
    1.0,
    0.0,
    0.0,
    0.0,
    0.0,
    1.0
  ],
  "/cave_1/lmd_root_0/half_0/plane_2/module_2": [
    0.9999964774907657,
    0.002654243029707194,
    0.0,
    -0.1842598412283405,
    -0.002654243029707184,
    0.9999964774907656,
    0.0,
    -0.010100908923687868,
    0.0,
    0.0,
    1.0,
    0.0,
    0.0,
    0.0,
    0.0,
    1.0
  ],
  "/cave_1/lmd_root_0/half_0/plane_2/module_3": [
    0.9999677369631599,
    0.008032747523519155,
    0.0,
    -0.16367754508717525,
    -0.008032747523519129,
    0.9999677369631599,
    0.0,
    -0.12571455844881108,
    0.0,
    0.0,
    1.0,
    0.0,
    0.0,
    0.0,
    0.0,
    1.0
  ],
  "/cave_1/lmd_root_0/half_0/plane_2/module_4": [
    0.9999506917120722,
    0.009930465474961648,
    0.0,
    -0.06808196899609076,
    -0.009930465474961707,
    0.9999506917120718,
    0.0,
    -0.20847256649997803,
    0.0,
    0.0,
    1.0,
    0.0,
    0.0,
    0.0,
    0.0,
    1.0
  ],
  "/cave_1/lmd_root_0/half_0/plane_3/module_0": [
    0.9999056970300331,
    0.013733064002025544,
    0.0,
    -0.07622955722614311,
    -0.013733064002025548,
    0.9999056970300331,
    0.0,
    0.20889984424576902,
    0.0,
    0.0,
    1.0,
    0.0,
    0.0,
    0.0,
    0.0,
    1.0
  ],
  "/cave_1/lmd_root_0/half_0/plane_3/module_1": [
    0.9996318019176937,
    0.027134122333047888,
    0.0,
    -0.29114330276792666,
    -0.02713412233304798,
    0.9996318019176937,
    0.0,
    0.1902181487519954,
    0.0,
    0.0,
    1.0,
    0.0,
    0.0,
    0.0,
    0.0,
    1.0
  ],
  "/cave_1/lmd_root_0/half_0/plane_3/module_2": [
    0.9989518232283227,
    0.045773954043863606,
    0.0,
    -0.457538222365703,
    -0.04577395404386371,
    0.9989518232283227,
    0.0,
    0.00655773101804602,
    0.0,
    0.0,
    1.0,
    0.0,
    0.0,
    0.0,
    0.0,
    1.0
  ],
  "/cave_1/lmd_root_0/half_0/plane_3/module_3": [
    0.998621714170553,
    0.052484969153710676,
    0.0,
    -0.3759106219205628,
    -0.05248496915371076,
    0.998621714170553,
    0.0,
    -0.26250171843900105,
    0.0,
    0.0,
    1.0,
    0.0,
    0.0,
    0.0,
    0.0,
    1.0
  ],
  "/cave_1/lmd_root_0/half_0/plane_3/module_4": [
    0.9985496629263783,
    0.05383837543626689,
    0.0,
    -0.1533703660110639,
    -0.053838375436266885,
    0.9985496629263783,
    0.0,
    -0.4383933763896293,
    0.0,
    0.0,
    1.0,
    0.0,
    0.0,
    0.0,
    0.0,
    1.0
  ],
  "/cave_1/lmd_root_0/half_1/plane_0/module_0": [
    0.9999999961462362,
    8.779252695663922e-05,
    0.0,
    0.0003112474712692048,
    -8.779252695665183e-05,
    0.9999999961462361,
    0.0,
    -0.001143190600292776,
    0.0,
    0.0,
    1.0,
    0.0,
    0.0,
    0.0,
    0.0,
    1.0
  ],
  "/cave_1/lmd_root_0/half_1/plane_0/module_1": [
    0.9999999999802515,
    -6.284635712969905e-06,
    0.0,
    3.7773692449505347e-06,
    6.284635712911587e-06,
    0.9999999999802517,
    0.0,
    1.797989995733218e-05,
    0.0,
    0.0,
    1.0,
    0.0,
    0.0,
    0.0,
    0.0,
    1.0
  ],
  "/cave_1/lmd_root_0/half_1/plane_0/module_2": [
    0.9999999959407802,
    9.010238780272786e-05,
    0.0,
    0.00047651279499533183,
    -9.010238780269241e-05,
    0.99999999594078,
    0.0,
    -5.8881763058238334e-05,
    0.0,
    0.0,
    1.0,
    0.0,
    0.0,
    0.0,
    0.0,
    1.0
  ],
  "/cave_1/lmd_root_0/half_1/plane_0/module_3": [
    0.9999999982650762,
    5.8905413822357125e-05,
    0.0,
    0.0004364557457159357,
    -5.890541382255732e-05,
    0.999999998265076,
    0.0,
    0.00027342884711956117,
    0.0,
    0.0,
    1.0,
    0.0,
    0.0,
    0.0,
    0.0,
    1.0
  ],
  "/cave_1/lmd_root_0/half_1/plane_0/module_4": [
    0.9999999999753727,
    -7.018162058583222e-06,
    0.0,
    7.237832964079871e-06,
    7.018162058654235e-06,
    0.9999999999753728,
    0.0,
    -6.692681208297913e-05,
    0.0,
    0.0,
    1.0,
    0.0,
    0.0,
    0.0,
    0.0,
    1.0
  ],
  "/cave_1/lmd_root_0/half_1/plane_1/module_0": [
    0.9999999902533502,
    -0.0001396184063618928,
    0.0,
    -0.0004369752302491037,
    0.0001396184063618852,
    0.9999999902533502,
    0.0,
    0.0005550895972539216,
    0.0,
    0.0,
    1.0,
    0.0,
    0.0,
    0.0,
    0.0,
    1.0
  ],