{
  "/cave_1/lmd_root_0/half_0/plane_0/module_0": [
    0.9999999999999923,
    -1.2626196525567782e-07,
    0.0,
    -1.780596834421999e-07,
    1.262619653551303e-07,
    0.9999999999999921,
    0.0,
    -5.511395082535842e-07,
    0.0,
    0.0,
    1.0,
    0.0,
    0.0,
    0.0,
    0.0,
    1.0
  ],
  "/cave_1/lmd_root_0/half_0/plane_0/module_1": [
    0.9999999999999983,
    6.495434423931504e-08,
    0.0,
    -1.3442750912417978e-08,
    -6.49543440514804e-08,
    0.9999999999999981,
    0.0,
    6.131318563973309e-07,
    0.0,
    0.0,
    1.0,
    0.0,
    0.0,
    0.0,
    0.0,
    1.0
  ],
  "/cave_1/lmd_root_0/half_0/plane_0/module_2": [
    0.9999999999999992,
    -3.923267231424182e-08,
    0.0,
    1.617367040296358e-08,
    3.9232672270804466e-08,
    0.9999999999999994,
    0.0,
    2.403942143125448e-07,
    0.0,
    0.0,
    1.0,
    0.0,
    0.0,
    0.0,
    0.0,
    1.0
  ],
  "/cave_1/lmd_root_0/half_0/plane_0/module_3": [
    0.9999999999999941,
    1.1213866325088611e-07,
    0.0,
    -1.8384458400078074e-07,
    -1.1213866320287965e-07,
    0.9999999999999937,
    0.0,
    5.296637448637398e-07,
    0.0,
    0.0,
    1.0,
    0.0,
    0.0,
    0.0,
    0.0,
    1.0
  ],
  "/cave_1/lmd_root_0/half_0/plane_0/module_4": [
    0.9999999999999833,
    -1.832794966867503e-07,
    0.0,
    3.891875630657182e-07,
    1.8327949676070717e-07,
    0.9999999999999832,
    0.0,
    -9.887010319342693e-07,
    0.0,
    0.0,
    1.0,
    0.0,
    0.0,
    0.0,
    0.0,
    1.0
  ],
  "/cave_1/lmd_root_0/half_0/plane_1/module_0": [
    0.9999999999999507,
    3.142905542005075e-07,
    0.0,
    -6.244588250936545e-07,
    -3.1429055415957877e-07,
    0.9999999999999505,
    0.0,
    9.90298700154213e-07,
    0.0,
    0.0,
    1.0,
    0.0,
    0.0,
    0.0,
    0.0,
    1.0
  ],
  "/cave_1/lmd_root_0/half_0/plane_1/module_1": [
    0.9999999999999948,
    1.0389631438022322e-07,
    0.0,
    -1.7443550017759435e-06,
    -1.0389631445303786e-07,
    0.9999999999999947,
    0.0,
    -2.224152706453708e-08,
    0.0,
    0.0,
    1.0,
    0.0,
    0.0,
    0.0,
    0.0,
    1.0
  ],
  "/cave_1/lmd_root_0/half_0/plane_1/module_2": [
    0.9999999999996552,
    -8.304902103093239e-07,
    0.0,
    5.375540457208672e-07,
    8.304902103813552e-07,
    0.9999999999996549,
    0.0,
    -4.05356272037416e-06,
    0.0,
    0.0,
    1.0,
    0.0,
    0.0,
    0.0,
    0.0,
    1.0
  ],
  "/cave_1/lmd_root_0/half_0/plane_1/module_3": [
    0.9999999999998564,
    5.354145656423498e-07,
    0.0,
    -8.344939690374531e-07,
    -5.3541456559205e-07,
    0.9999999999998563,
    0.0,
    2.6466982219197632e-06,
    0.0,
    0.0,
    1.0,
    0.0,
    0.0,
    0.0,
    0.0,
    1.0
  ],
  "/cave_1/lmd_root_0/half_0/plane_1/module_4": [
    0.9999999999999992,
    3.8620313227056514e-08,
    0.0,
    2.405580605824298e-07,
    -3.862031322563644e-08,
    0.9999999999999991,
    0.0,
    2.987508476159917e-07,
    0.0,
    0.0,
    1.0,
    0.0,
    0.0,
    0.0,
    0.0,
    1.0
  ],
  "/cave_1/lmd_root_0/half_0/plane_2/module_0": [
    0.9999999993489451,
    -3.6084755717005916e-05,
    0.0,
    -0.00016829665859052767,
    3.608475571694673e-05,
    0.9999999993489451,
    0.0,
    -3.341172641713186e-05,
    0.0,
    0.0,
    1.0,
    0.0,
    0.0,
    0.0,
    0.0,
    1.0
  ],
  "/cave_1/lmd_root_0/half_0/plane_2/module_1": [
    0.9999999993382529,
    3.637985379011899e-05,
    0.0,
    -3.931130790046922e-05,
    -3.637985379020982e-05,
    0.9999999993382529,
    0.0,
    0.0003584496751813937,
    0.0,
    0.0,
    1.0,
    0.0,
    0.0,
    0.0,
    0.0,
    1.0
  ],
  "/cave_1/lmd_root_0/half_0/plane_2/module_2": [
    0.999999995806916,
    -9.157602929239988e-05,
    0.0,
    0.00011429593040190866,
    9.157602929242916e-05,
    0.9999999958069158,
    0.0,
    -7.092474352843325e-05,
    0.0,
    0.0,
    1.0,
    0.0,
    0.0,
    0.0,
    0.0,
    1.0
  ],
  "/cave_1/lmd_root_0/half_0/plane_2/module_3": [
    0.9999999946338638,
    0.00010359667914534233,
    0.0,
    -0.00013215278662492835,
    -0.00010359667914535343,
    0.9999999946338639,
    0.0,
    0.0005375542810028833,
    0.0,
    0.0,
    1.0,
    0.0,
    0.0,
    0.0,
    0.0,
    1.0
  ],
  "/cave_1/lmd_root_0/half_0/plane_2/module_4": [
    0.9999999912948393,
    -0.00013194818133566827,
    0.0,
    0.0002422582280594554,
    0.00013194818133574121,
    0.9999999912948391,
    0.0,
    -0.0007383164102563455,
    0.0,
    0.0,
    1.0,
    0.0,
    0.0,
    0.0,
    0.0,
    1.0
  ],
  "/cave_1/lmd_root_0/half_0/plane_3/module_0": [
    0.9999999992169455,
    3.957409815357713e-05,
    0.0,
    -0.0003079557740246486,
    -3.9574098153565134e-05,
    0.9999999992169455,
    0.0,
    0.00040596296612682714,
    0.0,
    0.0,
    1.0,
    0.0,
    0.0,
    0.0,
    0.0,
    1.0
  ],
  "/cave_1/lmd_root_0/half_0/plane_3/module_1": [
    0.9999999822734664,
    0.00018828984827754536,
    0.0,
    -0.0006486607028914904,
    -0.00018828984827751392,
    0.9999999822734663,
    0.0,
    0.001221664441988013,
    0.0,
    0.0,
    1.0,
    0.0,
    0.0,
    0.0,
    0.0,
    1.0
  ],
  "/cave_1/lmd_root_0/half_0/plane_3/module_2": [
    0.9999999944163139,
    -0.00010567579103609387,
    0.0,
    0.00010876622263999991,
    0.00010567579103614474,
    0.9999999944163137,
    0.0,
    0.00019976294751766766,
    0.0,
    0.0,
    1.0,
    0.0,
    0.0,
    0.0,
    0.0,
    1.0
  ],
  "/cave_1/lmd_root_0/half_0/plane_3/module_3": [
    0.9999999999045299,
    -1.3818083389492593e-05,
    0.0,
    0.0003613215509572498,
    1.381808338940415e-05,
    0.9999999999045301,
    0.0,
    -0.00032558536905291646,
    0.0,
    0.0,
    1.0,
    0.0,
    0.0,
    0.0,
    0.0,
    1.0
  ],
  "/cave_1/lmd_root_0/half_0/plane_3/module_4": [
    0.9999999511140613,
    -0.000312684943972451,
    0.0,
    0.00054764714379818,
    0.0003126849439724301,
    0.9999999511140614,
    0.0,
    -0.0016421173416909518,
    0.0,
    0.0,
    1.0,
    0.0,
    0.0,
    0.0,
    0.0,
    1.0
  ],
  "/cave_1/lmd_root_0/half_1/plane_0/module_0": [
    0.9999999999999971,
    -7.624069484527618e-08,
    0.0,
    -3.1517069842834644e-08,
    7.624069482123745e-08,
    0.9999999999999969,
    0.0,
    -3.6757630450523493e-07,
    0.0,
    0.0,
    1.0,
    0.0,
    0.0,
    0.0,
    0.0,
    1.0
  ],
  "/cave_1/lmd_root_0/half_1/plane_0/module_1": [
    0.9999999999999941,
    1.0793219058472812e-07,
    0.0,
    -4.5811266691231367e-07,
    -1.079321904186658e-07,
    0.9999999999999941,
    0.0,
    3.972197692991841e-07,
    0.0,
    0.0,
    1.0,
    0.0,
    0.0,
    0.0,
    0.0,
    1.0
  ],
  "/cave_1/lmd_root_0/half_1/plane_0/module_2": [
    0.9999999999999999,
    9.674671121654587e-10,
    0.0,
    1.9964813713357898e-07,
    -9.674672284139896e-10,
    0.9999999999999999,
    0.0,
    -1.4828600569671835e-07,
    0.0,
    0.0,
    1.0,
    0.0,
    0.0,
    0.0,
    0.0,
    1.0
  ],
  "/cave_1/lmd_root_0/half_1/plane_0/module_3": [
    0.9999999999999886,
    1.5158340859058497e-07,
    0.0,
    -2.6871113778526023e-07,
    -1.515834085613855e-07,
    0.9999999999999886,
    0.0,
    9.014944957197457e-07,
    0.0,
    0.0,
    1.0,
    0.0,
    0.0,
    0.0,
    0.0,
    1.0
  ],
  "/cave_1/lmd_root_0/half_1/plane_0/module_4": [
    0.9999999999999968,
    7.756904967360837e-08,
    0.0,
    -1.0865012978200639e-07,
    -7.756904974177607e-08,
    0.999999999999997,
    0.0,
    2.013270274936474e-07,
    0.0,
    0.0,
    1.0,
    0.0,
    0.0,
    0.0,
    0.0,
    1.0
  ],
  "/cave_1/lmd_root_0/half_1/plane_1/module_0": [
    0.9999999999998509,
    5.45866191959126e-07,
    0.0,
    -2.4900155182194794e-07,
    -5.458661918879252e-07,
    0.9999999999998508,
    0.0,
    3.2280602686451942e-06,
    0.0,
    0.0,
    1.0,
    0.0,
    0.0,
    0.0,
    0.0,
    1.0
  ],