{
  "/cave_1/lmd_root_0/half_0/plane_0/module_0": [
    0.9999996190009868,
    0.0008729249006965607,
    0.0,
    0.001056540379367199,
    -0.0008729249006965602,
    0.9999996190009868,
    0.0,
    0.0005352470988599922,
    0.0,
    0.0,
    1.0,
    0.0,
    0.0,
    0.0,
    0.0,
    1.0
  ],
  "/cave_1/lmd_root_0/half_0/plane_0/module_1": [
    0.9999993482118249,
    -0.0011417424957007483,
    0.0,
    -0.0038304232071926236,
    0.001141742495700795,
    0.9999993482118247,
    0.0,
    -0.0016974682809602903,
    0.0,
    0.0,
    1.0,
    0.0,
    0.0,
    0.0,
    0.0,
    1.0
  ],
  "/cave_1/lmd_root_0/half_0/plane_0/module_2": [
    0.9999985276141293,
    0.0017160330919712768,
    0.0,
    0.003366903468310589,
    -0.0017160330919712978,
    0.9999985276141296,
    0.0,
    0.003637008205801706,
    0.0,
    0.0,
    1.0,
    0.0,
    0.0,
    0.0,
    0.0,
    1.0
  ],
  "/cave_1/lmd_root_0/half_0/plane_0/module_3": [
    0.999999535601905,
    0.0009637406159154533,
    0.0,
    -0.0009448332813173366,
    -0.0009637406159154969,
    0.9999995356019049,
    0.0,
    0.0022220652365265714,
    0.0,
    0.0,
    1.0,
    0.0,
    0.0,
    0.0,
    0.0,
    1.0
  ],
  "/cave_1/lmd_root_0/half_0/plane_0/module_4": [
    0.9999999910494676,
    -0.0001337948632230548,
    0.0,
    0.0002873520586224032,
    0.00013379486322319205,
    0.9999999910494676,
    0.0,
    0.002332024170805358,
    0.0,
    0.0,
    1.0,
    0.0,
    0.0,
    0.0,
    0.0,
    1.0
  ],
  "/cave_1/lmd_root_0/half_0/plane_1/module_0": [
    0.9999997777438404,
    -0.000666717533572726,
    0.0,
    -0.0027585182882097214,
    0.0006667175335727838,
    0.9999997777438402,
    0.0,
    -0.002219884662989946,
    0.0,
    0.0,
    1.0,
    0.0,
    0.0,
    0.0,
    0.0,
    1.0
  ],
  "/cave_1/lmd_root_0/half_0/plane_1/module_1": [
    0.999999132676546,
    0.001317059663179504,
    0.0,
    0.001732820722714301,
    -0.001317059663179497,
    0.9999991326765459,
    0.0,
    -0.0019354536774025544,
    0.0,
    0.0,
    1.0,
    0.0,
    0.0,
    0.0,
    0.0,
    1.0
  ],
  "/cave_1/lmd_root_0/half_0/plane_1/module_2": [
    0.9999938181642689,
    -0.0035161958486633303,
    0.0,
    -0.015709546989709722,
    0.00351619584866325,
    0.999993818164269,
    0.0,
    -0.01167627651698977,
    0.0,
    0.0,
    1.0,
    0.0,
    0.0,
    0.0,
    0.0,
    1.0
  ],
  "/cave_1/lmd_root_0/half_0/plane_1/module_3": [
    0.9999854200392416,
    -0.005399973050071409,
    0.0,
    -0.0030267997225719157,
    0.005399973050071401,
    0.9999854200392417,
    0.0,
    -0.014270971106676189,
    0.0,
    0.0,
    1.0,
    0.0,
    0.0,
    0.0,
    0.0,
    1.0
  ],
  "/cave_1/lmd_root_0/half_0/plane_1/module_4": [
    0.9999944035201718,
    -0.0033455834073852064,
    0.0,
    0.0016046123668260748,
    0.0033455834073852146,
    0.9999944035201717,
    0.0,
    -0.005250912732411628,
    0.0,
    0.0,
    1.0,
    0.0,
    0.0,
    0.0,
    0.0,
    1.0
  ],
  "/cave_1/lmd_root_0/half_0/plane_2/module_0": [
    0.9999944011063462,
    0.0033463048219451474,
    0.0,
    0.007798700553658833,
    -0.0033463048219451296,
    0.9999944011063457,
    0.0,
    0.005634803702203817,
    0.0,
    0.0,
    1.0,
    0.0,
    0.0,
    0.0,
    0.0,
    1.0
  ],
  "/cave_1/lmd_root_0/half_0/plane_2/module_1": [
    0.9999854888279739,
    -0.005387219456912584,
    0.0,
    -0.012317023261003257,
    0.005387219456912551,
    0.9999854888279742,
    0.0,
    -0.0013591419147460648,
    0.0,
    0.0,
    1.0,
    0.0,
    0.0,
    0.0,
    0.0,
    1.0
  ],
  "/cave_1/lmd_root_0/half_0/plane_2/module_2": [
    0.9999428058278713,
    0.010695095749152101,
    0.0,
    0.038528809478152404,
    -0.010695095749152068,
    0.9999428058278713,
    0.0,
    0.030401930139712263,
    0.0,
    0.0,
    1.0,
    0.0,
    0.0,
    0.0,
    0.0,
    1.0
  ],
  "/cave_1/lmd_root_0/half_0/plane_2/module_3": [
    0.9999160765947502,
    0.012955298814038051,
    0.0,
    0.004337694883081333,
    -0.01295529881403808,
    0.9999160765947501,
    0.0,
    0.03490536879615691,
    0.0,
    0.0,
    1.0,
    0.0,
    0.0,
    0.0,
    0.0,
    1.0
  ],
  "/cave_1/lmd_root_0/half_0/plane_2/module_4": [
    0.9999783090942028,
    0.006586451328172991,
    0.0,
    -0.0029156787395612227,
    -0.006586451328173054,
    0.9999783090942032,
    0.0,
    0.01661138865968903,
    0.0,
    0.0,
    1.0,
    0.0,
    0.0,
    0.0,
    0.0,
    1.0
  ],
  "/cave_1/lmd_root_0/half_0/plane_3/module_0": [
    0.9997971035503771,
    0.020143280077385084,
    0.0,
    0.009337424938335559,
    -0.020143280077385185,
    0.9997971035503773,
    0.0,
    0.014286334256793598,
    0.0,
    0.0,
    1.0,
    0.0,
    0.0,
    0.0,
    0.0,
    1.0
  ],
  "/cave_1/lmd_root_0/half_0/plane_3/module_1": [
    0.9997543218751446,
    -0.02216519550937688,
    0.0,
    -0.08553656671058985,
    0.02216519550937683,
    0.9997543218751449,
    0.0,
    -0.05147782528662592,
    0.0,
    0.0,
    1.0,
    0.0,
    0.0,
    0.0,
    0.0,
    1.0
  ],
  "/cave_1/lmd_root_0/half_0/plane_3/module_2": [
    0.9996096559061758,
    0.027938071142031146,
    0.0,
    0.01200615959261686,
    -0.02793807114203124,
    0.9996096559061757,
    0.0,
    0.043787400624224926,
    0.0,
    0.0,
    1.0,
    0.0,
    0.0,
    0.0,
    0.0,
    1.0
  ],
  "/cave_1/lmd_root_0/half_0/plane_3/module_3": [
    0.9999996009686648,
    0.0008933434452710174,
    0.0,
    -0.03587618826285599,
    -0.0008933434452710443,
    0.9999996009686648,
    0.0,
    -0.00656529605826206,
    0.0,
    0.0,
    1.0,
    0.0,
    0.0,
    0.0,
    0.0,
    1.0
  ],
  "/cave_1/lmd_root_0/half_0/plane_3/module_4": [
    0.99985388662202,
    -0.017094016697095822,
    0.0,
    0.01598057438846645,
    0.017094016697095923,
    0.99985388662202,
    0.0,
    0.03688897512531897,
    0.0,
    0.0,
    1.0,
    0.0,
    0.0,
    0.0,
    0.0,
    1.0
  ],
  "/cave_1/lmd_root_0/half_1/plane_0/module_0": [
    0.999998524091877,
    -0.001718084417939291,
    0.0,
    0.002226594002967097,
    0.001718084417939236,
    0.9999985240918773,
    0.0,
    0.007392580815855254,
    0.0,
    0.0,
    1.0,
    0.0,
    0.0,
    0.0,
    0.0,
    1.0
  ],
  "/cave_1/lmd_root_0/half_1/plane_0/module_1": [
    0.9999999999999671,
    2.5481861846960514e-07,
    0.0,
    -0.00025300483158829934,
    -2.548186185249565e-07,
    0.9999999999999675,
    0.0,
    0.0007840871784883241,
    0.0,
    0.0,
    1.0,
    0.0,
    0.0,
    0.0,
    0.0,
    1.0
  ],
  "/cave_1/lmd_root_0/half_1/plane_0/module_2": [
    0.9999990730585646,
    -0.0013615733586580638,
    0.0,
    0.0023443250589183506,
    0.001361573358658098,
    0.9999990730585647,
    0.0,
    -0.0019733203125027465,
    0.0,
    0.0,
    1.0,
    0.0,
    0.0,
    0.0,
    0.0,
    1.0
  ],
  "/cave_1/lmd_root_0/half_1/plane_0/module_3": [
    0.9999987165955869,
    0.001602125831307812,
    0.0,
    0.004594235451925499,
    -0.0016021258313077972,
    0.9999987165955869,
    0.0,
    0.004178287949178294,
    0.0,
    0.0,
    1.0,
    0.0,
    0.0,
    0.0,
    0.0,
    1.0
  ],
  "/cave_1/lmd_root_0/half_1/plane_0/module_4": [
    0.9999987000835356,
    0.0016123992183612128,
    0.0,
    -0.0012572810389839262,
    -0.001612399218361283,
    0.9999987000835355,
    0.0,
    0.0008372502296500883,
    0.0,
    0.0,
    1.0,
    0.0,
    0.0,
    0.0,
    0.0,
    1.0
  ],
  "/cave_1/lmd_root_0/half_1/plane_1/module_0": [
    0.9999901424237049,
    0.0044401638954919,
    0.0,
    -0.001656540376241189,
    -0.004440163895491875,
    0.999990142423705,
    0.0,
    -0.02448119480256583,
    0.0,
    0.0,
    1.0,
    0.0,
    0.0,
    0.0,
    0.0,
    1.0
  ],