{
  "/cave_1/lmd_root_0/half_0/plane_0/module_0": [
    1.0,
    0.0,
    0.0,
    -0.0023923396598547696,
    0.0,
    1.0,
    0.0,
    -0.012296222307558698,
    0.0,
    0.0,
    1.0,
    0.0,
    0.0,
    0.0,
    0.0,
    1.0
  ],
  "/cave_1/lmd_root_0/half_0/plane_0/module_1": [
    1.0,
    0.0,
    0.0,
    0.0011847334165045798,
    0.0,
    1.0,
    0.0,
    -0.006471313276903046,
    0.0,
    0.0,
    1.0,
    0.0,
    0.0,
    0.0,
    0.0,
    1.0
  ],
  "/cave_1/lmd_root_0/half_0/plane_0/module_2": [
    1.0,
    0.0,
    0.0,
    -0.006797306411899627,
    0.0,
    1.0,
    0.0,
    -0.006443587923054089,
    0.0,
    0.0,
    1.0,
    0.0,
    0.0,
    0.0,
    0.0,
    1.0
  ],
  "/cave_1/lmd_root_0/half_0/plane_0/module_3": [
    1.0,
    0.0,
    0.0,
    0.008875241434160172,
    0.0,
    1.0,
    0.0,
    -0.001769914861217221,
    0.0,
    0.0,
    1.0,
    0.0,
    0.0,
    0.0,
    0.0,
    1.0
  ],
  "/cave_1/lmd_root_0/half_0/plane_0/module_4": [
    1.0,
    0.0,
    0.0,
    0.015023619567263896,
    0.0,
    1.0,
    0.0,
    -0.00212858046914266,
    0.0,
    0.0,
    1.0,
    0.0,
    0.0,
    0.0,
    0.0,
    1.0
  ],
  "/cave_1/lmd_root_0/half_0/plane_1/module_0": [
    1.0,
    0.0,
    0.0,
    7.919628599739603e-06,
    0.0,
    1.0,
    0.0,
    -0.0006653120346535158,
    0.0,
    0.0,
    1.0,
    0.0,
    0.0,
    0.0,
    0.0,
    1.0
  ],
  "/cave_1/lmd_root_0/half_0/plane_1/module_1": [
    1.0,
    0.0,
    0.0,
    -0.01579773296669523,
    0.0,
    1.0,
    0.0,
    -0.007639724739420899,
    0.0,
    0.0,
    1.0,
    0.0,
    0.0,
    0.0,
    0.0,
    1.0
  ],
  "/cave_1/lmd_root_0/half_0/plane_1/module_2": [
    1.0,
    0.0,
    0.0,
    0.012340562968462308,
    0.0,
    1.0,
    0.0,
    0.004209954387971102,
    0.0,
    0.0,
    1.0,
    0.0,
    0.0,
    0.0,
    0.0,
    1.0
  ],
  "/cave_1/lmd_root_0/half_0/plane_1/module_3": [
    1.0,
    0.0,
    0.0,
    -0.01028984674718231,
    0.0,
    1.0,
    0.0,
    0.009368750076926547,
    0.0,
    0.0,
    1.0,
    0.0,
    0.0,
    0.0,
    0.0,
    1.0
  ],
  "/cave_1/lmd_root_0/half_0/plane_1/module_4": [
    1.0,
    0.0,
    0.0,
    0.003547166019114263,
    0.0,
    1.0,
    0.0,
    0.007413157192581524,
    0.0,
    0.0,
    1.0,
    0.0,
    0.0,
    0.0,
    0.0,
    1.0
  ],
  "/cave_1/lmd_root_0/half_0/plane_2/module_0": [
    1.0,
    0.0,
    0.0,
    0.013232747595757247,
    0.0,
    1.0,
    0.0,
    -0.015967225897333678,
    0.0,
    0.0,
    1.0,
    0.0,
    0.0,
    0.0,
    0.0,
    1.0
  ],
  "/cave_1/lmd_root_0/half_0/plane_2/module_1": [
    1.0,
    0.0,
    0.0,
    0.011442909524776041,
    0.0,
    1.0,
    0.0,
    0.004943457359737056,
    0.0,
    0.0,
    1.0,
    0.0,
    0.0,
    0.0,
    0.0,
    1.0
  ],
  "/cave_1/lmd_root_0/half_0/plane_2/module_2": [
    1.0,
    0.0,
    0.0,
    0.007084784726523883,
    0.0,
    1.0,
    0.0,
    0.0034799073217436673,
    0.0,
    0.0,
    1.0,
    0.0,
    0.0,
    0.0,
    0.0,
    1.0
  ],
  "/cave_1/lmd_root_0/half_0/plane_2/module_3": [
    1.0,
    0.0,
    0.0,
    -0.00011663711834297263,
    0.0,
    1.0,
    0.0,
    0.00035317193251103166,
    0.0,
    0.0,
    1.0,
    0.0,
    0.0,
    0.0,
    0.0,
    1.0
  ],
  "/cave_1/lmd_root_0/half_0/plane_2/module_4": [
    1.0,
    0.0,
    0.0,
    0.013574714078567923,
    0.0,
    1.0,
    0.0,
    -0.005969500951468944,
    0.0,
    0.0,
    1.0,
    0.0,
    0.0,
    0.0,
    0.0,
    1.0
  ],
  "/cave_1/lmd_root_0/half_0/plane_3/module_0": [
    1.0,
    0.0,
    0.0,
    0.0025421068134832405,
    0.0,
    1.0,
    0.0,
    -0.009327949548103183,
    0.0,
    0.0,
    1.0,
    0.0,
    0.0,
    0.0,
    0.0,
    1.0
  ],
  "/cave_1/lmd_root_0/half_0/plane_3/module_1": [
    1.0,
    0.0,
    0.0,
    -0.0010010400554165244,
    0.0,
    1.0,
    0.0,
    0.013690142072737218,
    0.0,
    0.0,
    1.0,
    0.0,
    0.0,
    0.0,
    0.0,
    1.0
  ],
  "/cave_1/lmd_root_0/half_0/plane_3/module_2": [
    1.0,
    0.0,
    0.0,
    -0.0015764750806436334,
    0.0,
    1.0,
    0.0,
    -0.023017738166662974,
    0.0,
    0.0,
    1.0,
    0.0,
    0.0,
    0.0,
    0.0,
    1.0
  ],
  "/cave_1/lmd_root_0/half_0/plane_3/module_3": [
    1.0,
    0.0,
    0.0,
    0.0004982842732515635,
    0.0,
    1.0,
    0.0,
    0.00016935022547841073,
    0.0,
    0.0,
    1.0,
    0.0,
    0.0,
    0.0,
    0.0,
    1.0
  ],
  "/cave_1/lmd_root_0/half_0/plane_3/module_4": [
    1.0,
    0.0,
    0.0,
    -0.001917450866392114,
    0.0,
    1.0,
    0.0,
    -0.008086867584111758,
    0.0,
    0.0,
    1.0,
    0.0,
    0.0,
    0.0,
    0.0,
    1.0
  ],
  "/cave_1/lmd_root_0/half_1/plane_0/module_0": [
    1.0,
    0.0,
    0.0,
    -0.013265664880163968,
    0.0,
    1.0,
    0.0,
    -0.006064777434803546,
    0.0,
    0.0,
    1.0,
    0.0,
    0.0,
    0.0,
    0.0,
    1.0
  ],
  "/cave_1/lmd_root_0/half_1/plane_0/module_1": [
    1.0,
    0.0,
    0.0,
    0.012374585741199554,
    0.0,
    1.0,
    0.0,
    -0.0021560708386823535,
    0.0,
    0.0,
    1.0,
    0.0,
    0.0,
    0.0,
    0.0,
    1.0
  ],
  "/cave_1/lmd_root_0/half_1/plane_0/module_2": [
    1.0,
    0.0,
    0.0,
    -0.016874540538829787,
    0.0,
    1.0,
    0.0,
    0.0092412589432903,
    0.0,
    0.0,
    1.0,
    0.0,
    0.0,
    0.0,
    0.0,
    1.0
  ],
  "/cave_1/lmd_root_0/half_1/plane_0/module_3": [
    1.0,
    0.0,
    0.0,
    -0.006463786048407578,
    0.0,
    1.0,
    0.0,
    -0.015687865987420082,
    0.0,
    0.0,
    1.0,
    0.0,
    0.0,
    0.0,
    0.0,
    1.0
  ],
  "/cave_1/lmd_root_0/half_1/plane_0/module_4": [
    1.0,
    0.0,
    0.0,
    -0.007139122139508021,
    0.0,
    1.0,
    0.0,
    0.006608085818588734,
    0.0,
    0.0,
    1.0,
    0.0,
    0.0,
    0.0,
    0.0,
    1.0
  ],
  "/cave_1/lmd_root_0/half_1/plane_1/module_0": [
    1.0,
    0.0,
    0.0,
    -0.01610126106068492,
    0.0,
    1.0,
    0.0,
    0.006690091587896743,
    0.0,
    0.0,
    1.0,
    0.0,
    0.0,
    0.0,
    0.0,
    1.0
  ],
  "/cave_1/lmd_root_0/half_1/plane_1/module_1": [
    1.0,
    0.0,
    0.0,
    0.008351870430633426,
    0.0,
    1.0,
    0.0,
    -0.011321470150724053,
    0.0,
    0.0,
    1.0,
    0.0,
    0.0,
    0.0,
    0.0,
    1.0
  ],
  "/cave_1/lmd_root_0/half_1/plane_1/module_2": [
    1.0,
    0.0,
    0.0,
    -0.0023662082431837915,
    0.0,
    1.0,
    0.0,
    -0.012276550863747659,
    0.0,
    0.0,
    1.0,
    0.0,
    0.0,
    0.0,
    0.0,
    1.0
  ],
  "/cave_1/lmd_root_0/half_1/plane_1/module_3": [
    1.0,
    0.0,
    0.0,
    0.009901594981686182,
    0.0,
    1.0,
    0.0,
    -0.00944602686385438,
    0.0,
    0.0,
    1.0,
    0.0,
    0.0,
    0.0,
    0.0,
    1.0
  ],
  "/cave_1/lmd_root_0/half_1/plane_1/module_4": [
    1.0,
    0.0,
    0.0,
    -0.005264699161055262,
    0.0,
    1.0,
    0.0,
    0.0103318898845464,
    0.0,
    0.0,
    1.0,
    0.0,
    0.0,
    0.0,
    0.0,
    1.0
  ],
  "/cave_1/lmd_root_0/half_1/plane_2/module_0": [
    1.0,
    0.0,
    0.0,
    0.010810860646888614,
    0.0,
    1.0,
    0.0,
    -0.003846936861863193,
    0.0,
    0.0,
    1.0,
    0.0,
    0.0,
    0.0,
    0.0,
    1.0
  ],
  "/cave_1/lmd_root_0/half_1/plane_2/module_1": [
    1.0,
    0.0,
    0.0,
    -0.021669716888219313,
    0.0,
    1.0,
    0.0,
    -0.005022114903205051,
    0.0,
    0.0,
    1.0,
    0.0,
    0.0,
    0.0,
    0.0,
    1.0
  ],
  "/cave_1/lmd_root_0/half_1/plane_2/module_2": [
    1.0,
    0.0,
    0.0,
    -0.012590341786805648,
    0.0,
    1.0,
    0.0,
    -0.0033150416361711877,
    0.0,
    0.0,
    1.0,
    0.0,
    0.0,
    0.0,
    0.0,
    1.0
  ],
  "/cave_1/lmd_root_0/half_1/plane_2/module_3": [
    1.0,
    0.0,
    0.0,
    0.005254093063995242,
    0.0,
    1.0,
    0.0,
    0.0023787496984004975,
    0.0,
    0.0,
    1.0,
    0.0,
    0.0,
    0.0,
    0.0,
    1.0
  ],