{
  "/cave_1/lmd_root_0/half_0/plane_0/module_0": [
    -6.93814061758502e-09,
    -0.00011778967740251839,
    -1.3689871826066056e-06,
    1.1336176797271946e-06,
    0.0001177896744069491,
    -6.939597119171026e-09,
    -2.1878669126254166e-06,
    -0.00024366848215395202,
    1.3692448812623293e-06,
    2.187705644847812e-06,
    -3.330780096177932e-12,
    -1.1862126257256023e-05,
    0.0,
    0.0,
    0.0,
    0.0
  ],
  "/cave_1/lmd_root_0/half_0/plane_1/module_0": [
    -4.6424086797003383e-10,
    -3.046916127634569e-05,
    -3.3195163558638996e-07,
    2.9127855231791955e-05,
    3.0469161184477626e-05,
    -4.6422388155775707e-10,
    -2.780611542668663e-07,
    -0.00010544283229077642,
    3.3196010771980477e-07,
    2.780510397909797e-07,
    -9.403589018575076e-14,
    -2.742084234341746e-06,
    0.0,
    0.0,
    0.0,
    0.0
  ],
  "/cave_1/lmd_root_0/half_0/plane_2/module_0": [
    -1.9364444492353527e-09,
    6.223053855948754e-05,
    5.001276510869138e-07,
    -6.790126453992684e-05,
    -6.223053927763125e-05,
    -1.9373502802011444e-09,
    1.4355269876500948e-06,
    0.00020791937246728833,
    -5.000383164884207e-07,
    -1.435558108010365e-06,
    -1.1554091017274004e-12,
    6.103527312006918e-06,
    0.0,
    0.0,
    0.0,
    0.0
  ],
  "/cave_1/lmd_root_0/half_0/plane_3/module_0": [
    -3.0401213768627144e-09,
    7.797156410744812e-05,
    8.230129800635886e-07,
    3.745355143180973e-05,
    -7.797156499156833e-05,
    -3.040359186634589e-09,
    1.0742183628438233e-06,
    0.0001329322044432953,
    -8.229292190835448e-07,
    -1.074282531257126e-06,
    -9.15489906105904e-13,
    6.611051730942563e-06,
    0.0,
    0.0,
    0.0,
    0.0
  ],
  "/cave_1/lmd_root_0/half_0/plane_0/module_1": [
    -4.060779490444588e-10,
    2.8451004230218436e-05,
    -1.6423551198527753e-06,
    5.0529041775604355e-05,
    -2.8451008637512972e-05,
    -4.083302584945159e-10,
    -2.6833749081222227e-06,
    -0.00045186168499178336,
    1.6422787744977316e-06,
    2.683421633716848e-06,
    -4.949152199174023e-12,
    -1.476249690313125e-05,
    0.0,
    0.0,
    0.0,
    0.0
  ],
  "/cave_1/lmd_root_0/half_0/plane_1/module_1": [
    -2.98875368898166e-11,
    -7.710556868632746e-06,
    -5.667028313787742e-07,
    1.0743583459316142e-05,
    7.710556832856899e-06,
    -2.9728774997295204e-11,
    -6.214707288568841e-08,
    -0.00010741076435927255,
    5.667033105983893e-07,
    6.214270335470136e-08,
    -1.6253665080512292e-13,
    -3.6575804642779985e-06,
    0.0,
    0.0,
    0.0,
    0.0
  ],
  "/cave_1/lmd_root_0/half_0/plane_2/module_1": [
    -9.664125055763861e-11,
    -1.3881601852814583e-05,
    7.629914667391186e-07,
    -7.568144129166399e-06,
    1.3881601230114412e-05,
    -9.668310596566698e-11,
    8.160018403365196e-07,
    9.64878008744563e-05,
    -7.630027941039454e-07,
    -8.159912486800651e-07,
    -6.23945339839338e-13,
    6.3253266944229836e-06,
    0.0,
    0.0,
    0.0,
    0.0
  ],
  "/cave_1/lmd_root_0/half_0/plane_3/module_1": [
    -1.52513557338807e-11,
    -5.416471946244275e-06,
    1.0794205902855648e-06,
    -5.1806888162531095e-05,
    5.416470121880306e-06,
    -1.6098344879367232e-11,
    1.6909350957186906e-06,
    0.0004458230798931595,
    -1.0794297491793192e-06,
    -1.6909292490268032e-06,
    -2.0122792321330962e-12,
    9.76271280705987e-06,
    0.0,
    0.0,
    0.0,
    0.0
  ],
  "/cave_1/lmd_root_0/half_0/plane_0/module_2": [
    -2.0423889246501403e-09,
    6.388972632599342e-05,
    -1.697338887007501e-06,
    6.612323249566288e-05,
    -6.388972942466517e-05,
    -2.0426152991248614e-09,
    -1.8257015352919599e-06,
    -0.0004917734221905334,
    1.697222240107795e-06,
    1.8258099741858938e-06,
    -3.1069591344135006e-12,
    -1.3796810208077659e-05,
    0.0,
    0.0,
    0.0,
    0.0
  ],
  "/cave_1/lmd_root_0/half_0/plane_1/module_2": [
    -1.7811752073271236e-11,
    -5.965216172718301e-06,
    2.0098908888769162e-07,
    3.609242240898425e-05,
    5.965216307438786e-06,
    -1.8014811864475178e-11,
    -6.671996742899586e-07,
    -0.00011630217786873231,
    -2.009851092508708e-07,
    6.672008730887346e-07,
    -2.431388423929093e-13,
    -1.0394614946562797e-07,
    0.0,
    0.0,
    0.0,
    0.0
  ],
  "/cave_1/lmd_root_0/half_0/plane_2/module_2": [
    -5.161783223073257e-10,
    -3.213025458579769e-05,
    6.890096610195518e-08,
    -2.0997063570504793e-05,
    3.213025457909451e-05,
    -5.161823191102144e-10,
    1.0672783642574438e-07,
    4.0191855408266974e-05,
    -6.89043954471129e-08,
    -1.067256226117087e-07,
    -8.326672684688674e-15,
    7.152975740609691e-07,
    0.0,
    0.0,
    0.0,
    0.0
  ],
  "/cave_1/lmd_root_0/half_0/plane_3/module_2": [
    -2.4682256238861555e-10,
    -2.2185392522723138e-05,
    1.2061509372121642e-06,
    -7.850623872496243e-05,
    2.2185390242137838e-05,
    -2.4788116004259564e-10,
    1.8904256853166955e-06,
    0.0005489746894937753,
    -1.2061928768691407e-06,
    -1.890398925968394e-06,
    -2.5142110615661295e-12,
    1.1185820312675787e-05,
    0.0,
    0.0,
    0.0,
    0.0
  ],
  "/cave_1/lmd_root_0/half_0/plane_0/module_3": [
    -3.324672759319469e-10,
    -2.5687007627025635e-05,
    -2.2610535276944877e-06,
    -6.229413718372712e-05,
    2.5687004547947004e-05,
    -3.308382456879144e-10,
    -1.3616813549553229e-06,
    -0.0004936610376304884,
    2.261088504471976e-06,
    1.3616232747773215e-06,
    -3.483213717458966e-12,
    -1.5750731336083845e-05,
    0.0,
    0.0,
    0.0,
    0.0
  ],
  "/cave_1/lmd_root_0/half_0/plane_1/module_3": [
    -6.917311168308515e-11,
    -1.1759538515509705e-05,
    -2.401668882929389e-07,
    -3.548691319288366e-05,
    1.1759538395586137e-05,
    -6.926936801932015e-11,
    -4.992979789827071e-07,
    -8.841932302772193e-05,
    2.4017275980198404e-07,
    4.992951547258163e-07,
    -1.5365486660812167e-13,
    -2.2557030661118915e-06,
    0.0,
    0.0,
    0.0,
    0.0
  ],
  "/cave_1/lmd_root_0/half_0/plane_2/module_3": [
    -6.475919800408292e-11,
    1.13644363219783e-05,
    6.068493307284968e-07,
    3.2127511294000044e-05,
    -1.1364436826466795e-05,
    -6.492073545416588e-11,
    8.32439075223821e-07,
    0.00017445026258755547,
    -6.068398705657965e-07,
    -8.324459716496635e-07,
    -5.305755834683623e-13,
    5.057971748101409e-06,
    0.0,
    0.0,
    0.0,
    0.0
  ],
  "/cave_1/lmd_root_0/half_0/plane_3/module_3": [
    -2.925107933648974e-10,
    2.4134454522859393e-05,
    1.5965860255432256e-06,
    6.316285311136483e-05,
    -2.413445418034269e-05,
    -2.9125923894923744e-10,
    -2.1432940913980735e-07,
    0.0003905667406520763,
    -1.596591197797962e-06,
    2.1429087638296948e-07,
    -1.297406626576958e-12,
    8.917910236050375e-06,
    0.0,
    0.0,
    0.0,
    0.0
  ],
  "/cave_1/lmd_root_0/half_0/plane_0/module_4": [
    -1.1501319896467521e-09,
    -4.793543582202796e-05,
    -1.5680735799663562e-06,
    -2.0384467880774082e-05,
    4.793543666503178e-05,
    -1.1490468576624835e-09,
    5.372802335966588e-07,
    0.00023738089847391564,
    1.5680478233802022e-06,
    -5.37355399257722e-07,
    -1.3739009929736312e-12,
    -8.755991984799039e-06,
    0.0,
    0.0,
    0.0,
    0.0
  ],
  "/cave_1/lmd_root_0/half_0/plane_1/module_4": [
    -8.920109095811313e-11,
    1.3355878676099474e-05,
    1.5291226693149259e-07,
    -3.682111683112055e-05,
    -1.3355878639838228e-05,
    -8.921796634808743e-11,
    -2.3891698508962185e-07,
    0.0001517042982772665,
    -1.5291545791710685e-07,
    2.389149428280052e-07,
    -4.04121180963557e-14,
    3.1978674996935297e-07,
    0.0,
    0.0,
    0.0,
    0.0
  ],