{
  "/cave_1/lmd_root_0/half_0/plane_0/module_0": [
    0.9999999999853344,
    1.2638371662555295e-07,
    -5.414261396673012e-06,
    3.485921166961276e-05,
    -1.263967552465937e-07,
    0.9999999999970921,
    -2.408161050438714e-06,
    7.372747144702464e-05,
    5.414261092325473e-06,
    2.4081617349130147e-06,
    0.9999999999824429,
    -1.2577108918776503e-06,
    0.0,
    0.0,
    0.0,
    1.0
  ],
  "/cave_1/lmd_root_0/half_0/plane_1/module_0": [
    0.9999999999940234,
    -1.172894317077779e-06,
    -3.252515451465807e-06,
    2.338614976546919e-05,
    1.1729213791163901e-06,
    0.9999999999646974,
    8.320409802647672e-06,
    -1.3470030414035566e-05,
    3.2525056924246516e-06,
    -8.320413617434121e-06,
    0.9999999999600959,
    -9.366010544908931e-07,
    0.0,
    0.0,
    0.0,
    1.0
  ],
  "/cave_1/lmd_root_0/half_0/plane_2/module_0": [
    0.9999999998577627,
    -1.443380288546952e-05,
    8.72589051209319e-06,
    -9.78657416173135e-05,
    1.4433856777353256e-05,
    0.9999999998767608,
    -6.1760589421307145e-06,
    -0.00011571274283083202,
    -8.725801366977724e-06,
    6.176184889416654e-06,
    0.9999999999428573,
    -6.577270141860936e-07,
    0.0,
    0.0,
    0.0,
    1.0
  ],
  "/cave_1/lmd_root_0/half_0/plane_3/module_0": [
    0.9999999998842697,
    1.519828318786964e-05,
    -6.884210421476286e-07,
    -0.00013301924044007395,
    -1.5198283181454252e-05,
    0.9999999998845068,
    9.492906685341128e-09,
    6.105830761622862e-05,
    6.884211863405882e-07,
    -9.482443886225341e-09,
    0.9999999999997629,
    -2.5830559025052935e-08,
    0.0,
    0.0,
    0.0,
    1.0
  ],
  "/cave_1/lmd_root_0/half_0/plane_0/module_1": [
    0.9999999990098578,
    4.4492389580627835e-05,
    8.445353892161954e-07,
    -7.923505062637829e-05,
    -4.4492382192611645e-05,
    0.9999999989719583,
    -8.747052259725428e-06,
    -0.0001817485394006715,
    -8.449245655736128e-07,
    8.747014675611828e-06,
    0.9999999999613878,
    -1.0032521231551073e-05,
    0.0,
    0.0,
    0.0,
    1.0
  ],
  "/cave_1/lmd_root_0/half_0/plane_1/module_1": [
    0.9999999999065876,
    2.757837707485933e-06,
    -1.338723388092867e-05,
    4.693360845364758e-05,
    -2.757947437428032e-06,
    0.9999999999626046,
    -8.19665686008771e-06,
    -3.801327667511418e-05,
    1.3387211275357532e-05,
    8.196693780588445e-06,
    0.9999999998767986,
    -2.5040226319106296e-06,
    0.0,
    0.0,
    0.0,
    1.0
  ],
  "/cave_1/lmd_root_0/half_0/plane_2/module_1": [
    0.999999999869551,
    -1.1393916174401368e-05,
    1.1448918131544797e-05,
    -4.936336475312372e-05,
    1.139386350127292e-05,
    0.9999999999245064,
    4.600789968021659e-06,
    -5.3934070701986206e-05,
    -1.144897055172051e-05,
    -4.600659520019143e-06,
    0.9999999999238778,
    5.185667987461784e-06,
    0.0,
    0.0,
    0.0,
    1.0
  ],
  "/cave_1/lmd_root_0/half_0/plane_3/module_1": [
    0.9999999994582598,
    -3.290513960824433e-05,
    8.550230286975384e-07,
    7.287838302740945e-06,
    3.290512979911413e-05,
    0.9999999993928379,
    1.1470675546047657e-05,
    -0.00012111825917999336,
    -8.554004723595154e-07,
    -1.1470647405165756e-05,
    0.9999999999338463,
    6.012020548951114e-06,
    0.0,
    0.0,
    0.0,
    1.0
  ],
  "/cave_1/lmd_root_0/half_0/plane_0/module_2": [
    0.9999999911296005,
    0.00013275544225337324,
    -1.0806884748432608e-05,
    -0.00010327350418263756,
    -0.00013275547623999525,
    0.9999999911830482,
    -3.1442087188067294e-06,
    -0.00034130310690298326,
    1.0806467241887951e-05,
    3.14564336390972e-06,
    0.9999999999366622,
    -1.6723131238904898e-05,
    0.0,
    0.0,
    0.0,
    1.0
  ],
  "/cave_1/lmd_root_0/half_0/plane_1/module_2": [
    0.9999999999568416,
    2.675262729103655e-06,
    8.897184108452111e-06,
    -1.1879553536743581e-05,
    -2.6753419728939995e-06,
    0.9999999999567577,
    8.906620731380287e-06,
    -0.000102718504836459,
    -8.897160279838517e-06,
    -8.906644533792056e-06,
    0.999999999920756,
    3.1404422315972624e-06,
    0.0,
    0.0,
    0.0,
    1.0
  ],
  "/cave_1/lmd_root_0/half_0/plane_2/module_2": [
    0.9999999988087032,
    -4.864660048576285e-05,
    4.012500685176375e-06,
    -5.7966234673035785e-05,
    4.864656613546503e-05,
    0.9999999987801167,
    8.56030552991971e-06,
    0.00012594218835976657,
    -4.012917110497662e-06,
    -8.560110325513745e-06,
    0.99999999995531,
    2.6466204872122034e-06,
    0.0,
    0.0,
    0.0,
    1.0
  ],
  "/cave_1/lmd_root_0/half_0/plane_3/module_2": [
    0.999999996920343,
    -7.84487978862335e-05,
    -2.2585168399763938e-06,
    4.049577592926744e-05,
    7.84487642576752e-05,
    0.9999999968120985,
    -1.4886049666713177e-05,
    0.0005180469125780456,
    2.259684626132219e-06,
    1.4885872443266413e-05,
    0.9999999998866529,
    9.47809553508705e-06,
    0.0,
    0.0,
    0.0,
    1.0
  ],
  "/cave_1/lmd_root_0/half_0/plane_0/module_3": [
    0.9999999986291614,
    5.186081361605531e-05,
    7.220274691330174e-06,
    0.00010094711351109516,
    -5.186078700908118e-05,
    0.9999999986484396,
    -3.685181115455662e-06,
    -3.677950849779034e-05,
    -7.2204657980675775e-06,
    3.6848066612550876e-06,
    0.9999999999671441,
    -7.4113611390203005e-06,
    0.0,
    0.0,
    0.0,
    1.0
  ],
  "/cave_1/lmd_root_0/half_0/plane_1/module_3": [
    0.9999999999548099,
    7.721277506317149e-07,
    -9.475505343943854e-06,
    0.00012174337232137913,
    -7.720677285084297e-07,
    0.9999999999796394,
    6.334472774892887e-06,
    -1.8058232707085856e-05,
    9.475510234837757e-06,
    -6.334465458940585e-06,
    0.9999999999350446,
    -5.249461764833541e-06,
    0.0,
    0.0,
    0.0,
    1.0
  ],
  "/cave_1/lmd_root_0/half_0/plane_2/module_3": [
    0.9999999999590963,
    -9.035890787009503e-06,
    4.0288321383542063e-07,
    -4.809609373021887e-05,
    9.035891306433017e-06,
    0.9999999999583467,
    -1.2890303007318706e-06,
    6.112003117591001e-05,
    -4.0287156622780016e-07,
    1.2890339410254341e-06,
    0.9999999999990883,
    2.4425523861282272e-06,
    0.0,
    0.0,
    0.0,
    1.0
  ],
  "/cave_1/lmd_root_0/half_0/plane_3/module_3": [
    0.9999999991903106,
    -4.019391659785046e-05,
    1.9565631618930117e-06,
    -2.5502963400800814e-05,
    4.0193919994047245e-05,
    0.9999999991907194,
    -1.7353626421032736e-06,
    -2.6862852121518286e-05,
    -1.956493409361157e-06,
    1.7354412826511568e-06,
    0.9999999999965801,
    8.509109420629102e-06,
    0.0,
    0.0,
    0.0,
    1.0
  ],
  "/cave_1/lmd_root_0/half_0/plane_0/module_4": [
    0.999999999960477,
    7.0395068375276365e-06,
    5.430581619179943e-06,
    2.415345707094778e-05,
    -7.03950700658198e-06,
    0.9999999999752212,
    3.1071949164071184e-08,
    0.0002955553374123479,
    -5.430581400327623e-06,
    -3.111017772053082e-08,
    0.999999999985254,
    -8.671537671034457e-06,
    0.0,
    0.0,
    0.0,
    1.0
  ],
  "/cave_1/lmd_root_0/half_0/plane_1/module_4": [
    0.9999999998301665,
    1.800935260950513e-05,
    -3.915506987860209e-06,
    5.955294144886509e-05,
    -1.800932174011618e-05,
    0.999999999806757,
    7.883592434657557e-06,
    0.0002332033401847393,
    3.915648965443962e-06,
    -7.883521917651132e-06,
    0.999999999961259,
    -4.4363368942867965e-06,
    0.0,
    0.0,
    0.0,
    1.0
  ],
  "/cave_1/lmd_root_0/half_0/plane_2/module_4": [
    0.9999999998858062,
    -1.3952896527166363e-05,
    5.805463146103453e-06,
    0.00013099912010853913,
    1.395291418342444e-05,
    0.9999999998980327,
    -3.0413397699920024e-06,
    -0.0001400809638094705,
    -5.80542070998157e-06,
    3.0414207727067437e-06,
    0.9999999999785234,
    3.3209316825377755e-06,
    0.0,
    0.0,
    0.0,
    1.0
  ],