{
  "/cave_1/lmd_root_0/half_0/plane_0/module_0": [
    0.9999981393320706,
    -0.0019290755286963926,
    -2.3236194040020637e-18,
    0.0007445065542047952,
    0.0019290755286963054,
    0.9999981393320709,
    -1.1448302663483859e-20,
    0.0032916205791759384,
    6.787022773907162e-20,
    3.361131187048862e-21,
    1.0,
    -4.570401909897573e-23,
    0.0,
    0.0,
    0.0,
    1.0
  ],
  "/cave_1/lmd_root_0/half_0/plane_0/module_1": [
    0.9999946692248928,
    0.003265198584571132,
    -5.116206879225123e-18,
    0.01274232526599456,
    -0.003265198584571257,
    0.9999946692248929,
    2.2033969221157756e-18,
    0.009687829186616053,
    2.7318327641403353e-19,
    -5.076722869522605e-18,
    1.0,
    -2.2737364660787504e-13,
    0.0,
    0.0,
    0.0,
    1.0
  ],
  "/cave_1/lmd_root_0/half_0/plane_0/module_2": [
    0.9999943112748007,
    -0.0033730428452806147,
    -2.0038641452809403e-18,
    0.0028016151571580677,
    0.003373042845281108,
    0.9999943112748002,
    1.9301659364344183e-18,
    0.0014297070248869839,
    2.3096460935212224e-19,
    -2.1302117067646327e-18,
    1.0,
    -5.088465524959423e-22,
    0.0,
    0.0,
    0.0,
    1.0
  ],
  "/cave_1/lmd_root_0/half_0/plane_0/module_3": [
    0.9999995610122524,
    0.0009370033634282175,
    -1.033426463040563e-18,
    0.00893528776644544,
    -0.0009370033634288023,
    0.999999561012252,
    4.8082151679032836e-18,
    -0.02030771277714557,
    2.84520139367977e-18,
    1.5972844087984823e-17,
    1.0000000000000002,
    2.2737358640413404e-13,
    0.0,
    0.0,
    0.0,
    1.0
  ],
  "/cave_1/lmd_root_0/half_0/plane_0/module_4": [
    0.9999990592192199,
    0.001371699921654716,
    -5.47979902698273e-18,
    0.01661274574010927,
    -0.0013716999216544258,
    0.9999990592192197,
    -4.307535142795318e-19,
    -0.00390921197649334,
    -2.618099033074951e-19,
    5.331016374149414e-18,
    1.0,
    1.1495373550926966e-20,
    0.0,
    0.0,
    0.0,
    1.0
  ],
  "/cave_1/lmd_root_0/half_0/plane_1/module_0": [
    0.9999967688816622,
    0.0025420909180973697,
    -3.9014392961116374e-18,
    0.004849663885148584,
    -0.002542090918097444,
    0.9999967688816616,
    5.1685603000765516e-21,
    0.03257007971472809,
    -1.1312981401713672e-17,
    -2.438434987018989e-21,
    1.0000000000000002,
    1.2693643156992004e-20,
    0.0,
    0.0,
    0.0,
    1.0
  ],
  "/cave_1/lmd_root_0/half_0/plane_1/module_1": [
    0.9999997238980581,
    -0.0007431041710592508,
    -4.4100906753456625e-18,
    -0.005726235525546018,
    0.0007431041710586404,
    0.9999997238980576,
    1.8173127116826403e-18,
    0.0013239937077218966,
    3.6199236823347724e-18,
    -5.929517284511562e-18,
    1.0000000000000002,
    -2.2737362253114907e-13,
    0.0,
    0.0,
    0.0,
    1.0
  ],
  "/cave_1/lmd_root_0/half_0/plane_1/module_2": [
    0.9999942027687233,
    -0.003405059315873892,
    -4.276519721233942e-18,
    0.005218591136739702,
    0.0034050593158737406,
    0.9999942027687234,
    6.527208105737981e-18,
    8.455281665058643e-05,
    -1.1397506889551493e-18,
    2.094967118967396e-18,
    1.0000000000000002,
    2.1452392667825377e-21,
    0.0,
    0.0,
    0.0,
    1.0
  ],
  "/cave_1/lmd_root_0/half_0/plane_1/module_3": [
    0.9999824706262879,
    0.005921016816913981,
    -3.772748351691133e-19,
    -0.007173513465028907,
    -0.005921016816913834,
    0.9999824706262883,
    6.001453687237785e-18,
    -0.00846246468600558,
    -2.3811266546492425e-19,
    4.802729981514507e-18,
    1.0,
    2.273736450558444e-13,
    0.0,
    0.0,
    0.0,
    1.0
  ],
  "/cave_1/lmd_root_0/half_0/plane_1/module_4": [
    0.9999989877449936,
    -0.0014228524122683937,
    1.5147623056452646e-19,
    -0.01857390753640623,
    0.0014228524122675739,
    0.999998987744994,
    2.576021299778748e-18,
    -0.00864647672253379,
    -3.6047418881600626e-18,
    1.0012311134255088e-18,
    1.0000000000000002,
    -5.0320248065098876e-21,
    0.0,
    0.0,
    0.0,
    1.0
  ],
  "/cave_1/lmd_root_0/half_0/plane_2/module_0": [
    0.9999964723571635,
    0.002656176430305997,
    3.6932502556969295e-18,
    -0.012564929604647678,
    -0.0026561764303059286,
    0.999996472357163,
    3.8999090842940556e-21,
    0.00115994197732407,
    2.5648074505889455e-18,
    -6.465296278090645e-21,
    1.0000000000000002,
    -2.9416790182395677e-21,
    0.0,
    0.0,
    0.0,
    1.0
  ],
  "/cave_1/lmd_root_0/half_0/plane_2/module_1": [
    0.9999998781667834,
    0.0004936257878856812,
    -5.93540900438315e-19,
    0.0032670910297781554,
    -0.0004936257878855958,
    0.9999998781667834,
    3.321101079086141e-18,
    -0.023319956650835444,
    2.7318327641403353e-19,
    -5.076722869522605e-18,
    1.0,
    2.88353570227441e-20,
    0.0,
    0.0,
    0.0,
    1.0
  ],
  "/cave_1/lmd_root_0/half_0/plane_2/module_2": [
    0.9999949695700936,
    0.003171881855947062,
    6.973224510489692e-19,
    -0.015506723677006206,
    -0.0031718818559469467,
    0.9999949695700933,
    -2.867948001850001e-18,
    -0.009084009146281281,
    2.3096460935212224e-19,
    -2.1302117067646327e-18,
    1.0,
    -5.088465524959423e-22,
    0.0,
    0.0,
    0.0,
    1.0
  ],
  "/cave_1/lmd_root_0/half_0/plane_2/module_3": [
    0.9999982073982148,
    0.0018934625311444564,
    -1.4714167250514822e-18,
    0.0028718588336842134,
    -0.0018934625311449326,
    0.9999982073982149,
    5.280273913902792e-18,
    0.003691119070319328,
    -2.3811266546492425e-19,
    4.802729981514507e-18,
    1.0,
    -3.038738765634048e-20,
    0.0,
    0.0,
    0.0,
    1.0
  ],
  "/cave_1/lmd_root_0/half_0/plane_2/module_4": [
    0.9999999849729505,
    -0.00017336118426422955,
    6.578609746701562e-19,
    0.00337229553220068,
    0.00017336118426443197,
    0.9999999849729501,
    1.9409536883901002e-18,
    0.013277110784742552,
    -3.6047418881600626e-18,
    1.0012311134255088e-18,
    1.0000000000000002,
    -5.0320248065098876e-21,
    0.0,
    0.0,
    0.0,
    1.0
  ],
  "/cave_1/lmd_root_0/half_0/plane_3/module_0": [
    0.9999968405814957,
    -0.0025137277155073898,
    -1.1180753449793495e-19,
    0.0026036291765614127,
    0.0025137277155077463,
    0.9999968405814953,
    -1.1736732781966399e-20,
    -0.00038942998409188974,
    2.5648062712670976e-18,
    -3.9620767389427768e-22,
    1.0000000000000002,
    -2.8864561064805626e-21,
    0.0,
    0.0,
    0.0,
    1.0
  ],
  "/cave_1/lmd_root_0/half_0/plane_3/module_1": [
    0.999992626748723,
    0.0038401104396370875,
    3.8196617713004874e-18,
    0.013025778482131056,
    -0.0038401104396371608,
    0.9999926267487235,
    -4.444075553402601e-18,
    -0.008759005184450084,
    7.218013307814042e-18,
    -8.53427208783688e-18,
    1.0,
    -2.2737358758821643e-13,
    0.0,
    0.0,
    0.0,
    1.0
  ],
  "/cave_1/lmd_root_0/half_0/plane_3/module_2": [
    0.999998808975673,
    0.001543388232542317,
    -5.445402632187397e-18,
    0.0001642538778789649,
    -0.0015433882325421402,
    0.9999988089756728,
    1.2304719088164805e-17,
    0.008591301733464488,
    -1.1397506889551493e-18,
    2.094967118967396e-18,
    1.0000000000000002,
    2.273736775884713e-13,
    0.0,
    0.0,
    0.0,
    1.0
  ],
  "/cave_1/lmd_root_0/half_0/plane_3/module_3": [
    0.9999999955670372,
    -9.415904762079552e-05,
    3.936049145388461e-20,
    0.008587442972665048,
    9.415904762077611e-05,
    0.9999999955670367,
    1.470872052880612e-17,
    -0.00013766053396860323,
    -2.3811266546492425e-19,
    4.802729981514507e-18,
    1.0,
    2.273736450558444e-13,
    0.0,
    0.0,
    0.0,
    1.0
  ],