{
  "/cave_1/lmd_root_0/half_0/plane_0/module_0": [
    0.9999979714057661,
    -0.002014245355199229,
    -1.1112798447099761e-17,
    -0.0005752558833623956,
    0.0020142453551992906,
    0.9999979714057663,
    -8.218870277933743e-21,
    0.0036947723726690855,
    6.787007449767511e-20,
    4.149750184424943e-21,
    1.0,
    2.2737367540470371e-13,
    0.0,
    0.0,
    0.0,
    1.0
  ],
  "/cave_1/lmd_root_0/half_0/plane_0/module_1": [
    0.9999942976016372,
    0.003377094047963349,
    -6.587163129996184e-18,
    0.012790946863773123,
    -0.003377094047963544,
    0.9999942976016369,
    -3.7694034915781464e-19,
    0.008738539922397405,
    2.7318327641403353e-19,
    -5.076722869522605e-18,
    1.0,
    -2.2737364660787504e-13,
    0.0,
    0.0,
    0.0,
    1.0
  ],
  "/cave_1/lmd_root_0/half_0/plane_0/module_2": [
    0.9999958529972892,
    -0.0028799285100839745,
    -2.1552638887024555e-18,
    0.0023503154613738484,
    0.002879928510084479,
    0.9999958529972885,
    4.845418693032775e-18,
    -0.00023917467994197407,
    -1.1397506889551493e-18,
    2.094967118967396e-18,
    1.0000000000000002,
    2.273736775884713e-13,
    0.0,
    0.0,
    0.0,
    1.0
  ],
  "/cave_1/lmd_root_0/half_0/plane_0/module_3": [
    0.9999997543204027,
    0.0007009701373571362,
    -1.1941776166209534e-18,
    0.008580406514748241,
    -0.0007009701373573081,
    0.9999997543204026,
    5.3557726259980956e-18,
    -0.019759497979985906,
    -2.3811266546492425e-19,
    4.802729981514507e-18,
    1.0,
    2.273736450558444e-13,
    0.0,
    0.0,
    0.0,
    1.0
  ],
  "/cave_1/lmd_root_0/half_0/plane_0/module_4": [
    0.9999991507644899,
    0.0013032537361797928,
    -2.0783535320468226e-18,
    0.01583243488078641,
    -0.0013032537361794003,
    0.99999915076449,
    3.0828512831036183e-19,
    -0.0016562011777461996,
    -7.196948901053514e-18,
    -1.6116304050914952e-18,
    1.0,
    -1.8190803642492662e-20,
    0.0,
    0.0,
    0.0,
    1.0
  ],
  "/cave_1/lmd_root_0/half_0/plane_1/module_0": [
    0.9999968235900563,
    0.0025204780890189116,
    -1.42038192430982e-18,
    0.004712787955329008,
    -0.002520478089018881,
    0.9999968235900566,
    -5.590914434216863e-21,
    0.03256997646436028,
    2.5648087018307672e-18,
    -1.2904503263664603e-20,
    1.0000000000000002,
    -3.000269653893898e-21,
    0.0,
    0.0,
    0.0,
    1.0
  ],
  "/cave_1/lmd_root_0/half_0/plane_1/module_1": [
    0.9999997247625091,
    -0.0007419399617862494,
    -2.769703202145101e-18,
    -0.005758549292511426,
    0.0007419399617864526,
    0.9999997247625092,
    1.7865299958340052e-18,
    0.0011655663212065933,
    -3.3249063490652368e-18,
    -2.4719680661972854e-18,
    1.0000000000000002,
    -6.107575616889116e-21,
    0.0,
    0.0,
    0.0,
    1.0
  ],
  "/cave_1/lmd_root_0/half_0/plane_1/module_2": [
    0.9999945117871809,
    -0.003313064369836271,
    -5.588992628150298e-19,
    0.005167353048538213,
    0.0033130643698364225,
    0.9999945117871806,
    8.841352404267331e-18,
    -0.00014713334327492265,
    2.3096460935212224e-19,
    -2.1302117067646327e-18,
    1.0,
    2.273736749343855e-13,
    0.0,
    0.0,
    0.0,
    1.0
  ],
  "/cave_1/lmd_root_0/half_0/plane_1/module_3": [
    0.9999826729471898,
    0.005886748286867592,
    -4.447103055697334e-20,
    -0.007226867594045502,
    -0.005886748286867021,
    0.9999826729471897,
    1.3636130255816683e-18,
    -0.00839557851552853,
    -2.3811266546492425e-19,
    4.802729981514507e-18,
    1.0,
    -3.038738765634048e-20,
    0.0,
    0.0,
    0.0,
    1.0
  ],
  "/cave_1/lmd_root_0/half_0/plane_1/module_4": [
    0.9999990653172269,
    -0.0013672471141415302,
    4.172634162521968e-18,
    -0.018641723109857466,
    0.0013672471141411742,
    0.9999990653172273,
    -1.0955069954712956e-18,
    -0.008412833622184184,
    -3.6047418881600626e-18,
    1.0012311134255088e-18,
    1.0000000000000002,
    2.2737367041120724e-13,
    0.0,
    0.0,
    0.0,
    1.0
  ],
  "/cave_1/lmd_root_0/half_0/plane_2/module_0": [
    0.9999964258058355,
    0.0026736446199100007,
    6.298222948143216e-18,
    -0.012119906956615025,
    -0.0026736446199102366,
    0.9999964258058355,
    6.670060905344677e-21,
    0.0009927153671940771,
    6.786936408086689e-20,
    7.805734819063173e-21,
    1.0,
    -5.262369589233669e-24,
    0.0,
    0.0,
    0.0,
    1.0
  ],
  "/cave_1/lmd_root_0/half_0/plane_2/module_1": [
    0.9999998989310945,
    0.00044959737666599195,
    -9.875619170525917e-19,
    0.0032540201044364767,
    -0.0004495973766656985,
    0.9999998989310945,
    4.1386585129618356e-18,
    -0.022978378445670775,
    3.6199236823347724e-18,
    -5.929517284511562e-18,
    1.0000000000000002,
    5.291208299379458e-20,
    0.0,
    0.0,
    0.0,
    1.0
  ],
  "/cave_1/lmd_root_0/half_0/plane_2/module_2": [
    0.9999954418130448,
    0.003019329914786904,
    -4.9567400649634726e-18,
    -0.01532834451030872,
    -0.0030193299147865263,
    0.9999954418130443,
    1.6846105762622295e-19,
    -0.008551543390209635,
    5.918103273036412e-19,
    -4.8447166342564344e-18,
    1.0000000000000002,
    -1.2771726268566008e-21,
    0.0,
    0.0,
    0.0,
    1.0
  ],
  "/cave_1/lmd_root_0/half_0/plane_2/module_3": [
    0.99999807824536,
    0.001960486058930106,
    -2.3532026305157266e-18,
    0.002976103862592585,
    -0.0019604860589292547,
    0.9999980782453607,
    2.752888474514345e-18,
    0.0035175400350144987,
    -2.3811266546492425e-19,
    4.802729981514507e-18,
    1.0,
    -3.038738765634048e-20,
    0.0,
    0.0,
    0.0,
    1.0
  ],
  "/cave_1/lmd_root_0/half_0/plane_2/module_4": [
    0.9999999884080106,
    -0.00015226285680049472,
    -7.606761476314351e-18,
    0.0036363939420575213,
    0.00015226285680071733,
    0.9999999884080102,
    2.5537634029613214e-18,
    0.012509873237906245,
    3.330397109585956e-18,
    7.943877892666419e-18,
    1.0000000000000002,
    -2.2737365078907967e-13,
    0.0,
    0.0,
    0.0,
    1.0
  ],
  "/cave_1/lmd_root_0/half_0/plane_3/module_0": [
    0.9999970454293384,
    -0.0024308707479222774,
    5.592337558764682e-18,
    0.003577923350925644,
    0.002430870747922303,
    0.9999970454293388,
    1.2573769301735852e-20,
    -0.000586125862480481,
    2.5648050097596268e-18,
    6.095828939496561e-21,
    1.0000000000000002,
    -2.8273847716528546e-21,
    0.0,
    0.0,
    0.0,
    1.0
  ],
  "/cave_1/lmd_root_0/half_0/plane_3/module_1": [
    0.9999928633190426,
    0.0037780035709457267,
    -3.099472844887148e-18,
    0.01304438032206923,
    -0.003778003570946361,
    0.9999928633190426,
    -1.0981033904866993e-18,
    -0.008038747963219985,
    2.7318327641403353e-19,
    -5.076722869522605e-18,
    1.0,
    2.88353570227441e-20,
    0.0,
    0.0,
    0.0,
    1.0
  ],
  "/cave_1/lmd_root_0/half_0/plane_3/module_2": [
    0.9999993446735952,
    0.001144837272727698,
    -1.6770794899745196e-18,
    0.000536848284544157,
    -0.0011448372727276782,
    0.9999993446735952,
    1.599994429344698e-18,
    0.009788734984079554,
    -1.1397506889551493e-18,
    2.094967118967396e-18,
    1.0000000000000002,
    2.273736775884713e-13,
    0.0,
    0.0,
    0.0,
    1.0
  ],
  "/cave_1/lmd_root_0/half_0/plane_3/module_3": [
    0.9999999956887524,
    9.285739168073264e-05,
    1.3359749482423225e-19,
    0.008880620026873778,
    -9.285739168067598e-05,
    0.9999999956887525,
    9.624470608515484e-18,
    -0.0004977959685959514,
    1.1254263612590415e-18,
    9.030230172056021e-18,
    1.0000000000000002,
    4.54747298951359e-13,
    0.0,
    0.0,
    0.0,
    1.0
  ],