{
  "0": [
    0.9992033077281429,
    -0.039909269914875256,
    0.0,
    0.0205148731502175,
    0.039909269914875256,
    0.9992033077281429,
    0.0,
    0.0007494798876361069,
    0.0,
    0.0,
    1.0,
    0.0,
    0.0,
    0.0,
    0.0,
    1.0
  ],
  "1": [
    0.999960012910847,
    -0.00894273891705143,
    0.0,
    0.00466736587251123,
    0.008942738917051432,
    0.9999600129108471,
    0.0,
    0.013086504898133608,
    0.0,
    0.0,
    1.0,
    0.0,
    0.0,
    0.0,
    0.0,
    1.0
  ],
  "2": [
    0.9998757258417327,
    0.015764925387340915,
    0.0,
    -0.0024259268253603427,
    -0.015764925387340912,
    0.9998757258417327,
    0.0,
    -0.0005289327955248918,
    0.0,
    0.0,
    1.0,
    0.0,
    0.0,
    0.0,
    0.0,
    1.0
  ],
  "3": [
    0.9991081947838568,
    -0.04222339536018772,
    0.0,
    -0.006184748359282221,
    0.04222339536018772,
    0.9991081947838568,
    0.0,
    0.00497304668280737,
    0.0,
    0.0,
    1.0,
    0.0,
    0.0,
    0.0,
    0.0,
    1.0
  ],
  "4": [
    0.9999749276305928,
    -0.007081250609245906,
    0.0,
    -0.03782705981195095,
    0.007081250609245906,
    0.9999749276305927,
    0.0,
    0.005986343437793595,
    0.0,
    0.0,
    1.0,
    0.0,
    0.0,
    0.0,
    0.0,
    1.0
  ],
  "5": [
    0.9999171439102418,
    0.012872657627122093,
    0.0,
    -0.012722409822501038,
    -0.012872657627122093,
    0.9999171439102418,
    0.0,
    0.0021913663781948627,
    0.0,
    0.0,
    1.0,
    0.0,
    0.0,
    0.0,
    0.0,
    1.0
  ],
  "6": [
    0.9999972109413856,
    -0.0023618021614002014,
    0.0,
    0.0067443612142734,
    0.0023618021614002023,
    0.9999972109413857,
    0.0,
    -0.013888507783283467,
    0.0,
    0.0,
    1.0,
    0.0,
    0.0,
    0.0,
    0.0,
    1.0
  ],
  "7": [
    0.9999739449831784,
    -0.007218680958388212,
    0.0,
    0.02027889304566461,
    0.007218680958388212,
    0.9999739449831785,
    0.0,
    -0.007307457109553455,
    0.0,
    0.0,
    1.0,
    0.0,
    0.0,
    0.0,
    0.0,
    1.0
  ],
  "8": [
    0.9985633745278433,
    -0.0535834587495656,
    0.0,
    0.01188877878993377,
    0.053583458749565605,
    0.9985633745278433,
    0.0,
    -0.005461811182831639,
    0.0,
    0.0,
    1.0,
    0.0,
    0.0,
    0.0,
    0.0,
    1.0
  ],
  "9": [
    0.9999995982957333,
    0.000896330503746313,
    0.0,
    0.00868008383372949,
    -0.000896330503746314,
    0.9999995982957333,
    0.0,
    0.02008227442000858,
    0.0,
    0.0,
    1.0,
    0.0,
    0.0,
    0.0,
    0.0,
    1.0
  ]
}