{
  "0": [
    0.9999947286014789,
    0.0032469630817861988,
    0.0,
    -0.004532460666779002,
    -0.0032469630817861988,
    0.9999947286014789,
    0.0,
    -0.0031317014669233678,
    0.0,
    0.0,
    1.0,
    0.0,
    0.0,
    0.0,
    0.0,
    1.0
  ],
  "1": [
    0.9999728479882036,
    0.007369076357387791,
    0.0,
    0.005464160026283232,
    -0.007369076357387791,
    0.9999728479882036,
    0.0,
    -0.0028791708366477033,
    0.0,
    0.0,
    1.0,
    0.0,
    0.0,
    0.0,
    0.0,
    1.0
  ],
  "2": [
    0.9999970842668148,
    0.0024148411685145903,
    0.0,
    0.0012904529668570474,
    -0.0024148411685145903,
    0.9999970842668147,
    0.0,
    0.00017861899803502319,
    0.0,
    0.0,
    1.0,
    0.0,
    0.0,
    0.0,
    0.0,
    1.0
  ],
  "3": [
    0.9999849865505569,
    0.0054796599787319,
    0.0,
    -0.005439159145813268,
    -0.005479659978731899,
    0.999984986550557,
    0.0,
    -0.006213776596994616,
    0.0,
    0.0,
    1.0,
    0.0,
    0.0,
    0.0,
    0.0,
    1.0
  ],
  "4": [
    0.999999119902701,
    -0.0013267229642370314,
    0.0,
    -0.003561950379192123,
    0.0013267229642370322,
    0.999999119902701,
    0.0,
    0.006825528895943329,
    0.0,
    0.0,
    1.0,
    0.0,
    0.0,
    0.0,
    0.0,
    1.0
  ],
  "5": [
    0.9999793891514985,
    -0.006420379443305928,
    0.0,
    0.0008786974508157575,
    0.006420379443305927,
    0.9999793891514985,
    0.0,
    0.001683491328987,
    0.0,
    0.0,
    1.0,
    0.0,
    0.0,
    0.0,
    0.0,
    1.0
  ],
  "6": [
    0.9999998100552847,
    0.0006163516808982216,
    0.0,
    -0.0049060815271142234,
    -0.0006163516808982215,
    0.9999998100552847,
    0.0,
    0.0020167380402901676,
    0.0,
    0.0,
    1.0,
    0.0,
    0.0,
    0.0,
    0.0,
    1.0
  ],
  "7": [
    0.9999414417197383,
    -0.010821882066043518,
    0.0,
    0.011017903955724991,
    0.010821882066043518,
    0.9999414417197383,
    0.0,
    -0.0046513611960212866,
    0.0,
    0.0,
    1.0,
    0.0,
    0.0,
    0.0,
    0.0,
    1.0
  ],
  "8": [
    0.9998766822835352,
    -0.01570414676672364,
    0.0,
    -0.004128155998719379,
    0.015704146766723638,
    0.9998766822835351,
    0.0,
    -0.004363331650873945,
    0.0,
    0.0,
    1.0,
    0.0,
    0.0,
    0.0,
    0.0,
    1.0
  ],
  "9": [
    0.9999673619444491,
    -0.00807929736172182,
    0.0,
    0.00242171734292684,
    0.00807929736172182,
    0.9999673619444491,
    0.0,
    -0.0008620422658731725,
    0.0,
    0.0,
    1.0,
    0.0,
    0.0,
    0.0,
    0.0,
    1.0
  ]
}