{
  "0": [
    0.9999998264678365,
    0.0005891216315650343,
    0.0,
    0.00036133134026070937,
    -0.0005891216315650343,
    0.9999998264678366,
    0.0,
    0.0026212523013900623,
    0.0,
    0.0,
    1.0,
    0.0,
    0.0,
    0.0,
    0.0,
    1.0
  ],
  "1": [
    0.9999999704002012,
    0.00024330967266620232,
    0.0,
    0.0007745855528309575,
    -0.00024330967266620226,
    0.999999970400201,
    0.0,
    -0.0012157961394218175,
    0.0,
    0.0,
    1.0,
    0.0,
    0.0,
    0.0,
    0.0,
    1.0
  ],
  "2": [
    0.9999989823318582,
    0.0014266517613706366,
    0.0,
    0.0012132000815009074,
    -0.0014266517613706364,
    0.9999989823318581,
    0.0,
    0.00019333356598026218,
    0.0,
    0.0,
    1.0,
    0.0,
    0.0,
    0.0,
    0.0,
    1.0
  ],
  "3": [
    0.999998949750923,
    0.0014493091633431528,
    0.0,
    0.0002568296161012169,
    -0.0014493091633431528,
    0.999998949750923,
    0.0,
    -0.00010347568691720119,
    0.0,
    0.0,
    1.0,
    0.0,
    0.0,
    0.0,
    0.0,
    1.0
  ],
  "4": [
    0.99999993288272,
    -0.00036638034231046066,
    0.0,
    0.0015417106709088545,
    0.0003663803423104608,
    0.9999999328827202,
    0.0,
    -0.00042091204726834246,
    0.0,
    0.0,
    1.0,
    0.0,
    0.0,
    0.0,
    0.0,
    1.0
  ],
  "5": [
    0.9999991378100345,
    0.0013131561932477028,
    0.0,
    0.0008338998090450818,
    -0.0013131561932477026,
    0.9999991378100345,
    0.0,
    -0.0007733662619486878,
    0.0,
    0.0,
    1.0,
    0.0,
    0.0,
    0.0,
    0.0,
    1.0
  ],
  "6": [
    0.999999771261839,
    -0.000676369920605777,
    0.0,
    0.001829544972174798,
    0.000676369920605777,
    0.999999771261839,
    0.0,
    -4.559628492209922e-05,
    0.0,
    0.0,
    1.0,
    0.0,
    0.0,
    0.0,
    0.0,
    1.0
  ],
  "7": [
    0.9999969206748525,
    -0.0024816608980429877,
    0.0,
    -0.002290678263121359,
    0.0024816608980429877,
    0.9999969206748525,
    0.0,
    0.000869454882555429,
    0.0,
    0.0,
    1.0,
    0.0,
    0.0,
    0.0,
    0.0,
    1.0
  ],
  "8": [
    0.99999981102433,
    0.0006147774428703812,
    0.0,
    -0.00016130882976695185,
    -0.0006147774428703812,
    0.99999981102433,
    0.0,
    -0.0005089087613000951,
    0.0,
    0.0,
    1.0,
    0.0,
    0.0,
    0.0,
    0.0,
    1.0
  ],
  "9": [
    0.9999998293028735,
    0.0005842895035089474,
    0.0,
    0.0014749554087229815,
    -0.0005842895035089476,
    0.9999998293028735,
    0.0,
    0.0004299532677233314,
    0.0,
    0.0,
    1.0,
    0.0,
    0.0,
    0.0,
    0.0,
    1.0
  ]
}