{
  "0": [
    0.9998384577540818,
    0.017973825300680396,
    0.0,
    -0.004098357268082034,
    -0.017973825300680396,
    0.9998384577540818,
    0.0,
    0.005680058643691491,
    0.0,
    0.0,
    1.0,
    0.0,
    0.0,
    0.0,
    0.0,
    1.0
  ],
  "1": [
    0.9999650217647785,
    -0.008363925332403556,
    0.0,
    0.011516120173065907,
    0.008363925332403557,
    0.9999650217647785,
    0.0,
    0.006624929318234797,
    0.0,
    0.0,
    1.0,
    0.0,
    0.0,
    0.0,
    0.0,
    1.0
  ],
  "2": [
    0.9999942813392776,
    0.0033819060811587764,
    0.0,
    -0.016560577617176164,
    -0.0033819060811587764,
    0.9999942813392776,
    0.0,
    -0.0005713435605176377,
    0.0,
    0.0,
    1.0,
    0.0,
    0.0,
    0.0,
    0.0,
    1.0
  ],
  "3": [
    0.9999897172966948,
    -0.004534898110931027,
    0.0,
    -0.005565720889889658,
    0.004534898110931026,
    0.9999897172966947,
    0.0,
    0.01429314919336692,
    0.0,
    0.0,
    1.0,
    0.0,
    0.0,
    0.0,
    0.0,
    1.0
  ],
  "4": [
    0.9999990527336863,
    0.0013764198959125775,
    0.0,
    -0.00284287695364185,
    -0.0013764198959125788,
    0.9999990527336864,
    0.0,
    0.000796739305334305,
    0.0,
    0.0,
    1.0,
    0.0,
    0.0,
    0.0,
    0.0,
    1.0
  ],
  "5": [
    0.9999995265275853,
    0.0009731107877664481,
    0.0,
    -0.01575227811482225,
    -0.0009731107877664485,
    0.9999995265275855,
    0.0,
    -0.00798993538038143,
    0.0,
    0.0,
    1.0,
    0.0,
    0.0,
    0.0,
    0.0,
    1.0
  ],
  "6": [
    0.999999990963413,
    -0.0001344365054773813,
    0.0,
    -0.012462201500207415,
    0.00013443650547738126,
    0.999999990963413,
    0.0,
    0.008531995142380504,
    0.0,
    0.0,
    1.0,
    0.0,
    0.0,
    0.0,
    0.0,
    1.0
  ],
  "7": [
    0.999760986574345,
    0.0218625186996357,
    0.0,
    0.013799786427846072,
    -0.021862518699635698,
    0.9997609865743451,
    0.0,
    0.007269217215706477,
    0.0,
    0.0,
    1.0,
    0.0,
    0.0,
    0.0,
    0.0,
    1.0
  ],
  "8": [
    0.9999954438124057,
    0.00301866765804048,
    0.0,
    0.020970825182308618,
    -0.0030186676580404794,
    0.9999954438124056,
    0.0,
    0.001609718782151418,
    0.0,
    0.0,
    1.0,
    0.0,
    0.0,
    0.0,
    0.0,
    1.0
  ],
  "9": [
    0.9999997420778863,
    -0.0007182229185429522,
    0.0,
    0.0047159846852352204,
    0.0007182229185429519,
    0.9999997420778863,
    0.0,
    -0.0025729686711351346,
    0.0,
    0.0,
    1.0,
    0.0,
    0.0,
    0.0,
    0.0,
    1.0
  ]
}