{
  "0": [
    0.9998724398036806,
    -0.015971979246015854,
    0.0,
    0.028782348192419784,
    0.015971979246015854,
    0.9998724398036806,
    0.0,
    0.027117078080863152,
    0.0,
    0.0,
    1.0,
    0.0,
    0.0,
    0.0,
    0.0,
    1.0
  ],
  "1": [
    0.9981990418886652,
    0.05998893875166188,
    0.0,
    -0.028782422097639454,
    -0.05998893875166188,
    0.9981990418886652,
    0.0,
    -0.0014485458064859777,
    0.0,
    0.0,
    1.0,
    0.0,
    0.0,
    0.0,
    0.0,
    1.0
  ],
  "2": [
    0.9998707607235017,
    0.01607674874487742,
    0.0,
    -0.003000906909142409,
    -0.01607674874487742,
    0.9998707607235017,
    0.0,
    0.012279324778836549,
    0.0,
    0.0,
    1.0,
    0.0,
    0.0,
    0.0,
    0.0,
    1.0
  ],
  "3": [
    0.9999935806797591,
    0.0035830991158951196,
    0.0,
    -0.010293509971115316,
    -0.003583099115895116,
    0.9999935806797591,
    0.0,
    0.0014657176188524832,
    0.0,
    0.0,
    1.0,
    0.0,
    0.0,
    0.0,
    0.0,
    1.0
  ],
  "4": [
    0.9999654055973923,
    0.008317908898445314,
    0.0,
    -0.0036276331074075116,
    -0.008317908898445314,
    0.9999654055973923,
    0.0,
    -0.015450111380234052,
    0.0,
    0.0,
    1.0,
    0.0,
    0.0,
    0.0,
    0.0,
    1.0
  ],
  "5": [
    0.9997516855622194,
    0.022283788176632763,
    0.0,
    0.010782689283621628,
    -0.022283788176632766,
    0.9997516855622195,
    0.0,
    -0.002717519544450075,
    0.0,
    0.0,
    1.0,
    0.0,
    0.0,
    0.0,
    0.0,
    1.0
  ],
  "6": [
    0.9997774395838163,
    -0.021096712995824052,
    0.0,
    0.0029182698634393706,
    0.02109671299582405,
    0.9997774395838163,
    0.0,
    0.012543066460011127,
    0.0,
    0.0,
    1.0,
    0.0,
    0.0,
    0.0,
    0.0,
    1.0
  ],
  "7": [
    0.9999989491822204,
    -0.001449701505497064,
    0.0,
    0.018321367566900892,
    0.0014497015054970644,
    0.9999989491822204,
    0.0,
    -0.016153433160614343,
    0.0,
    0.0,
    1.0,
    0.0,
    0.0,
    0.0,
    0.0,
    1.0
  ],
  "8": [
    0.9999851700337098,
    -0.0054460731406128565,
    0.0,
    -0.01142011011008368,
    0.005446073140612857,
    0.9999851700337098,
    0.0,
    -0.02493765606537738,
    0.0,
    0.0,
    1.0,
    0.0,
    0.0,
    0.0,
    0.0,
    1.0
  ],
  "9": [
    0.9999619816679851,
    0.008719817580448312,
    0.0,
    0.00892906086168646,
    -0.008719817580448309,
    0.9999619816679851,
    0.0,
    0.009956935507039293,
    0.0,
    0.0,
    1.0,
    0.0,
    0.0,
    0.0,
    0.0,
    1.0
  ]
}