{
  "0": [
    0.9999804955300104,
    -0.006245683273673011,
    0.0,
    -0.00814665970607264,
    0.00624568327367301,
    0.9999804955300103,
    0.0,
    0.0005958174746788303,
    0.0,
    0.0,
    1.0,
    0.0,
    0.0,
    0.0,
    0.0,
    1.0
  ],
  "1": [
    0.9999924713123655,
    0.003880376088462345,
    0.0,
    0.005362137320959696,
    -0.003880376088462346,
    0.9999924713123655,
    0.0,
    0.008728938592434513,
    0.0,
    0.0,
    1.0,
    0.0,
    0.0,
    0.0,
    0.0,
    1.0
  ],
  "2": [
    0.9999970533732933,
    0.0024276006119676903,
    0.0,
    -0.008443890474374646,
    -0.0024276006119676907,
    0.9999970533732931,
    0.0,
    -0.007955953566817171,
    0.0,
    0.0,
    1.0,
    0.0,
    0.0,
    0.0,
    0.0,
    1.0
  ],
  "3": [
    0.9999518982909823,
    0.009808216160986611,
    0.0,
    0.005236653008318793,
    -0.009808216160986611,
    0.9999518982909824,
    0.0,
    -0.0013636933403301296,
    0.0,
    0.0,
    1.0,
    0.0,
    0.0,
    0.0,
    0.0,
    1.0
  ],
  "4": [
    0.9999996824971112,
    0.0007968724345301529,
    0.0,
    0.0035287017781008225,
    -0.0007968724345301541,
    0.9999996824971111,
    0.0,
    0.00039559071998955964,
    0.0,
    0.0,
    1.0,
    0.0,
    0.0,
    0.0,
    0.0,
    1.0
  ],
  "5": [
    0.9999533344537866,
    0.009660689144848682,
    0.0,
    0.002350661001498144,
    -0.009660689144848682,
    0.9999533344537866,
    0.0,
    -0.0028141551993041895,
    0.0,
    0.0,
    1.0,
    0.0,
    0.0,
    0.0,
    0.0,
    1.0
  ],
  "6": [
    0.9998568440961166,
    0.016920145216687544,
    0.0,
    0.0029837445467947987,
    -0.016920145216687547,
    0.9998568440961166,
    0.0,
    0.0014235150289454105,
    0.0,
    0.0,
    1.0,
    0.0,
    0.0,
    0.0,
    0.0,
    1.0
  ],
  "7": [
    0.9999938122757779,
    0.0035178701164516745,
    0.0,
    0.005178248978912195,
    -0.003517870116451675,
    0.9999938122757778,
    0.0,
    -0.0013564499773252186,
    0.0,
    0.0,
    1.0,
    0.0,
    0.0,
    0.0,
    0.0,
    1.0
  ],
  "8": [
    0.9998758748528576,
    0.015755471660110758,
    0.0,
    -0.00038031650380239857,
    -0.01575547166011076,
    0.9998758748528574,
    0.0,
    -0.00216341138381837,
    0.0,
    0.0,
    1.0,
    0.0,
    0.0,
    0.0,
    0.0,
    1.0
  ],
  "9": [
    0.9999998588630722,
    0.0005312944902211654,
    0.0,
    0.004895884133021185,
    -0.0005312944902211675,
    0.9999998588630723,
    0.0,
    0.0033177786850564976,
    0.0,
    0.0,
    1.0,
    0.0,
    0.0,
    0.0,
    0.0,
    1.0
  ]
}