{
  "0": [
    0.9999752064465335,
    -0.00704176769092343,
    0.0,
    0.0007919845522533239,
    0.0070417676909234304,
    0.9999752064465335,
    0.0,
    0.0074096892714444855,
    0.0,
    0.0,
    1.0,
    0.0,
    0.0,
    0.0,
    0.0,
    1.0
  ],
  "1": [
    0.9998127012980775,
    -0.019353612661230025,
    0.0,
    -0.008058706770478832,
    0.01935361266123003,
    0.9998127012980776,
    0.0,
    0.0036442317300285788,
    0.0,
    0.0,
    1.0,
    0.0,
    0.0,
    0.0,
    0.0,
    1.0
  ],
  "2": [
    0.999879819264299,
    -0.015503129619285898,
    0.0,
    -0.010927418928363927,
    0.0155031296192859,
    0.9998798192642991,
    0.0,
    0.0008939517888388784,
    0.0,
    0.0,
    1.0,
    0.0,
    0.0,
    0.0,
    0.0,
    1.0
  ],
  "3": [
    0.9999908129224998,
    -0.004286498640854783,
    0.0,
    0.0004423264846295505,
    0.004286498640854782,
    0.9999908129224998,
    0.0,
    -0.007557214378894433,
    0.0,
    0.0,
    1.0,
    0.0,
    0.0,
    0.0,
    0.0,
    1.0
  ],
  "4": [
    0.9999127227318433,
    0.013211620604307344,
    0.0,
    -0.001781410845154085,
    -0.013211620604307342,
    0.9999127227318432,
    0.0,
    -0.01588230330770703,
    0.0,
    0.0,
    1.0,
    0.0,
    0.0,
    0.0,
    0.0,
    1.0
  ],
  "5": [
    0.9999801677914117,
    0.006297938064199356,
    0.0,
    -0.0044470787249425575,
    -0.006297938064199355,
    0.9999801677914115,
    0.0,
    0.002995836671786544,
    0.0,
    0.0,
    1.0,
    0.0,
    0.0,
    0.0,
    0.0,
    1.0
  ],
  "6": [
    0.9999813384896042,
    0.006109228473321724,
    0.0,
    0.002917833645162305,
    -0.006109228473321724,
    0.9999813384896044,
    0.0,
    0.009624923786235872,
    0.0,
    0.0,
    1.0,
    0.0,
    0.0,
    0.0,
    0.0,
    1.0
  ],
  "7": [
    0.9999991342028824,
    0.0013159002565739715,
    0.0,
    -0.000983253379552359,
    -0.0013159002565739726,
    0.9999991342028826,
    0.0,
    0.011657787662755152,
    0.0,
    0.0,
    1.0,
    0.0,
    0.0,
    0.0,
    0.0,
    1.0
  ],
  "8": [
    0.9999434316841506,
    0.010636420061488723,
    0.0,
    0.0015919918911705298,
    -0.010636420061488723,
    0.9999434316841505,
    0.0,
    0.0009904801831903893,
    0.0,
    0.0,
    1.0,
    0.0,
    0.0,
    0.0,
    0.0,
    1.0
  ],
  "9": [
    0.9999998171208122,
    -0.0006047795814960324,
    0.0,
    0.0008189731375850611,
    0.0006047795814960325,
    0.9999998171208122,
    0.0,
    -0.001961871261363203,
    0.0,
    0.0,
    1.0,
    0.0,
    0.0,
    0.0,
    0.0,
    1.0
  ]
}