{
  "0": [
    0.9998075937079229,
    -0.01961569687706592,
    0.0,
    0.004777600413693122,
    0.019615696877065915,
    0.9998075937079229,
    0.0,
    0.010680560951353925,
    0.0,
    0.0,
    1.0,
    0.0,
    0.0,
    0.0,
    0.0,
    1.0
  ],
  "1": [
    0.9999964015519252,
    -0.0026827007288567043,
    0.0,
    -0.015075513838195153,
    0.0026827007288567034,
    0.9999964015519252,
    0.0,
    0.016758104915586276,
    0.0,
    0.0,
    1.0,
    0.0,
    0.0,
    0.0,
    0.0,
    1.0
  ],
  "2": [
    0.9999768547964908,
    0.006803666020493771,
    0.0,
    0.01537021658306484,
    -0.00680366602049377,
    0.9999768547964907,
    0.0,
    0.0008152902255127792,
    0.0,
    0.0,
    1.0,
    0.0,
    0.0,
    0.0,
    0.0,
    1.0
  ],
  "3": [
    0.9999677982092272,
    0.008025119599740992,
    0.0,
    0.02794553287007502,
    -0.008025119599740992,
    0.9999677982092273,
    0.0,
    0.0072302983703459965,
    0.0,
    0.0,
    1.0,
    0.0,
    0.0,
    0.0,
    0.0,
    1.0
  ],
  "4": [
    0.9999979202653979,
    -0.00203947661896449,
    0.0,
    -0.011389462048027724,
    0.00203947661896449,
    0.9999979202653978,
    0.0,
    -0.00716291555371887,
    0.0,
    0.0,
    1.0,
    0.0,
    0.0,
    0.0,
    0.0,
    1.0
  ],
  "5": [
    0.9999660469621068,
    -0.00824044434344504,
    0.0,
    0.0027552082514264685,
    0.00824044434344504,
    0.9999660469621068,
    0.0,
    -0.013907889262371029,
    0.0,
    0.0,
    1.0,
    0.0,
    0.0,
    0.0,
    0.0,
    1.0
  ],
  "6": [
    0.9999858238488382,
    0.005324669131553575,
    0.0,
    0.014863234839840044,
    -0.005324669131553576,
    0.9999858238488382,
    0.0,
    -0.003977823464827419,
    0.0,
    0.0,
    1.0,
    0.0,
    0.0,
    0.0,
    0.0,
    1.0
  ],
  "7": [
    0.9999634626208382,
    -0.008548299441603636,
    0.0,
    0.004894559428104644,
    0.008548299441603636,
    0.9999634626208384,
    0.0,
    -0.012178693355545394,
    0.0,
    0.0,
    1.0,
    0.0,
    0.0,
    0.0,
    0.0,
    1.0
  ],
  "8": [
    0.9998849706333685,
    -0.015167250954219913,
    0.0,
    -0.002521748376289031,
    0.015167250954219913,
    0.9998849706333683,
    0.0,
    0.0031087945589347615,
    0.0,
    0.0,
    1.0,
    0.0,
    0.0,
    0.0,
    0.0,
    1.0
  ],
  "9": [
    0.9998962586995855,
    0.014403882760255633,
    0.0,
    0.006320929179930163,
    -0.014403882760255634,
    0.9998962586995858,
    0.0,
    0.007774556010504075,
    0.0,
    0.0,
    1.0,
    0.0,
    0.0,
    0.0,
    0.0,
    1.0
  ]
}