{
  "0": [
    0.9999109443666313,
    -0.013345536176257338,
    0.0,
    -0.0010657591409784463,
    0.013345536176257337,
    0.9999109443666313,
    0.0,
    -0.0009721843012875401,
    0.0,
    0.0,
    1.0,
    0.0,
    0.0,
    0.0,
    0.0,
    1.0
  ],
  "1": [
    0.9999749882762241,
    -0.007072681384428982,
    0.0,
    0.002208175850227379,
    0.007072681384428982,
    0.9999749882762241,
    0.0,
    0.0038041313142856675,
    0.0,
    0.0,
    1.0,
    0.0,
    0.0,
    0.0,
    0.0,
    1.0
  ],
  "2": [
    0.9999941015107239,
    -0.0034346679257384275,
    0.0,
    0.006029322761350673,
    0.0034346679257384275,
    0.9999941015107239,
    0.0,
    -0.0029574735314566976,
    0.0,
    0.0,
    1.0,
    0.0,
    0.0,
    0.0,
    0.0,
    1.0
  ],
  "3": [
    0.9999789907355957,
    0.006482136022903962,
    0.0,
    0.010494131770607368,
    -0.006482136022903961,
    0.9999789907355957,
    0.0,
    0.0033102243015903973,
    0.0,
    0.0,
    1.0,
    0.0,
    0.0,
    0.0,
    0.0,
    1.0
  ],
  "4": [
    0.9999815867699519,
    -0.006068452937077724,
    0.0,
    -0.000625033447450085,
    0.006068452937077724,
    0.9999815867699519,
    0.0,
    -0.0027147783404256696,
    0.0,
    0.0,
    1.0,
    0.0,
    0.0,
    0.0,
    0.0,
    1.0
  ],
  "5": [
    0.9999998024379763,
    0.0006285889022495087,
    0.0,
    0.003178328087634394,
    -0.0006285889022495087,
    0.9999998024379764,
    0.0,
    0.00090780007745285,
    0.0,
    0.0,
    1.0,
    0.0,
    0.0,
    0.0,
    0.0,
    1.0
  ],
  "6": [
    0.9999921423116311,
    0.00396425465811997,
    0.0,
    -0.0060685090665975475,
    -0.00396425465811997,
    0.9999921423116309,
    0.0,
    -0.005173666197380461,
    0.0,
    0.0,
    1.0,
    0.0,
    0.0,
    0.0,
    0.0,
    1.0
  ],
  "7": [
    0.9999990763469043,
    -0.0013591561125295825,
    0.0,
    0.0019218008512331172,
    0.0013591561125295823,
    0.9999990763469043,
    0.0,
    -0.0017676717999556778,
    0.0,
    0.0,
    1.0,
    0.0,
    0.0,
    0.0,
    0.0,
    1.0
  ],
  "8": [
    0.9999997214443609,
    0.0007463988216854744,
    0.0,
    0.006994656101220587,
    -0.0007463988216854749,
    0.9999997214443608,
    0.0,
    0.0006304440326092881,
    0.0,
    0.0,
    1.0,
    0.0,
    0.0,
    0.0,
    0.0,
    1.0
  ],
  "9": [
    0.9999986129926894,
    0.001665536759600819,
    0.0,
    0.0035289060834847175,
    -0.0016655367596008198,
    0.9999986129926894,
    0.0,
    -0.0027198058676857428,
    0.0,
    0.0,
    1.0,
    0.0,
    0.0,
    0.0,
    0.0,
    1.0
  ]
}