{
  "0": [
    0.9999796794268359,
    -0.006375008502164513,
    0.0,
    -0.009791700885762571,
    0.006375008502164512,
    0.9999796794268359,
    0.0,
    -0.010925292397732763,
    0.0,
    0.0,
    1.0,
    0.0,
    0.0,
    0.0,
    0.0,
    1.0
  ],
  "1": [
    0.9999542025852217,
    0.009570409194676704,
    0.0,
    0.019654565925820582,
    -0.009570409194676702,
    0.9999542025852217,
    0.0,
    0.004698120824798871,
    0.0,
    0.0,
    1.0,
    0.0,
    0.0,
    0.0,
    0.0,
    1.0
  ],
  "2": [
    0.9998803185009234,
    -0.015470897662773752,
    0.0,
    -0.009661189935238776,
    0.015470897662773753,
    0.9998803185009234,
    0.0,
    0.024530716672875694,
    0.0,
    0.0,
    1.0,
    0.0,
    0.0,
    0.0,
    0.0,
    1.0
  ],
  "3": [
    0.9999846566426758,
    -0.005539537817330053,
    0.0,
    -0.02282383630191203,
    0.0055395378173300515,
    0.9999846566426759,
    0.0,
    0.012589086100806359,
    0.0,
    0.0,
    1.0,
    0.0,
    0.0,
    0.0,
    0.0,
    1.0
  ],
  "4": [
    0.9998916038200409,
    0.014723471404064112,
    0.0,
    -0.005556531376299734,
    -0.014723471404064112,
    0.9998916038200409,
    0.0,
    0.012730158208641276,
    0.0,
    0.0,
    1.0,
    0.0,
    0.0,
    0.0,
    0.0,
    1.0
  ],
  "5": [
    0.9999626794275028,
    -0.008639430083589137,
    0.0,
    0.010731982372873278,
    0.008639430083589137,
    0.9999626794275027,
    0.0,
    0.006036717004815452,
    0.0,
    0.0,
    1.0,
    0.0,
    0.0,
    0.0,
    0.0,
    1.0
  ],
  "6": [
    0.9999759960491068,
    0.006928731889525676,
    0.0,
    -0.005746198538134138,
    -0.006928731889525677,
    0.9999759960491067,
    0.0,
    0.0033448328850434386,
    0.0,
    0.0,
    1.0,
    0.0,
    0.0,
    0.0,
    0.0,
    1.0
  ],
  "7": [
    0.9999462958162444,
    -0.010363661677800973,
    0.0,
    0.010317388972936645,
    0.010363661677800975,
    0.9999462958162443,
    0.0,
    0.010156929826102723,
    0.0,
    0.0,
    1.0,
    0.0,
    0.0,
    0.0,
    0.0,
    1.0
  ],
  "8": [
    0.9999843742511952,
    -0.005590282054211669,
    0.0,
    -0.033934419500180765,
    0.005590282054211669,
    0.9999843742511952,
    0.0,
    0.002786931995554626,
    0.0,
    0.0,
    1.0,
    0.0,
    0.0,
    0.0,
    0.0,
    1.0
  ],
  "9": [
    0.9999764783522875,
    0.006858771184165557,
    0.0,
    0.018423490134210962,
    -0.006858771184165558,
    0.9999764783522876,
    0.0,
    0.0010627656445967677,
    0.0,
    0.0,
    1.0,
    0.0,
    0.0,
    0.0,
    0.0,
    1.0
  ]
}