{
  "0": [
    0.9998839197280206,
    0.015236373234106954,
    0.0,
    0.010154780906534785,
    -0.015236373234106952,
    0.9998839197280206,
    0.0,
    0.001084941859212772,
    0.0,
    0.0,
    1.0,
    0.0,
    0.0,
    0.0,
    0.0,
    1.0
  ],
  "1": [
    0.9996307126521122,
    -0.027174221656384567,
    0.0,
    0.007901592561242883,
    0.027174221656384567,
    0.9996307126521122,
    0.0,
    0.009437422552825292,
    0.0,
    0.0,
    1.0,
    0.0,
    0.0,
    0.0,
    0.0,
    1.0
  ],
  "2": [
    0.9999313292035813,
    0.011719081754091927,
    0.0,
    -0.007519293609440958,
    -0.011719081754091927,
    0.9999313292035813,
    0.0,
    -0.024439504377589558,
    0.0,
    0.0,
    1.0,
    0.0,
    0.0,
    0.0,
    0.0,
    1.0
  ],
  "3": [
    0.9996359612367179,
    0.02698045593282445,
    0.0,
    -0.009464339800059536,
    -0.02698045593282445,
    0.9996359612367178,
    0.0,
    -0.0005517861360871661,
    0.0,
    0.0,
    1.0,
    0.0,
    0.0,
    0.0,
    0.0,
    1.0
  ],
  "4": [
    0.9998969615966975,
    0.014355005736424682,
    0.0,
    0.010964656217790733,
    -0.01435500573642468,
    0.9998969615966975,
    0.0,
    9.823118028872042e-05,
    0.0,
    0.0,
    1.0,
    0.0,
    0.0,
    0.0,
    0.0,
    1.0
  ],
  "5": [
    0.9999298831481243,
    0.011841823650870845,
    0.0,
    0.018096751374761418,
    -0.011841823650870845,
    0.9999298831481243,
    0.0,
    0.007357690764398145,
    0.0,
    0.0,
    1.0,
    0.0,
    0.0,
    0.0,
    0.0,
    1.0
  ],
  "6": [
    0.9998768659273026,
    0.015692449885045395,
    0.0,
    -0.005005253523252814,
    -0.015692449885045395,
    0.9998768659273027,
    0.0,
    -0.0069861602386438425,
    0.0,
    0.0,
    1.0,
    0.0,
    0.0,
    0.0,
    0.0,
    1.0
  ],
  "7": [
    0.9999600489138751,
    -0.008938712220475094,
    0.0,
    0.00753870018504329,
    0.008938712220475096,
    0.9999600489138752,
    0.0,
    -0.0005318405132912988,
    0.0,
    0.0,
    1.0,
    0.0,
    0.0,
    0.0,
    0.0,
    1.0
  ],
  "8": [
    0.9999395742100705,
    0.010993085489661644,
    0.0,
    0.007660497328471839,
    -0.010993085489661644,
    0.9999395742100705,
    0.0,
    0.003249869157241534,
    0.0,
    0.0,
    1.0,
    0.0,
    0.0,
    0.0,
    0.0,
    1.0
  ],
  "9": [
    0.999992488060771,
    -0.003876057536824197,
    0.0,
    -0.004441395240192568,
    0.0038760575368241984,
    0.9999924880607709,
    0.0,
    -0.00576897192674405,
    0.0,
    0.0,
    1.0,
    0.0,
    0.0,
    0.0,
    0.0,
    1.0
  ]
}