{
  "0": [
    0.9999692881223582,
    -0.007837270702490014,
    0.0,
    -0.005896085934103846,
    0.007837270702490014,
    0.9999692881223582,
    0.0,
    0.008670291128485186,
    0.0,
    0.0,
    1.0,
    0.0,
    0.0,
    0.0,
    0.0,
    1.0
  ],
  "1": [
    0.9999988426780416,
    0.001521394944626339,
    0.0,
    -0.002781421850824568,
    -0.0015213949446263397,
    0.9999988426780415,
    0.0,
    0.014177860534447443,
    0.0,
    0.0,
    1.0,
    0.0,
    0.0,
    0.0,
    0.0,
    1.0
  ],
  "2": [
    0.9998371647409404,
    -0.01804560896167337,
    0.0,
    -0.013880824126739334,
    0.01804560896167337,
    0.9998371647409403,
    0.0,
    0.0017705789689553704,
    0.0,
    0.0,
    1.0,
    0.0,
    0.0,
    0.0,
    0.0,
    1.0
  ],
  "3": [
    0.9999148253768709,
    0.013051512998169283,
    0.0,
    0.0067859412936444805,
    -0.013051512998169285,
    0.999914825376871,
    0.0,
    -0.00866474130375575,
    0.0,
    0.0,
    1.0,
    0.0,
    0.0,
    0.0,
    0.0,
    1.0
  ],
  "4": [
    0.9999324766060264,
    0.01162076712350577,
    0.0,
    0.010460787238193662,
    -0.011620767123505769,
    0.9999324766060264,
    0.0,
    0.014059358770466405,
    0.0,
    0.0,
    1.0,
    0.0,
    0.0,
    0.0,
    0.0,
    1.0
  ],
  "5": [
    0.9999554795244713,
    -0.0094360462580757,
    0.0,
    0.005804016847007345,
    0.0094360462580757,
    0.9999554795244713,
    0.0,
    0.008113095250897337,
    0.0,
    0.0,
    1.0,
    0.0,
    0.0,
    0.0,
    0.0,
    1.0
  ],
  "6": [
    0.9999853891810435,
    -0.00540568445591506,
    0.0,
    0.007192972746638873,
    0.00540568445591506,
    0.9999853891810435,
    0.0,
    0.011097587909304938,
    0.0,
    0.0,
    1.0,
    0.0,
    0.0,
    0.0,
    0.0,
    1.0
  ],
  "7": [
    0.9999706728762441,
    0.007658549956219347,
    0.0,
    -0.004899119160525331,
    -0.007658549956219348,
    0.9999706728762441,
    0.0,
    -5.028642329195539e-05,
    0.0,
    0.0,
    1.0,
    0.0,
    0.0,
    0.0,
    0.0,
    1.0
  ],
  "8": [
    0.999998982267854,
    -0.0014266966236499356,
    0.0,
    -0.008495367331438368,
    0.0014266966236499371,
    0.9999989822678541,
    0.0,
    -0.008562039458735664,
    0.0,
    0.0,
    1.0,
    0.0,
    0.0,
    0.0,
    0.0,
    1.0
  ],
  "9": [
    0.9999374489337077,
    0.011184731554607098,
    0.0,
    -0.009644105319930353,
    -0.011184731554607096,
    0.9999374489337077,
    0.0,
    -0.00130236265850111,
    0.0,
    0.0,
    1.0,
    0.0,
    0.0,
    0.0,
    0.0,
    1.0
  ]
}