{
  "0": [
    0.9999694294702943,
    -0.007819215104734517,
    0.0,
    0.008059084247207204,
    0.007819215104734517,
    0.9999694294702943,
    0.0,
    -0.002043687023738305,
    0.0,
    0.0,
    1.0,
    0.0,
    0.0,
    0.0,
    0.0,
    1.0
  ],
  "1": [
    0.9999878652094933,
    0.004926401705088587,
    0.0,
    0.004536286606006226,
    -0.004926401705088587,
    0.9999878652094933,
    0.0,
    -0.00289078099207919,
    0.0,
    0.0,
    1.0,
    0.0,
    0.0,
    0.0,
    0.0,
    1.0
  ],
  "2": [
    0.9999747689542985,
    -0.007103622653073449,
    0.0,
    -0.003540339939356898,
    0.007103622653073449,
    0.9999747689542986,
    0.0,
    -0.003922485379391564,
    0.0,
    0.0,
    1.0,
    0.0,
    0.0,
    0.0,
    0.0,
    1.0
  ],
  "3": [
    0.9999910133926587,
    -0.0042394733073007505,
    0.0,
    0.002418299350195617,
    0.004239473307300751,
    0.9999910133926588,
    0.0,
    0.007210195709601597,
    0.0,
    0.0,
    1.0,
    0.0,
    0.0,
    0.0,
    0.0,
    1.0
  ],
  "4": [
    0.9999856612967719,
    0.00535510978952794,
    0.0,
    -0.0033972531921656734,
    -0.005355109789527941,
    0.9999856612967718,
    0.0,
    -0.0006824327899723672,
    0.0,
    0.0,
    1.0,
    0.0,
    0.0,
    0.0,
    0.0,
    1.0
  ],
  "5": [
    0.9999672857819553,
    0.008088718431812882,
    0.0,
    0.005102830537673547,
    -0.00808871843181288,
    0.9999672857819554,
    0.0,
    -0.0032065381715711224,
    0.0,
    0.0,
    1.0,
    0.0,
    0.0,
    0.0,
    0.0,
    1.0
  ],
  "6": [
    0.9999999970483021,
    -7.683355918448614e-05,
    0.0,
    0.0006317574128460218,
    7.683355918448564e-05,
    0.999999997048302,
    0.0,
    0.0021522407496126095,
    0.0,
    0.0,
    1.0,
    0.0,
    0.0,
    0.0,
    0.0,
    1.0
  ],
  "7": [
    0.9999995573705599,
    0.000940881865256326,
    0.0,
    0.0004905713240872299,
    -0.0009408818652563259,
    0.99999955737056,
    0.0,
    -0.0002839453168606938,
    0.0,
    0.0,
    1.0,
    0.0,
    0.0,
    0.0,
    0.0,
    1.0
  ],
  "8": [
    0.9999978892135843,
    0.00205464555973745,
    0.0,
    -0.002078433998970044,
    -0.0020546455597374503,
    0.9999978892135843,
    0.0,
    0.002558277253004994,
    0.0,
    0.0,
    1.0,
    0.0,
    0.0,
    0.0,
    0.0,
    1.0
  ],
  "9": [
    0.9999967313566609,
    -0.0025568097297586656,
    0.0,
    -0.004011632858431844,
    0.0025568097297586656,
    0.9999967313566609,
    0.0,
    0.0026549051508484734,
    0.0,
    0.0,
    1.0,
    0.0,
    0.0,
    0.0,
    0.0,
    1.0
  ]
}