{
  "0": [
    0.9999986484020685,
    -0.0016441392994759028,
    0.0,
    0.017707645476568164,
    0.0016441392994759037,
    0.9999986484020685,
    0.0,
    0.02315836946815419,
    0.0,
    0.0,
    1.0,
    0.0,
    0.0,
    0.0,
    0.0,
    1.0
  ],
  "1": [
    0.9999127704775315,
    -0.01320800650921663,
    0.0,
    -0.00760335390018418,
    0.01320800650921663,
    0.9999127704775314,
    0.0,
    -0.017991124570890492,
    0.0,
    0.0,
    1.0,
    0.0,
    0.0,
    0.0,
    0.0,
    1.0
  ],
  "2": [
    0.999999963218135,
    0.00027122634145573164,
    0.0,
    0.010007448904984563,
    -0.00027122634145573295,
    0.9999999632181351,
    0.0,
    -0.01564682477824996,
    0.0,
    0.0,
    1.0,
    0.0,
    0.0,
    0.0,
    0.0,
    1.0
  ],
  "3": [
    0.9999960402095674,
    -0.002814172202464254,
    0.0,
    -0.0023544686721132437,
    0.002814172202464253,
    0.9999960402095674,
    0.0,
    0.0038725640957862923,
    0.0,
    0.0,
    1.0,
    0.0,
    0.0,
    0.0,
    0.0,
    1.0
  ],
  "4": [
    0.9998934146752021,
    0.014599975656301965,
    0.0,
    0.008408153492286208,
    -0.014599975656301967,
    0.999893414675202,
    0.0,
    0.032814138839655074,
    0.0,
    0.0,
    1.0,
    0.0,
    0.0,
    0.0,
    0.0,
    1.0
  ],
  "5": [
    0.9999775321247781,
    -0.0067033756897775755,
    0.0,
    0.011922626444550565,
    0.006703375689777576,
    0.9999775321247782,
    0.0,
    0.007039453107768951,
    0.0,
    0.0,
    1.0,
    0.0,
    0.0,
    0.0,
    0.0,
    1.0
  ],
  "6": [
    0.9996150974561177,
    -0.0277426916105195,
    0.0,
    -0.027154183877128563,
    0.0277426916105195,
    0.9996150974561177,
    0.0,
    -0.0124519944953422,
    0.0,
    0.0,
    1.0,
    0.0,
    0.0,
    0.0,
    0.0,
    1.0
  ],
  "7": [
    0.9998309079165034,
    -0.01838900690250693,
    0.0,
    -0.005211307995017428,
    0.018389006902506926,
    0.9998309079165034,
    0.0,
    0.008115899260838404,
    0.0,
    0.0,
    1.0,
    0.0,
    0.0,
    0.0,
    0.0,
    1.0
  ],
  "8": [
    0.999990699079675,
    -0.004312975091871304,
    0.0,
    0.02136463432378512,
    0.0043129750918713015,
    0.9999906990796749,
    0.0,
    -0.002991729466891628,
    0.0,
    0.0,
    1.0,
    0.0,
    0.0,
    0.0,
    0.0,
    1.0
  ],
  "9": [
    0.9999999172334438,
    -0.0004068575984853193,
    0.0,
    0.012216633258790964,
    0.00040685759848531957,
    0.9999999172334438,
    0.0,
    0.02932616564831851,
    0.0,
    0.0,
    1.0,
    0.0,
    0.0,
    0.0,
    0.0,
    1.0
  ]
}