{
  "0": [
    0.9999852644391372,
    0.0054287111351449665,
    0.0,
    -0.0061791912831610455,
    -0.005428711135144966,
    0.9999852644391373,
    0.0,
    -0.0023531688647443665,
    0.0,
    0.0,
    1.0,
    0.0,
    0.0,
    0.0,
    0.0,
    1.0
  ],
  "1": [
    0.9996035901295894,
    -0.028154264331282985,
    0.0,
    -0.015435518996732185,
    0.02815426433128298,
    0.9996035901295893,
    0.0,
    -0.0010369836036358774,
    0.0,
    0.0,
    1.0,
    0.0,
    0.0,
    0.0,
    0.0,
    1.0
  ],
  "2": [
    0.9999410022070219,
    0.010862417098268832,
    0.0,
    -0.013368355936843958,
    -0.010862417098268832,
    0.9999410022070219,
    0.0,
    -0.002393519381000735,
    0.0,
    0.0,
    1.0,
    0.0,
    0.0,
    0.0,
    0.0,
    1.0
  ],
  "3": [
    0.9999942787838232,
    -0.0033826616178843512,
    0.0,
    -0.00458968912993778,
    0.003382661617884352,
    0.9999942787838233,
    0.0,
    0.0008107315453404354,
    0.0,
    0.0,
    1.0,
    0.0,
    0.0,
    0.0,
    0.0,
    1.0
  ],
  "4": [
    0.9998664840706024,
    0.016340564013880482,
    0.0,
    0.011643895748336484,
    -0.016340564013880485,
    0.9998664840706025,
    0.0,
    -0.008273750188439368,
    0.0,
    0.0,
    1.0,
    0.0,
    0.0,
    0.0,
    0.0,
    1.0
  ],
  "5": [
    0.9999993989786807,
    0.0010963768865429745,
    0.0,
    0.005833956082330356,
    -0.0010963768865429745,
    0.9999993989786807,
    0.0,
    -0.004330375413395539,
    0.0,
    0.0,
    1.0,
    0.0,
    0.0,
    0.0,
    0.0,
    1.0
  ],
  "6": [
    0.9999977462159266,
    0.0021231022271838897,
    0.0,
    -0.003833207598806791,
    -0.0021231022271838897,
    0.9999977462159267,
    0.0,
    0.009894850836951102,
    0.0,
    0.0,
    1.0,
    0.0,
    0.0,
    0.0,
    0.0,
    1.0
  ],
  "7": [
    0.9998850117162428,
    0.015164542367286073,
    0.0,
    -0.0026310094808535086,
    -0.015164542367286071,
    0.9998850117162428,
    0.0,
    0.013183211245589618,
    0.0,
    0.0,
    1.0,
    0.0,
    0.0,
    0.0,
    0.0,
    1.0
  ],
  "8": [
    0.9994881668216584,
    -0.03199069213819791,
    0.0,
    0.00191857351971414,
    0.03199069213819791,
    0.9994881668216584,
    0.0,
    -0.02242914657399868,
    0.0,
    0.0,
    1.0,
    0.0,
    0.0,
    0.0,
    0.0,
    1.0
  ],
  "9": [
    0.9996263935599878,
    0.027332641625945234,
    0.0,
    0.008455139739639532,
    -0.027332641625945234,
    0.9996263935599878,
    0.0,
    -0.008417430623217998,
    0.0,
    0.0,
    1.0,
    0.0,
    0.0,
    0.0,
    0.0,
    1.0
  ]
}