{
  "0": [
    0.9996530062746294,
    -0.026341356193179174,
    0.0,
    -0.0017092450588182622,
    0.026341356193179167,
    0.9996530062746293,
    0.0,
    0.013903720595379783,
    0.0,
    0.0,
    1.0,
    0.0,
    0.0,
    0.0,
    0.0,
    1.0
  ],
  "1": [
    0.9999957171105879,
    0.0029267320480284723,
    0.0,
    0.007430440834538997,
    -0.0029267320480284723,
    0.999995717110588,
    0.0,
    -0.0013014500088917146,
    0.0,
    0.0,
    1.0,
    0.0,
    0.0,
    0.0,
    0.0,
    1.0
  ],
  "2": [
    0.9999913459740286,
    -0.004160285693369481,
    0.0,
    -0.010434154694219218,
    0.004160285693369484,
    0.9999913459740286,
    0.0,
    3.0461071989559135e-06,
    0.0,
    0.0,
    1.0,
    0.0,
    0.0,
    0.0,
    0.0,
    1.0
  ],
  "3": [
    0.9999828699187268,
    -0.005853193069332316,
    0.0,
    0.006584375528495651,
    0.0058531930693323155,
    0.9999828699187266,
    0.0,
    -0.00657766352428373,
    0.0,
    0.0,
    1.0,
    0.0,
    0.0,
    0.0,
    0.0,
    1.0
  ],
  "4": [
    0.9997611448199114,
    0.021855281018099793,
    0.0,
    0.00512703671363942,
    -0.021855281018099793,
    0.9997611448199114,
    0.0,
    0.011125971458512796,
    0.0,
    0.0,
    1.0,
    0.0,
    0.0,
    0.0,
    0.0,
    1.0
  ],
  "5": [
    0.99999657623744,
    -0.00261677538162109,
    0.0,
    0.0041597920453550485,
    0.0026167753816210898,
    0.99999657623744,
    0.0,
    -0.003122037544045459,
    0.0,
    0.0,
    1.0,
    0.0,
    0.0,
    0.0,
    0.0,
    1.0
  ],
  "6": [
    0.9999998376861211,
    0.0005697611178642638,
    0.0,
    -0.005177356858785876,
    -0.0005697611178642647,
    0.9999998376861211,
    0.0,
    -0.006620786849716036,
    0.0,
    0.0,
    1.0,
    0.0,
    0.0,
    0.0,
    0.0,
    1.0
  ],
  "7": [
    0.9998341190794172,
    -0.01821357528564225,
    0.0,
    -0.01750132996327373,
    0.01821357528564225,
    0.9998341190794172,
    0.0,
    -0.009736913541488774,
    0.0,
    0.0,
    1.0,
    0.0,
    0.0,
    0.0,
    0.0,
    1.0
  ],
  "8": [
    0.9998529647216817,
    0.017147855179685596,
    0.0,
    0.008850452677748326,
    -0.017147855179685596,
    0.9998529647216817,
    0.0,
    -0.014565281921967986,
    0.0,
    0.0,
    1.0,
    0.0,
    0.0,
    0.0,
    0.0,
    1.0
  ],
  "9": [
    0.9998455902169264,
    -0.017572584436166994,
    0.0,
    0.011468833883001042,
    0.017572584436166994,
    0.9998455902169265,
    0.0,
    -0.0021484163282794524,
    0.0,
    0.0,
    1.0,
    0.0,
    0.0,
    0.0,
    0.0,
    1.0
  ]
}