{
  "0": [
    0.9998985090523735,
    0.014246809988218125,
    0.0,
    0.014933629860423155,
    -0.014246809988218125,
    0.9998985090523737,
    0.0,
    0.008406696221959477,
    0.0,
    0.0,
    1.0,
    0.0,
    0.0,
    0.0,
    0.0,
    1.0
  ],
  "1": [
    0.9998384955299896,
    0.017971723799528955,
    0.0,
    -0.0005808972457188894,
    -0.01797172379952896,
    0.9998384955299897,
    0.0,
    -0.004285962752948978,
    0.0,
    0.0,
    1.0,
    0.0,
    0.0,
    0.0,
    0.0,
    1.0
  ],
  "2": [
    0.9999293206183546,
    0.011889229063127739,
    0.0,
    0.015411910447306928,
    -0.01188922906312774,
    0.9999293206183547,
    0.0,
    -0.013461858004145602,
    0.0,
    0.0,
    1.0,
    0.0,
    0.0,
    0.0,
    0.0,
    1.0
  ],
  "3": [
    0.9999975091272966,
    0.002231981003995517,
    0.0,
    0.0068392958510718384,
    -0.002231981003995517,
    0.9999975091272966,
    0.0,
    0.008078666386287065,
    0.0,
    0.0,
    1.0,
    0.0,
    0.0,
    0.0,
    0.0,
    1.0
  ],
  "4": [
    0.9999816650626548,
    -0.006055537839037613,
    0.0,
    -0.01892141941692737,
    0.006055537839037614,
    0.9999816650626551,
    0.0,
    0.009674330376394457,
    0.0,
    0.0,
    1.0,
    0.0,
    0.0,
    0.0,
    0.0,
    1.0
  ],
  "5": [
    0.9999843004964766,
    -0.0056034596967080574,
    0.0,
    -0.0005320043003798455,
    0.005603459696708057,
    0.9999843004964764,
    0.0,
    -0.0070032886003800225,
    0.0,
    0.0,
    1.0,
    0.0,
    0.0,
    0.0,
    0.0,
    1.0
  ],
  "6": [
    0.9999703554526126,
    0.007699884153391663,
    0.0,
    0.0058431025240860005,
    -0.007699884153391663,
    0.9999703554526126,
    0.0,
    -0.006886939269589596,
    0.0,
    0.0,
    1.0,
    0.0,
    0.0,
    0.0,
    0.0,
    1.0
  ],
  "7": [
    0.9999947482104774,
    -0.0032409183056442484,
    0.0,
    -0.0026958407849150667,
    0.003240918305644248,
    0.9999947482104775,
    0.0,
    0.0076692669089094565,
    0.0,
    0.0,
    1.0,
    0.0,
    0.0,
    0.0,
    0.0,
    1.0
  ],
  "8": [
    0.9999897719243394,
    -0.004522836135441097,
    0.0,
    -0.0032739545856061017,
    0.0045228361354410955,
    0.9999897719243394,
    0.0,
    -0.0027585329866911647,
    0.0,
    0.0,
    1.0,
    0.0,
    0.0,
    0.0,
    0.0,
    1.0
  ],
  "9": [
    0.9997685621617501,
    0.021513300839872105,
    0.0,
    0.004147826986591343,
    -0.021513300839872105,
    0.9997685621617501,
    0.0,
    0.006925715636075212,
    0.0,
    0.0,
    1.0,
    0.0,
    0.0,
    0.0,
    0.0,
    1.0
  ]
}