{
  "0": [
    0.9999989562434634,
    0.0014448224748824967,
    0.0,
    -0.001955093985068563,
    -0.001444822474882497,
    0.9999989562434634,
    0.0,
    -0.004566115158379856,
    0.0,
    0.0,
    1.0,
    0.0,
    0.0,
    0.0,
    0.0,
    1.0
  ],
  "1": [
    0.999990649707719,
    0.004324407142479468,
    0.0,
    -0.0022454210015097494,
    -0.004324407142479468,
    0.999990649707719,
    0.0,
    0.006991789062958668,
    0.0,
    0.0,
    1.0,
    0.0,
    0.0,
    0.0,
    0.0,
    1.0
  ],
  "2": [
    0.9999832167839992,
    -0.005793630150905322,
    0.0,
    -0.00501204612994117,
    0.005793630150905321,
    0.9999832167839992,
    0.0,
    -0.005921515094846404,
    0.0,
    0.0,
    1.0,
    0.0,
    0.0,
    0.0,
    0.0,
    1.0
  ],
  "3": [
    0.9999747311093733,
    -0.007108948075250026,
    0.0,
    0.008115706975460508,
    0.007108948075250026,
    0.9999747311093733,
    0.0,
    0.0002785733818699205,
    0.0,
    0.0,
    1.0,
    0.0,
    0.0,
    0.0,
    0.0,
    1.0
  ],
  "4": [
    0.9999921372338673,
    0.003965535328608038,
    0.0,
    0.004092060255207725,
    -0.003965535328608038,
    0.9999921372338673,
    0.0,
    0.0004972873737837455,
    0.0,
    0.0,
    1.0,
    0.0,
    0.0,
    0.0,
    0.0,
    1.0
  ],
  "5": [
    0.9999970502834138,
    -0.0024288730867519904,
    0.0,
    0.0009676625380223245,
    0.0024288730867519912,
    0.9999970502834138,
    0.0,
    -0.0027526260319972085,
    0.0,
    0.0,
    1.0,
    0.0,
    0.0,
    0.0,
    0.0,
    1.0
  ],
  "6": [
    0.9999881533817124,
    -0.00486755546785357,
    0.0,
    0.0050396941066781316,
    0.00486755546785357,
    0.9999881533817125,
    0.0,
    0.006569559234545709,
    0.0,
    0.0,
    1.0,
    0.0,
    0.0,
    0.0,
    0.0,
    1.0
  ],
  "7": [
    0.9999985382162669,
    -0.0017098436564538628,
    0.0,
    0.0014516392806957796,
    0.0017098436564538628,
    0.9999985382162669,
    0.0,
    0.003328603123963783,
    0.0,
    0.0,
    1.0,
    0.0,
    0.0,
    0.0,
    0.0,
    1.0
  ],
  "8": [
    0.9999942676951211,
    -0.0033859381120271486,
    0.0,
    -0.001041360743827129,
    0.003385938112027149,
    0.9999942676951211,
    0.0,
    -0.00020704521692955537,
    0.0,
    0.0,
    1.0,
    0.0,
    0.0,
    0.0,
    0.0,
    1.0
  ],
  "9": [
    0.9999077735028937,
    -0.013581034146399338,
    0.0,
    0.0017413146932994026,
    0.013581034146399338,
    0.9999077735028937,
    0.0,
    0.0020230758010873393,
    0.0,
    0.0,
    1.0,
    0.0,
    0.0,
    0.0,
    0.0,
    1.0
  ]
}