{
  "0": [
    0.9999996523903119,
    0.0008337980901679717,
    0.0,
    0.0032571432840721197,
    -0.0008337980901679716,
    0.9999996523903119,
    0.0,
    -0.0051516411161578,
    0.0,
    0.0,
    1.0,
    0.0,
    0.0,
    0.0,
    0.0,
    1.0
  ],
  "1": [
    0.9999835755874616,
    -0.005731365920571048,
    0.0,
    0.002236968627461197,
    0.005731365920571049,
    0.9999835755874615,
    0.0,
    -0.007741002513876497,
    0.0,
    0.0,
    1.0,
    0.0,
    0.0,
    0.0,
    0.0,
    1.0
  ],
  "2": [
    0.9999878567714537,
    -0.004928114206705454,
    0.0,
    -0.0034389106737734037,
    0.004928114206705454,
    0.9999878567714539,
    0.0,
    -0.0007017350410803962,
    0.0,
    0.0,
    1.0,
    0.0,
    0.0,
    0.0,
    0.0,
    1.0
  ],
  "3": [
    0.9998535225580149,
    0.017115298078893677,
    0.0,
    0.006988071572884324,
    -0.017115298078893677,
    0.9998535225580147,
    0.0,
    -0.003919612914182817,
    0.0,
    0.0,
    1.0,
    0.0,
    0.0,
    0.0,
    0.0,
    1.0
  ],
  "4": [
    0.9999999544460365,
    -0.0003018408932921042,
    0.0,
    0.002429077666209764,
    0.0003018408932921042,
    0.9999999544460365,
    0.0,
    -0.0019681589760264027,
    0.0,
    0.0,
    1.0,
    0.0,
    0.0,
    0.0,
    0.0,
    1.0
  ],
  "5": [
    0.9999834977932103,
    0.005744923085355473,
    0.0,
    0.00446019688360732,
    -0.0057449230853554726,
    0.9999834977932103,
    0.0,
    -0.0012046862406587292,
    0.0,
    0.0,
    1.0,
    0.0,
    0.0,
    0.0,
    0.0,
    1.0
  ],
  "6": [
    0.9999814776843982,
    0.006086401903245234,
    0.0,
    0.005761967547968322,
    -0.006086401903245235,
    0.9999814776843982,
    0.0,
    0.00038004626738131364,
    0.0,
    0.0,
    1.0,
    0.0,
    0.0,
    0.0,
    0.0,
    1.0
  ],
  "7": [
    0.9999999981615777,
    -6.0636992868989566e-05,
    0.0,
    -0.00020263701719066402,
    6.063699286899014e-05,
    0.9999999981615776,
    0.0,
    0.002868288607450265,
    0.0,
    0.0,
    1.0,
    0.0,
    0.0,
    0.0,
    0.0,
    1.0
  ],
  "8": [
    0.9999953937540598,
    0.0030352052093500313,
    0.0,
    0.0045665817596624685,
    -0.0030352052093500313,
    0.9999953937540599,
    0.0,
    -0.0008923250337095328,
    0.0,
    0.0,
    1.0,
    0.0,
    0.0,
    0.0,
    0.0,
    1.0
  ],
  "9": [
    0.9999999709894422,
    0.00024087572464765884,
    0.0,
    -0.0013478081031699015,
    -0.0002408757246476588,
    0.9999999709894423,
    0.0,
    0.004536606011508643,
    0.0,
    0.0,
    1.0,
    0.0,
    0.0,
    0.0,
    0.0,
    1.0
  ]
}