{
  "0": [
    0.9999950435860447,
    0.0031484604721508905,
    0.0,
    -0.000312625290130352,
    -0.0031484604721508905,
    0.9999950435860446,
    0.0,
    0.004624117128174921,
    0.0,
    0.0,
    1.0,
    0.0,
    0.0,
    0.0,
    0.0,
    1.0
  ],
  "1": [
    0.9998828118453642,
    0.015308905127673742,
    0.0,
    -0.002267145270052876,
    -0.015308905127673744,
    0.9998828118453641,
    0.0,
    0.0017894704067462205,
    0.0,
    0.0,
    1.0,
    0.0,
    0.0,
    0.0,
    0.0,
    1.0
  ],
  "2": [
    0.9999228455892322,
    0.012421870581063778,
    0.0,
    -0.0005964519509096009,
    -0.01242187058106378,
    0.9999228455892322,
    0.0,
    0.008460266752199954,
    0.0,
    0.0,
    1.0,
    0.0,
    0.0,
    0.0,
    0.0,
    1.0
  ],
  "3": [
    0.9998296160223139,
    -0.018459114948241206,
    0.0,
    -0.010098595678690335,
    0.01845911494824121,
    0.9998296160223138,
    0.0,
    -0.01743977074737855,
    0.0,
    0.0,
    1.0,
    0.0,
    0.0,
    0.0,
    0.0,
    1.0
  ],
  "4": [
    0.9999716984807169,
    0.00752344585877881,
    0.0,
    0.00984549495647734,
    -0.0075234458587788095,
    0.999971698480717,
    0.0,
    -0.00485872143576187,
    0.0,
    0.0,
    1.0,
    0.0,
    0.0,
    0.0,
    0.0,
    1.0
  ],
  "5": [
    0.9996182402896394,
    0.02762921787247745,
    0.0,
    -0.008304021008326223,
    -0.02762921787247745,
    0.9996182402896395,
    0.0,
    0.014573671283685865,
    0.0,
    0.0,
    1.0,
    0.0,
    0.0,
    0.0,
    0.0,
    1.0
  ],
  "6": [
    0.9999746039197599,
    -0.00712681664696075,
    0.0,
    0.012616677822451478,
    0.007126816646960752,
    0.99997460391976,
    0.0,
    0.005844007179674165,
    0.0,
    0.0,
    1.0,
    0.0,
    0.0,
    0.0,
    0.0,
    1.0
  ],
  "7": [
    0.999847597754959,
    0.017457985669531606,
    0.0,
    0.009841959199935336,
    -0.01745798566953161,
    0.999847597754959,
    0.0,
    -0.02135376432777207,
    0.0,
    0.0,
    1.0,
    0.0,
    0.0,
    0.0,
    0.0,
    1.0
  ],
  "8": [
    0.9999988305665547,
    0.0015293349938071278,
    0.0,
    -0.009644510635867432,
    -0.0015293349938071273,
    0.9999988305665547,
    0.0,
    -0.0036337999475928016,
    0.0,
    0.0,
    1.0,
    0.0,
    0.0,
    0.0,
    0.0,
    1.0
  ],
  "9": [
    0.9999946369110102,
    -0.0032750800321194704,
    0.0,
    0.0001270858016237456,
    0.0032750800321194717,
    0.9999946369110101,
    0.0,
    -8.155404318044334e-05,
    0.0,
    0.0,
    1.0,
    0.0,
    0.0,
    0.0,
    0.0,
    1.0
  ]
}