{
  "0": [
    0.9999997463253524,
    -0.0007122845153890512,
    0.0,
    -0.0005952332909167358,
    0.0007122845153890512,
    0.9999997463253525,
    0.0,
    0.00012412527394656784,
    0.0,
    0.0,
    1.0,
    0.0,
    0.0,
    0.0,
    0.0,
    1.0
  ],
  "1": [
    0.9999993576105306,
    -0.001133480712639504,
    0.0,
    0.000713153248664409,
    0.0011334807126395037,
    0.9999993576105307,
    0.0,
    -0.00010145536798985319,
    0.0,
    0.0,
    1.0,
    0.0,
    0.0,
    0.0,
    0.0,
    1.0
  ],
  "2": [
    0.9999987238321518,
    -0.0015976026000670718,
    0.0,
    0.0005886720148393721,
    0.0015976026000670718,
    0.9999987238321518,
    0.0,
    0.0003063976258877313,
    0.0,
    0.0,
    1.0,
    0.0,
    0.0,
    0.0,
    0.0,
    1.0
  ],
  "3": [
    0.9999986887388701,
    0.0016194198160763952,
    0.0,
    -0.0008730170494904695,
    -0.0016194198160763948,
    0.9999986887388699,
    0.0,
    -0.002699776069034627,
    0.0,
    0.0,
    1.0,
    0.0,
    0.0,
    0.0,
    0.0,
    1.0
  ],
  "4": [
    0.9999998568522224,
    0.000535065916326597,
    0.0,
    -0.0019803680206109146,
    -0.000535065916326597,
    0.9999998568522224,
    0.0,
    -0.0004162760348091233,
    0.0,
    0.0,
    1.0,
    0.0,
    0.0,
    0.0,
    0.0,
    1.0
  ],
  "5": [
    0.9999998055729606,
    -0.0006235816233970264,
    0.0,
    -0.0012512685432788779,
    0.0006235816233970265,
    0.9999998055729605,
    0.0,
    -0.0025636065523719446,
    0.0,
    0.0,
    1.0,
    0.0,
    0.0,
    0.0,
    0.0,
    1.0
  ],
  "6": [
    0.9999984572649491,
    0.001756549948593189,
    0.0,
    0.0007635445195043858,
    -0.001756549948593189,
    0.9999984572649491,
    0.0,
    -0.00010565758964364651,
    0.0,
    0.0,
    1.0,
    0.0,
    0.0,
    0.0,
    0.0,
    1.0
  ],
  "7": [
    0.9999971880445814,
    -0.0023714769512590663,
    0.0,
    -0.00026718180624349207,
    0.0023714769512590667,
    0.9999971880445814,
    0.0,
    -0.0004896390302771743,
    0.0,
    0.0,
    1.0,
    0.0,
    0.0,
    0.0,
    0.0,
    1.0
  ],
  "8": [
    0.9999988121168382,
    0.0015413516511548421,
    0.0,
    -0.0004971186631232357,
    -0.0015413516511548421,
    0.9999988121168383,
    0.0,
    -0.0017406724420479863,
    0.0,
    0.0,
    1.0,
    0.0,
    0.0,
    0.0,
    0.0,
    1.0
  ],
  "9": [
    0.9999967008401713,
    -0.002568717339947173,
    0.0,
    0.0015599033662536687,
    0.002568717339947173,
    0.9999967008401713,
    0.0,
    -0.001061049325231915,
    0.0,
    0.0,
    1.0,
    0.0,
    0.0,
    0.0,
    0.0,
    1.0
  ]
}