{
  "0": [
    0.9999955578853569,
    0.002980639118347908,
    0.0,
    0.005915875921107944,
    -0.0029806391183479068,
    0.9999955578853568,
    0.0,
    0.005175060436452006,
    0.0,
    0.0,
    1.0,
    0.0,
    0.0,
    0.0,
    0.0,
    1.0
  ],
  "1": [
    0.9999916976518333,
    -0.004074877593795354,
    0.0,
    -0.005707439025402267,
    0.004074877593795354,
    0.9999916976518334,
    0.0,
    -0.002040713381894539,
    0.0,
    0.0,
    1.0,
    0.0,
    0.0,
    0.0,
    0.0,
    1.0
  ],
  "2": [
    0.9999992773926867,
    -0.0012021705804386269,
    0.0,
    0.006003580858626778,
    0.0012021705804386267,
    0.9999992773926867,
    0.0,
    -0.0006829189841644717,
    0.0,
    0.0,
    1.0,
    0.0,
    0.0,
    0.0,
    0.0,
    1.0
  ],
  "3": [
    0.9999431047113858,
    0.01066711489367515,
    0.0,
    -0.00448891426297446,
    -0.010667114893675148,
    0.9999431047113857,
    0.0,
    -0.004734430988305868,
    0.0,
    0.0,
    1.0,
    0.0,
    0.0,
    0.0,
    0.0,
    1.0
  ],
  "4": [
    0.999997447650631,
    -0.002259356595011738,
    0.0,
    -0.002213603210385028,
    0.002259356595011738,
    0.999997447650631,
    0.0,
    0.002559733357758835,
    0.0,
    0.0,
    1.0,
    0.0,
    0.0,
    0.0,
    0.0,
    1.0
  ],
  "5": [
    0.9999324596193246,
    0.01162222868677448,
    0.0,
    -0.002312723560426114,
    -0.01162222868677448,
    0.9999324596193246,
    0.0,
    -0.003635212709039493,
    0.0,
    0.0,
    1.0,
    0.0,
    0.0,
    0.0,
    0.0,
    1.0
  ],
  "6": [
    0.9999999987707924,
    -4.958240752942363e-05,
    0.0,
    -0.0008986376181776175,
    4.958240752942391e-05,
    0.9999999987707924,
    0.0,
    0.003235648648079962,
    0.0,
    0.0,
    1.0,
    0.0,
    0.0,
    0.0,
    0.0,
    1.0
  ],
  "7": [
    0.999986387129518,
    -0.0052178113853938255,
    0.0,
    -0.0008918540314247364,
    0.005217811385393825,
    0.999986387129518,
    0.0,
    -0.005159733458860277,
    0.0,
    0.0,
    1.0,
    0.0,
    0.0,
    0.0,
    0.0,
    1.0
  ],
  "8": [
    0.9999971050912845,
    -0.0024062022048445806,
    0.0,
    -0.011375071231151366,
    0.0024062022048445815,
    0.9999971050912844,
    0.0,
    0.0026413102902257874,
    0.0,
    0.0,
    1.0,
    0.0,
    0.0,
    0.0,
    0.0,
    1.0
  ],
  "9": [
    0.9999667947331146,
    -0.008149198192503312,
    0.0,
    0.008674781754990622,
    0.008149198192503312,
    0.9999667947331148,
    0.0,
    0.006612466257696664,
    0.0,
    0.0,
    1.0,
    0.0,
    0.0,
    0.0,
    0.0,
    1.0
  ]
}