{
  "0": [
    0.9999365473474013,
    0.011265046780124402,
    0.0,
    -0.01975050569310255,
    -0.011265046780124398,
    0.9999365473474013,
    0.0,
    -0.010872741419453312,
    0.0,
    0.0,
    1.0,
    0.0,
    0.0,
    0.0,
    0.0,
    1.0
  ],
  "1": [
    0.9998192082661261,
    0.01901448874139979,
    0.0,
    0.0018653829303253923,
    -0.01901448874139979,
    0.9998192082661261,
    0.0,
    -0.0002728139680405698,
    0.0,
    0.0,
    1.0,
    0.0,
    0.0,
    0.0,
    0.0,
    1.0
  ],
  "2": [
    0.9999578637624358,
    0.009179907388737103,
    0.0,
    -0.004355949545371205,
    -0.009179907388737103,
    0.9999578637624358,
    0.0,
    -0.0021481702030615992,
    0.0,
    0.0,
    1.0,
    0.0,
    0.0,
    0.0,
    0.0,
    1.0
  ],
  "3": [
    0.9999905634481431,
    -0.004344308306943157,
    0.0,
    -0.003133163326769284,
    0.004344308306943159,
    0.999990563448143,
    0.0,
    -0.000673497007731587,
    0.0,
    0.0,
    1.0,
    0.0,
    0.0,
    0.0,
    0.0,
    1.0
  ],
  "4": [
    0.999999744158339,
    -0.0007153203874851295,
    0.0,
    0.005452440316046445,
    0.000715320387485129,
    0.9999997441583389,
    0.0,
    -0.02131497840922198,
    0.0,
    0.0,
    1.0,
    0.0,
    0.0,
    0.0,
    0.0,
    1.0
  ],
  "5": [
    0.9999443926902797,
    0.010545687614738534,
    0.0,
    0.029725893492814445,
    -0.010545687614738534,
    0.9999443926902797,
    0.0,
    0.006922304890915816,
    0.0,
    0.0,
    1.0,
    0.0,
    0.0,
    0.0,
    0.0,
    1.0
  ],
  "6": [
    0.9995380511196972,
    -0.030392176029982076,
    0.0,
    -0.01359190621487742,
    0.030392176029982076,
    0.9995380511196973,
    0.0,
    -0.00403522972455149,
    0.0,
    0.0,
    1.0,
    0.0,
    0.0,
    0.0,
    0.0,
    1.0
  ],
  "7": [
    0.9999972370238958,
    0.0023507327738974478,
    0.0,
    0.01558499115458164,
    -0.0023507327738974495,
    0.9999972370238959,
    0.0,
    -0.021443039310040362,
    0.0,
    0.0,
    1.0,
    0.0,
    0.0,
    0.0,
    0.0,
    1.0
  ],
  "8": [
    0.9999946356891428,
    0.003275453089017812,
    0.0,
    -0.0057486743081917235,
    -0.003275453089017813,
    0.9999946356891428,
    0.0,
    -0.007780175717490179,
    0.0,
    0.0,
    1.0,
    0.0,
    0.0,
    0.0,
    0.0,
    1.0
  ],
  "9": [
    0.9999084173806484,
    -0.01353354540862709,
    0.0,
    0.0025438519420159437,
    0.013533545408627093,
    0.9999084173806482,
    0.0,
    -0.01870737338637088,
    0.0,
    0.0,
    1.0,
    0.0,
    0.0,
    0.0,
    0.0,
    1.0
  ]
}