{
  "0": [
    0.9999073139096099,
    0.013614829784807433,
    0.0,
    0.017074263458411718,
    -0.013614829784807434,
    0.9999073139096099,
    0.0,
    0.004810699031762166,
    0.0,
    0.0,
    1.0,
    0.0,
    0.0,
    0.0,
    0.0,
    1.0
  ],
  "1": [
    0.9999163199013694,
    0.012936506286561894,
    0.0,
    0.011644648725936744,
    -0.012936506286561894,
    0.9999163199013693,
    0.0,
    -0.007149365344843419,
    0.0,
    0.0,
    1.0,
    0.0,
    0.0,
    0.0,
    0.0,
    1.0
  ],
  "2": [
    0.999694258372572,
    -0.024726297274623273,
    0.0,
    -0.00011887604534308472,
    0.024726297274623273,
    0.9996942583725721,
    0.0,
    0.00288351724343509,
    0.0,
    0.0,
    1.0,
    0.0,
    0.0,
    0.0,
    0.0,
    1.0
  ],
  "3": [
    0.9998926911962034,
    -0.014649440003425369,
    0.0,
    -0.003659277731241437,
    0.01464944000342537,
    0.9998926911962034,
    0.0,
    -0.002774611554628096,
    0.0,
    0.0,
    1.0,
    0.0,
    0.0,
    0.0,
    0.0,
    1.0
  ],
  "4": [
    0.999999993916955,
    -0.00011029999953712155,
    0.0,
    -0.013764367064488407,
    0.00011029999953712513,
    0.999999993916955,
    0.0,
    0.008359985987943234,
    0.0,
    0.0,
    1.0,
    0.0,
    0.0,
    0.0,
    0.0,
    1.0
  ],
  "5": [
    0.9998468230823846,
    -0.01750229619400447,
    0.0,
    0.0204129632932253,
    0.01750229619400447,
    0.9998468230823847,
    0.0,
    -0.0008556952873702952,
    0.0,
    0.0,
    1.0,
    0.0,
    0.0,
    0.0,
    0.0,
    1.0
  ],
  "6": [
    0.9999410983728505,
    0.010853560931670767,
    0.0,
    -0.010935336260285986,
    -0.010853560931670765,
    0.9999410983728503,
    0.0,
    0.01518382428606065,
    0.0,
    0.0,
    1.0,
    0.0,
    0.0,
    0.0,
    0.0,
    1.0
  ],
  "7": [
    0.9998605620048405,
    0.016698998394048776,
    0.0,
    -0.007918317591753453,
    -0.016698998394048776,
    0.9998605620048406,
    0.0,
    -0.013019575751797751,
    0.0,
    0.0,
    1.0,
    0.0,
    0.0,
    0.0,
    0.0,
    1.0
  ],
  "8": [
    0.9999921696242816,
    0.003957358983204505,
    0.0,
    -0.006610867283554619,
    -0.003957358983204505,
    0.9999921696242816,
    0.0,
    -0.009299835509887971,
    0.0,
    0.0,
    1.0,
    0.0,
    0.0,
    0.0,
    0.0,
    1.0
  ],
  "9": [
    0.9999883141017474,
    0.004834424468848771,
    0.0,
    0.006392884854003612,
    -0.004834424468848773,
    0.9999883141017474,
    0.0,
    0.00688991670971068,
    0.0,
    0.0,
    1.0,
    0.0,
    0.0,
    0.0,
    0.0,
    1.0
  ]
}