{
  "0": [
    0.9998908328407768,
    -0.014775736901341532,
    0.0,
    0.024781709837997934,
    0.014775736901341532,
    0.9998908328407768,
    0.0,
    -0.013916648337090214,
    0.0,
    0.0,
    1.0,
    0.0,
    0.0,
    0.0,
    0.0,
    1.0
  ],
  "1": [
    0.9999327400189499,
    0.011598079073507423,
    0.0,
    0.009984519993964176,
    -0.011598079073507423,
    0.9999327400189498,
    0.0,
    0.00618327664361445,
    0.0,
    0.0,
    1.0,
    0.0,
    0.0,
    0.0,
    0.0,
    1.0
  ],
  "2": [
    0.9996793479254208,
    0.025321953546384914,
    0.0,
    0.00428187626261221,
    -0.02532195354638491,
    0.9996793479254208,
    0.0,
    0.013404221041488484,
    0.0,
    0.0,
    1.0,
    0.0,
    0.0,
    0.0,
    0.0,
    1.0
  ],
  "3": [
    0.9997447873774218,
    0.022591151180792114,
    0.0,
    0.004510674078409209,
    -0.022591151180792118,
    0.999744787377422,
    0.0,
    0.011516625119955472,
    0.0,
    0.0,
    1.0,
    0.0,
    0.0,
    0.0,
    0.0,
    1.0
  ],
  "4": [
    0.9999763967690123,
    -0.006870655344495237,
    0.0,
    0.018880547541462116,
    0.006870655344495234,
    0.9999763967690123,
    0.0,
    -0.016783155792003117,
    0.0,
    0.0,
    1.0,
    0.0,
    0.0,
    0.0,
    0.0,
    1.0
  ],
  "5": [
    0.9999906196016857,
    -0.004331363369276371,
    0.0,
    -0.002382102849904368,
    0.00433136336927637,
    0.9999906196016857,
    0.0,
    -0.0032988222601853297,
    0.0,
    0.0,
    1.0,
    0.0,
    0.0,
    0.0,
    0.0,
    1.0
  ],
  "6": [
    0.9997261215634968,
    -0.023402603778395748,
    0.0,
    -0.000781556111733763,
    0.023402603778395748,
    0.9997261215634967,
    0.0,
    0.01607992830830647,
    0.0,
    0.0,
    1.0,
    0.0,
    0.0,
    0.0,
    0.0,
    1.0
  ],
  "7": [
    0.9998385127203089,
    -0.017970767408225136,
    0.0,
    -0.012120266196349434,
    0.01797076740822514,
    0.9998385127203089,
    0.0,
    0.005407387812441567,
    0.0,
    0.0,
    1.0,
    0.0,
    0.0,
    0.0,
    0.0,
    1.0
  ],
  "8": [
    0.9994582075863949,
    0.03291339071245637,
    0.0,
    -0.01395332877539596,
    -0.03291339071245637,
    0.9994582075863948,
    0.0,
    0.00084871267286226,
    0.0,
    0.0,
    1.0,
    0.0,
    0.0,
    0.0,
    0.0,
    1.0
  ],
  "9": [
    0.9996195791257882,
    -0.027580736545308817,
    0.0,
    0.0031732306666213896,
    0.02758073654530882,
    0.9996195791257884,
    0.0,
    0.0026233208841740727,
    0.0,
    0.0,
    1.0,
    0.0,
    0.0,
    0.0,
    0.0,
    1.0
  ]
}