{
  "0": [
    0.9999524374567038,
    0.009753093068203914,
    0.0,
    0.0056802318632666006,
    -0.009753093068203914,
    0.9999524374567036,
    0.0,
    0.013821607266924177,
    0.0,
    0.0,
    1.0,
    0.0,
    0.0,
    0.0,
    0.0,
    1.0
  ],
  "1": [
    0.9999964696267213,
    0.0026572041874333607,
    0.0,
    0.0015296079564427196,
    -0.0026572041874333603,
    0.9999964696267214,
    0.0,
    0.0007637681886220697,
    0.0,
    0.0,
    1.0,
    0.0,
    0.0,
    0.0,
    0.0,
    1.0
  ],
  "2": [
    0.9999926685477101,
    0.0038292102096916148,
    0.0,
    0.009207662316707615,
    -0.0038292102096916143,
    0.99999266854771,
    0.0,
    0.00946763223238375,
    0.0,
    0.0,
    1.0,
    0.0,
    0.0,
    0.0,
    0.0,
    1.0
  ],
  "3": [
    0.9999482331805659,
    0.010175016415933729,
    0.0,
    -0.004449315939419353,
    -0.010175016415933729,
    0.9999482331805659,
    0.0,
    0.005259156709831561,
    0.0,
    0.0,
    1.0,
    0.0,
    0.0,
    0.0,
    0.0,
    1.0
  ],
  "4": [
    0.9999992872176494,
    0.0011939699297301308,
    0.0,
    -0.007148270391246171,
    -0.001193969929730131,
    0.9999992872176494,
    0.0,
    0.0032206947563354223,
    0.0,
    0.0,
    1.0,
    0.0,
    0.0,
    0.0,
    0.0,
    1.0
  ],
  "5": [
    0.9999649644937472,
    0.008370769679004391,
    0.0,
    0.0007779408192302661,
    -0.008370769679004391,
    0.9999649644937472,
    0.0,
    -0.0006460060117369011,
    0.0,
    0.0,
    1.0,
    0.0,
    0.0,
    0.0,
    0.0,
    1.0
  ],
  "6": [
    0.9999964530300941,
    -0.0026634427402583674,
    0.0,
    -0.0008113459314890766,
    0.002663442740258367,
    0.9999964530300942,
    0.0,
    -0.004619812595762277,
    0.0,
    0.0,
    1.0,
    0.0,
    0.0,
    0.0,
    0.0,
    1.0
  ],
  "7": [
    0.9999990901541351,
    0.0013489591920821512,
    0.0,
    0.0004482695543031579,
    -0.0013489591920821515,
    0.9999990901541352,
    0.0,
    0.010353371614597554,
    0.0,
    0.0,
    1.0,
    0.0,
    0.0,
    0.0,
    0.0,
    1.0
  ],
  "8": [
    0.999991179606285,
    0.00420008447902089,
    0.0,
    0.005039454889821943,
    -0.00420008447902089,
    0.9999911796062849,
    0.0,
    0.0019251418832000025,
    0.0,
    0.0,
    1.0,
    0.0,
    0.0,
    0.0,
    0.0,
    1.0
  ],
  "9": [
    0.9999980011847401,
    -0.0019994065431130615,
    0.0,
    -0.004614071955055956,
    0.001999406543113061,
    0.9999980011847399,
    0.0,
    -0.0008899950600532102,
    0.0,
    0.0,
    1.0,
    0.0,
    0.0,
    0.0,
    0.0,
    1.0
  ]
}