{
  "0": [
    0.9998735399551787,
    -0.01590295876558983,
    0.0,
    -0.00521268792927641,
    0.01590295876558983,
    0.9998735399551785,
    0.0,
    0.006105507814509751,
    0.0,
    0.0,
    1.0,
    0.0,
    0.0,
    0.0,
    0.0,
    1.0
  ],
  "1": [
    0.9998921343005022,
    0.014687401539642682,
    0.0,
    0.0006204513763666506,
    -0.014687401539642682,
    0.9998921343005021,
    0.0,
    0.009954010025042887,
    0.0,
    0.0,
    1.0,
    0.0,
    0.0,
    0.0,
    0.0,
    1.0
  ],
  "2": [
    0.9999427064335312,
    -0.010704384633636366,
    0.0,
    -0.0044030381001909525,
    0.010704384633636368,
    0.9999427064335313,
    0.0,
    0.002430260426663526,
    0.0,
    0.0,
    1.0,
    0.0,
    0.0,
    0.0,
    0.0,
    1.0
  ],
  "3": [
    0.9999645258104359,
    0.008423011380160623,
    0.0,
    -0.010629705571205258,
    -0.008423011380160621,
    0.9999645258104358,
    0.0,
    -0.009528592593334537,
    0.0,
    0.0,
    1.0,
    0.0,
    0.0,
    0.0,
    0.0,
    1.0
  ],
  "4": [
    0.9999993127242165,
    -0.0011724125105979071,
    0.0,
    0.0014974220001571005,
    0.0011724125105979071,
    0.9999993127242165,
    0.0,
    -0.0017406877056134213,
    0.0,
    0.0,
    1.0,
    0.0,
    0.0,
    0.0,
    0.0,
    1.0
  ],
  "5": [
    0.9999960136935718,
    -0.002823578751519559,
    0.0,
    -0.003726673290989675,
    0.0028235787515195608,
    0.9999960136935716,
    0.0,
    0.013216561244464495,
    0.0,
    0.0,
    1.0,
    0.0,
    0.0,
    0.0,
    0.0,
    1.0
  ],
  "6": [
    0.9999990074421191,
    0.0014089410123110627,
    0.0,
    -0.007294923790583001,
    -0.0014089410123110638,
    0.9999990074421193,
    0.0,
    0.008448731033146868,
    0.0,
    0.0,
    1.0,
    0.0,
    0.0,
    0.0,
    0.0,
    1.0
  ],
  "7": [
    0.9999125336729949,
    -0.013225921656038385,
    0.0,
    -0.003625982067398208,
    0.013225921656038385,
    0.9999125336729949,
    0.0,
    0.007170461603633783,
    0.0,
    0.0,
    1.0,
    0.0,
    0.0,
    0.0,
    0.0,
    1.0
  ],
  "8": [
    0.9999020474360223,
    0.013996268547407884,
    0.0,
    -0.013373565656971814,
    -0.013996268547407884,
    0.9999020474360222,
    0.0,
    0.0024753419644387683,
    0.0,
    0.0,
    1.0,
    0.0,
    0.0,
    0.0,
    0.0,
    1.0
  ],
  "9": [
    0.9999749433195008,
    0.007079034761960271,
    0.0,
    -0.00949240081747806,
    -0.007079034761960271,
    0.9999749433195009,
    0.0,
    -0.029368256528993622,
    0.0,
    0.0,
    1.0,
    0.0,
    0.0,
    0.0,
    0.0,
    1.0
  ]
}