{
  "0": [
    0.9999773766768361,
    -0.006726524698035151,
    0.0,
    -0.0026812410959299736,
    0.006726524698035151,
    0.999977376676836,
    0.0,
    -0.005922543443038112,
    0.0,
    0.0,
    1.0,
    0.0,
    0.0,
    0.0,
    0.0,
    1.0
  ],
  "1": [
    0.9999971202038374,
    -0.0023999133384481567,
    0.0,
    -0.004182953933531365,
    0.0023999133384481567,
    0.9999971202038374,
    0.0,
    -0.011550441942972936,
    0.0,
    0.0,
    1.0,
    0.0,
    0.0,
    0.0,
    0.0,
    1.0
  ],
  "2": [
    0.9999980786446524,
    -0.0019602823784521275,
    0.0,
    -0.00319802923321452,
    0.0019602823784521275,
    0.9999980786446525,
    0.0,
    0.01843611176498717,
    0.0,
    0.0,
    1.0,
    0.0,
    0.0,
    0.0,
    0.0,
    1.0
  ],
  "3": [
    0.9999755886659839,
    0.00698727930736686,
    0.0,
    0.004899619708882018,
    -0.00698727930736686,
    0.9999755886659838,
    0.0,
    0.0025039907701896124,
    0.0,
    0.0,
    1.0,
    0.0,
    0.0,
    0.0,
    0.0,
    1.0
  ],
  "4": [
    0.9999999847219135,
    0.00017480323978547778,
    0.0,
    0.011652109314178363,
    -0.00017480323978547724,
    0.9999999847219136,
    0.0,
    0.000586613798174124,
    0.0,
    0.0,
    1.0,
    0.0,
    0.0,
    0.0,
    0.0,
    1.0
  ],
  "5": [
    0.9999982451813452,
    0.0018734017802811591,
    0.0,
    -0.009300295817291127,
    -0.0018734017802811591,
    0.9999982451813452,
    0.0,
    0.00128340924215574,
    0.0,
    0.0,
    1.0,
    0.0,
    0.0,
    0.0,
    0.0,
    1.0
  ],
  "6": [
    0.9999990808537158,
    -0.0013558361713242788,
    0.0,
    0.0021697816499089426,
    0.0013558361713242784,
    0.9999990808537159,
    0.0,
    0.006935404275965855,
    0.0,
    0.0,
    1.0,
    0.0,
    0.0,
    0.0,
    0.0,
    1.0
  ],
  "7": [
    0.9999887211287104,
    0.00474948580017292,
    0.0,
    0.016224152198130073,
    -0.0047494858001729204,
    0.9999887211287105,
    0.0,
    0.013148703184225705,
    0.0,
    0.0,
    1.0,
    0.0,
    0.0,
    0.0,
    0.0,
    1.0
  ],
  "8": [
    0.9999369180100066,
    0.011232096894573903,
    0.0,
    -0.007513170284816174,
    -0.011232096894573898,
    0.9999369180100067,
    0.0,
    -0.00712267771240885,
    0.0,
    0.0,
    1.0,
    0.0,
    0.0,
    0.0,
    0.0,
    1.0
  ],
  "9": [
    0.9999923037224598,
    -0.003923327140037607,
    0.0,
    0.0063384564724731285,
    0.003923327140037606,
    0.9999923037224598,
    0.0,
    -0.0022155694792893284,
    0.0,
    0.0,
    1.0,
    0.0,
    0.0,
    0.0,
    0.0,
    1.0
  ]
}