{
  "0": [
    0.9999877791943027,
    -0.004943830705693679,
    0.0,
    -0.000987015584235223,
    0.004943830705693678,
    0.9999877791943027,
    0.0,
    0.0016537640806154382,
    0.0,
    0.0,
    1.0,
    0.0,
    0.0,
    0.0,
    0.0,
    1.0
  ],
  "1": [
    0.9999996190878508,
    -0.0008728253854950722,
    0.0,
    0.004196674775205963,
    0.0008728253854950725,
    0.9999996190878507,
    0.0,
    -8.334419974676596e-06,
    0.0,
    0.0,
    1.0,
    0.0,
    0.0,
    0.0,
    0.0,
    1.0
  ],
  "2": [
    0.9999781090542492,
    -0.006616752397390351,
    0.0,
    -0.003469708998992951,
    0.006616752397390349,
    0.9999781090542492,
    0.0,
    0.0014309256259454834,
    0.0,
    0.0,
    1.0,
    0.0,
    0.0,
    0.0,
    0.0,
    1.0
  ],
  "3": [
    0.9999357113783246,
    -0.011339008348353488,
    0.0,
    -0.0014310531197667946,
    0.011339008348353488,
    0.9999357113783246,
    0.0,
    -0.0011839444102932487,
    0.0,
    0.0,
    1.0,
    0.0,
    0.0,
    0.0,
    0.0,
    1.0
  ],
  "4": [
    0.9999999929702557,
    -0.0001185727139230744,
    0.0,
    0.0061515860752005365,
    0.00011857271392307489,
    0.9999999929702558,
    0.0,
    -0.00019283922949039082,
    0.0,
    0.0,
    1.0,
    0.0,
    0.0,
    0.0,
    0.0,
    1.0
  ],
  "5": [
    0.9999956063270773,
    0.0029643425140852475,
    0.0,
    -0.005273042963675572,
    -0.002964342514085247,
    0.9999956063270774,
    0.0,
    -0.0013006830662331743,
    0.0,
    0.0,
    1.0,
    0.0,
    0.0,
    0.0,
    0.0,
    1.0
  ],
  "6": [
    0.9999887726672788,
    -0.004738622098190086,
    0.0,
    -0.002606900314877504,
    0.004738622098190086,
    0.9999887726672787,
    0.0,
    0.000906692031477491,
    0.0,
    0.0,
    1.0,
    0.0,
    0.0,
    0.0,
    0.0,
    1.0
  ],
  "7": [
    0.9999926697431057,
    0.0038288980210899395,
    0.0,
    -0.006360143451774444,
    -0.00382889802108994,
    0.9999926697431057,
    0.0,
    0.002070386813936684,
    0.0,
    0.0,
    1.0,
    0.0,
    0.0,
    0.0,
    0.0,
    1.0
  ],
  "8": [
    0.9999839964083034,
    0.005657466507046593,
    0.0,
    0.006312771036596379,
    -0.005657466507046593,
    0.9999839964083034,
    0.0,
    0.0032155401894621866,
    0.0,
    0.0,
    1.0,
    0.0,
    0.0,
    0.0,
    0.0,
    1.0
  ],
  "9": [
    0.9999977464413841,
    0.0021229960323033096,
    0.0,
    -0.002471606324185399,
    -0.002122996032303309,
    0.9999977464413843,
    0.0,
    0.006334457490789824,
    0.0,
    0.0,
    1.0,
    0.0,
    0.0,
    0.0,
    0.0,
    1.0
  ]
}