{
  "0": [
    0.9999999997774479,
    2.1097491933041114e-05,
    0.0,
    0.0010534396520689008,
    -2.109749193304098e-05,
    0.999999999777448,
    0.0,
    0.0024588550137412163,
    0.0,
    0.0,
    1.0,
    0.0,
    0.0,
    0.0,
    0.0,
    1.0
  ],
  "1": [
    0.9999998114088807,
    -0.0006141516123085325,
    0.0,
    -0.004315923838740311,
    0.0006141516123085325,
    0.9999998114088807,
    0.0,
    -0.0026229002692207664,
    0.0,
    0.0,
    1.0,
    0.0,
    0.0,
    0.0,
    0.0,
    1.0
  ],
  "2": [
    0.9999974959120328,
    -0.0022378940242313303,
    0.0,
    -0.0009148752438254333,
    0.0022378940242313303,
    0.9999974959120328,
    0.0,
    0.0009455451406564003,
    0.0,
    0.0,
    1.0,
    0.0,
    0.0,
    0.0,
    0.0,
    1.0
  ],
  "3": [
    0.9999995113570117,
    -0.0009885776335679043,
    0.0,
    0.000919606782742945,
    0.0009885776335679043,
    0.9999995113570118,
    0.0,
    -0.0021465047979367683,
    0.0,
    0.0,
    1.0,
    0.0,
    0.0,
    0.0,
    0.0,
    1.0
  ],
  "4": [
    0.9999906780956805,
    -0.004317837623261631,
    0.0,
    0.0026331896211632317,
    0.004317837623261631,
    0.9999906780956807,
    0.0,
    -0.0005222130563948611,
    0.0,
    0.0,
    1.0,
    0.0,
    0.0,
    0.0,
    0.0,
    1.0
  ],
  "5": [
    0.9999998695091428,
    -0.0005108636779870817,
    0.0,
    0.0025868055278492758,
    0.0005108636779870814,
    0.9999998695091425,
    0.0,
    -0.003673110350218491,
    0.0,
    0.0,
    1.0,
    0.0,
    0.0,
    0.0,
    0.0,
    1.0
  ],
  "6": [
    0.9999925411445689,
    -0.0038623380519668647,
    0.0,
    0.003741273597675429,
    0.003862338051966865,
    0.999992541144569,
    0.0,
    -0.0029099436830810482,
    0.0,
    0.0,
    1.0,
    0.0,
    0.0,
    0.0,
    0.0,
    1.0
  ],
  "7": [
    0.9999919493757148,
    0.00401262803627181,
    0.0,
    0.0004476275833643213,
    -0.00401262803627181,
    0.999991949375715,
    0.0,
    0.004840655289165667,
    0.0,
    0.0,
    1.0,
    0.0,
    0.0,
    0.0,
    0.0,
    1.0
  ],
  "8": [
    0.9999988313925404,
    0.0015287948041949125,
    0.0,
    0.0033145782322224083,
    -0.0015287948041949127,
    0.9999988313925406,
    0.0,
    -0.0010518291836680354,
    0.0,
    0.0,
    1.0,
    0.0,
    0.0,
    0.0,
    0.0,
    1.0
  ],
  "9": [
    0.9999996214002566,
    0.0008701720195448896,
    0.0,
    0.001509561789508872,
    -0.0008701720195448895,
    0.9999996214002566,
    0.0,
    0.0017007443551121488,
    0.0,
    0.0,
    1.0,
    0.0,
    0.0,
    0.0,
    0.0,
    1.0
  ]
}