{
  "0": [
    0.9999476470907988,
    0.010232452178030817,
    0.0,
    0.008180603054825639,
    -0.010232452178030819,
    0.9999476470907986,
    0.0,
    -0.008134399878932712,
    0.0,
    0.0,
    1.0,
    0.0,
    0.0,
    0.0,
    0.0,
    1.0
  ],
  "1": [
    0.9999219616960051,
    0.012492818657650414,
    0.0,
    0.0018220346159938169,
    -0.012492818657650413,
    0.9999219616960051,
    0.0,
    6.959336919820506e-05,
    0.0,
    0.0,
    1.0,
    0.0,
    0.0,
    0.0,
    0.0,
    1.0
  ],
  "2": [
    0.9999991965778783,
    0.0012676133472656768,
    0.0,
    0.0047335941208740346,
    -0.0012676133472656766,
    0.9999991965778782,
    0.0,
    0.004504807452462003,
    0.0,
    0.0,
    1.0,
    0.0,
    0.0,
    0.0,
    0.0,
    1.0
  ],
  "3": [
    0.9999825099050782,
    -0.005914379421386079,
    0.0,
    0.008733166461508152,
    0.005914379421386079,
    0.9999825099050782,
    0.0,
    -0.003460801020023931,
    0.0,
    0.0,
    1.0,
    0.0,
    0.0,
    0.0,
    0.0,
    1.0
  ],
  "4": [
    0.9999755902470114,
    -0.006987053036956994,
    0.0,
    -0.008740998341784446,
    0.006987053036956993,
    0.9999755902470113,
    0.0,
    -0.001928718389898615,
    0.0,
    0.0,
    1.0,
    0.0,
    0.0,
    0.0,
    0.0,
    1.0
  ],
  "5": [
    0.9999076829721099,
    -0.013587697867797907,
    0.0,
    0.007403775898376604,
    0.01358769786779791,
    0.99990768297211,
    0.0,
    -0.0004270001518600279,
    0.0,
    0.0,
    1.0,
    0.0,
    0.0,
    0.0,
    0.0,
    1.0
  ],
  "6": [
    0.9999058332856224,
    0.013723139632925187,
    0.0,
    -0.007719868888298318,
    -0.013723139632925185,
    0.9999058332856224,
    0.0,
    0.004665119306778461,
    0.0,
    0.0,
    1.0,
    0.0,
    0.0,
    0.0,
    0.0,
    1.0
  ],
  "7": [
    0.9998642594344466,
    -0.01647612532137948,
    0.0,
    0.008755914279625101,
    0.016476125321379483,
    0.9998642594344466,
    0.0,
    0.005809925889827743,
    0.0,
    0.0,
    1.0,
    0.0,
    0.0,
    0.0,
    0.0,
    1.0
  ],
  "8": [
    0.9999318404334719,
    -0.011675379536858585,
    0.0,
    -0.014329019441324656,
    0.011675379536858587,
    0.9999318404334718,
    0.0,
    0.001170067437261558,
    0.0,
    0.0,
    1.0,
    0.0,
    0.0,
    0.0,
    0.0,
    1.0
  ],
  "9": [
    0.9999965575433338,
    0.0026239095795354394,
    0.0,
    0.0010267526529607433,
    -0.0026239095795354394,
    0.9999965575433338,
    0.0,
    -0.005104311084645505,
    0.0,
    0.0,
    1.0,
    0.0,
    0.0,
    0.0,
    0.0,
    1.0
  ]
}