{
  "0": [
    0.9999749979434982,
    0.007071314439397699,
    0.0,
    -0.006039606698158711,
    -0.007071314439397699,
    0.9999749979434982,
    0.0,
    0.004613174391457571,
    0.0,
    0.0,
    1.0,
    0.0,
    0.0,
    0.0,
    0.0,
    1.0
  ],
  "1": [
    0.9999999500083364,
    0.0003162013985173734,
    0.0,
    0.0041961190081655905,
    -0.0003162013985173743,
    0.9999999500083364,
    0.0,
    -0.004845224101584959,
    0.0,
    0.0,
    1.0,
    0.0,
    0.0,
    0.0,
    0.0,
    1.0
  ],
  "2": [
    0.9998658633941339,
    -0.01637849868281899,
    0.0,
    0.019219487101798317,
    0.01637849868281899,
    0.9998658633941341,
    0.0,
    0.010902120980739874,
    0.0,
    0.0,
    1.0,
    0.0,
    0.0,
    0.0,
    0.0,
    1.0
  ],
  "3": [
    0.9993725518962358,
    -0.035418957020291846,
    0.0,
    0.019014274850816713,
    0.03541895702029185,
    0.999372551896236,
    0.0,
    -0.012375125588608402,
    0.0,
    0.0,
    1.0,
    0.0,
    0.0,
    0.0,
    0.0,
    1.0
  ],
  "4": [
    0.9997944152034383,
    -0.02027627500343064,
    0.0,
    -0.0076906665992686725,
    0.02027627500343064,
    0.9997944152034384,
    0.0,
    -0.0018327270118203153,
    0.0,
    0.0,
    1.0,
    0.0,
    0.0,
    0.0,
    0.0,
    1.0
  ],
  "5": [
    0.9999646245561421,
    0.008411280300525984,
    0.0,
    0.01164290475294203,
    -0.008411280300525984,
    0.9999646245561421,
    0.0,
    0.0160913112529022,
    0.0,
    0.0,
    1.0,
    0.0,
    0.0,
    0.0,
    0.0,
    1.0
  ],
  "6": [
    0.9999871115565794,
    -0.005077077971590705,
    0.0,
    0.04437052147962726,
    0.005077077971590702,
    0.9999871115565794,
    0.0,
    0.017520793133347527,
    0.0,
    0.0,
    1.0,
    0.0,
    0.0,
    0.0,
    0.0,
    1.0
  ],
  "7": [
    0.9999999274460791,
    0.00038093022536351374,
    0.0,
    -0.024217919360178856,
    -0.00038093022536351347,
    0.9999999274460791,
    0.0,
    -0.007393060774745521,
    0.0,
    0.0,
    1.0,
    0.0,
    0.0,
    0.0,
    0.0,
    1.0
  ],
  "8": [
    0.9999438497933376,
    -0.010597040175402106,
    0.0,
    -0.009662949166803256,
    0.010597040175402103,
    0.9999438497933375,
    0.0,
    4.896535669493405e-05,
    0.0,
    0.0,
    1.0,
    0.0,
    0.0,
    0.0,
    0.0,
    1.0
  ],
  "9": [
    0.9999665824532149,
    0.0081752050027951,
    0.0,
    -0.021955811643423438,
    -0.0081752050027951,
    0.999966582453215,
    0.0,
    0.008146613373179276,
    0.0,
    0.0,
    1.0,
    0.0,
    0.0,
    0.0,
    0.0,
    1.0
  ]
}