{
  "0": [
    0.9999562863181545,
    0.009350157902669558,
    0.0,
    -0.005100168377830703,
    -0.009350157902669558,
    0.9999562863181546,
    0.0,
    0.00042061977113284904,
    0.0,
    0.0,
    1.0,
    0.0,
    0.0,
    0.0,
    0.0,
    1.0
  ],
  "1": [
    0.9999874197894463,
    0.005016000682384599,
    0.0,
    0.006339208124474153,
    -0.005016000682384599,
    0.9999874197894463,
    0.0,
    -0.00975411132602523,
    0.0,
    0.0,
    1.0,
    0.0,
    0.0,
    0.0,
    0.0,
    1.0
  ],
  "2": [
    0.9999966761568249,
    -0.002578308612755996,
    0.0,
    0.0115546519104628,
    0.0025783086127559958,
    0.9999966761568247,
    0.0,
    0.0035270753395250055,
    0.0,
    0.0,
    1.0,
    0.0,
    0.0,
    0.0,
    0.0,
    1.0
  ],
  "3": [
    0.9999900760551579,
    0.004455085992363454,
    0.0,
    0.005849021742515332,
    -0.004455085992363454,
    0.9999900760551579,
    0.0,
    0.005794865831786795,
    0.0,
    0.0,
    1.0,
    0.0,
    0.0,
    0.0,
    0.0,
    1.0
  ],
  "4": [
    0.9999273265155215,
    -0.012055774032470736,
    0.0,
    -0.003461152952926102,
    0.012055774032470734,
    0.9999273265155214,
    0.0,
    -0.006895682322448011,
    0.0,
    0.0,
    1.0,
    0.0,
    0.0,
    0.0,
    0.0,
    1.0
  ],
  "5": [
    0.9999910974953822,
    0.004219588840242655,
    0.0,
    -0.008326366337598725,
    -0.004219588840242653,
    0.9999910974953823,
    0.0,
    0.007406200000223443,
    0.0,
    0.0,
    1.0,
    0.0,
    0.0,
    0.0,
    0.0,
    1.0
  ],
  "6": [
    0.9999931008396106,
    0.003714602694833272,
    0.0,
    0.012634382265769161,
    -0.003714602694833272,
    0.9999931008396106,
    0.0,
    -0.006731466644546041,
    0.0,
    0.0,
    1.0,
    0.0,
    0.0,
    0.0,
    0.0,
    1.0
  ],
  "7": [
    0.9998778580985004,
    -0.015629103760451506,
    0.0,
    0.002199950350676399,
    0.01562910376045151,
    0.9998778580985004,
    0.0,
    -0.0048804179226449,
    0.0,
    0.0,
    1.0,
    0.0,
    0.0,
    0.0,
    0.0,
    1.0
  ],
  "8": [
    0.9999982555172225,
    0.0018678764711231215,
    0.0,
    -0.006220531809710607,
    -0.0018678764711231222,
    0.9999982555172225,
    0.0,
    3.803812083509259e-05,
    0.0,
    0.0,
    1.0,
    0.0,
    0.0,
    0.0,
    0.0,
    1.0
  ],
  "9": [
    0.9999412798977579,
    -0.010836824093516264,
    0.0,
    -0.001737664876697964,
    0.010836824093516266,
    0.9999412798977579,
    0.0,
    0.013109580470669749,
    0.0,
    0.0,
    1.0,
    0.0,
    0.0,
    0.0,
    0.0,
    1.0
  ]
}