{
  "0": [
    0.9999546895023464,
    -0.009519398209233388,
    0.0,
    -0.008978308803395176,
    0.009519398209233388,
    0.9999546895023464,
    0.0,
    0.0022686658266240726,
    0.0,
    0.0,
    1.0,
    0.0,
    0.0,
    0.0,
    0.0,
    1.0
  ],
  "1": [
    0.9999972857865279,
    -0.0023298969027637484,
    0.0,
    -0.0023147132924155973,
    0.0023298969027637484,
    0.9999972857865278,
    0.0,
    0.007591494946875563,
    0.0,
    0.0,
    1.0,
    0.0,
    0.0,
    0.0,
    0.0,
    1.0
  ],
  "2": [
    0.9998846649188524,
    -0.015187391484858159,
    0.0,
    0.0042774234105651815,
    0.015187391484858157,
    0.9998846649188524,
    0.0,
    0.0037072662505456024,
    0.0,
    0.0,
    1.0,
    0.0,
    0.0,
    0.0,
    0.0,
    1.0
  ],
  "3": [
    0.9999871824039985,
    -0.005063104552776743,
    0.0,
    0.004682372166139951,
    0.005063104552776744,
    0.9999871824039986,
    0.0,
    -0.007766198589694008,
    0.0,
    0.0,
    1.0,
    0.0,
    0.0,
    0.0,
    0.0,
    1.0
  ],
  "4": [
    0.9999981197508565,
    0.0019391995131039087,
    0.0,
    -0.0020188155188914218,
    -0.0019391995131039085,
    0.9999981197508564,
    0.0,
    0.0042139225486217645,
    0.0,
    0.0,
    1.0,
    0.0,
    0.0,
    0.0,
    0.0,
    1.0
  ],
  "5": [
    0.9999619509096784,
    -0.0087233441356872,
    0.0,
    -0.004990146270821915,
    0.0087233441356872,
    0.9999619509096785,
    0.0,
    -0.0006065121455869631,
    0.0,
    0.0,
    1.0,
    0.0,
    0.0,
    0.0,
    0.0,
    1.0
  ],
  "6": [
    0.9999270400267231,
    0.012079512547947846,
    0.0,
    -0.008511543526278347,
    -0.012079512547947846,
    0.9999270400267232,
    0.0,
    0.003951406228885602,
    0.0,
    0.0,
    1.0,
    0.0,
    0.0,
    0.0,
    0.0,
    1.0
  ],
  "7": [
    0.9999592527762159,
    0.009027335555518488,
    0.0,
    -0.001891753266406995,
    -0.009027335555518488,
    0.9999592527762159,
    0.0,
    -0.011717014330605206,
    0.0,
    0.0,
    1.0,
    0.0,
    0.0,
    0.0,
    0.0,
    1.0
  ],
  "8": [
    0.9997995207984003,
    -0.020022942123704545,
    0.0,
    -0.01014022782945099,
    0.02002294212370454,
    0.9997995207984002,
    0.0,
    0.0028710308455533627,
    0.0,
    0.0,
    1.0,
    0.0,
    0.0,
    0.0,
    0.0,
    1.0
  ],
  "9": [
    0.9999201299152265,
    -0.012638583398320389,
    0.0,
    -0.0011895025631609918,
    0.012638583398320389,
    0.9999201299152265,
    0.0,
    0.0052182129115670075,
    0.0,
    0.0,
    1.0,
    0.0,
    0.0,
    0.0,
    0.0,
    1.0
  ]
}