{
  "0": [
    0.9999940186141817,
    0.0034587188176653503,
    0.0,
    -0.00830152777344112,
    -0.003458718817665351,
    0.9999940186141817,
    0.0,
    0.008274726903041997,
    0.0,
    0.0,
    1.0,
    0.0,
    0.0,
    0.0,
    0.0,
    1.0
  ],
  "1": [
    0.9997562383688184,
    0.022078583347453974,
    0.0,
    0.011310161935126163,
    -0.02207858334745397,
    0.9997562383688184,
    0.0,
    -0.002085575275675669,
    0.0,
    0.0,
    1.0,
    0.0,
    0.0,
    0.0,
    0.0,
    1.0
  ],
  "2": [
    0.9999535466405133,
    0.009638701212228658,
    0.0,
    -0.0036008142738790548,
    -0.009638701212228663,
    0.9999535466405134,
    0.0,
    0.008901175527905283,
    0.0,
    0.0,
    1.0,
    0.0,
    0.0,
    0.0,
    0.0,
    1.0
  ],
  "3": [
    0.9999582320019754,
    -0.009139707406893455,
    0.0,
    0.0192590629149841,
    0.009139707406893455,
    0.9999582320019754,
    0.0,
    0.0005638608167733697,
    0.0,
    0.0,
    1.0,
    0.0,
    0.0,
    0.0,
    0.0,
    1.0
  ],
  "4": [
    0.9999157711402046,
    0.012978852995921468,
    0.0,
    0.006157463690125383,
    -0.012978852995921468,
    0.9999157711402048,
    0.0,
    -0.01096550869514809,
    0.0,
    0.0,
    1.0,
    0.0,
    0.0,
    0.0,
    0.0,
    1.0
  ],
  "5": [
    0.9996331546203531,
    -0.027084242351619027,
    0.0,
    0.017267065682962945,
    0.027084242351619027,
    0.9996331546203531,
    0.0,
    -0.009991227469952289,
    0.0,
    0.0,
    1.0,
    0.0,
    0.0,
    0.0,
    0.0,
    1.0
  ],
  "6": [
    0.999999254902457,
    0.001220735241799301,
    0.0,
    -0.018520509120768636,
    -0.0012207352417993008,
    0.9999992549024571,
    0.0,
    -0.0027650946865280922,
    0.0,
    0.0,
    1.0,
    0.0,
    0.0,
    0.0,
    0.0,
    1.0
  ],
  "7": [
    0.9999801144300808,
    0.006306405029995543,
    0.0,
    0.009670071787853174,
    -0.006306405029995543,
    0.999980114430081,
    0.0,
    -0.005995044824994801,
    0.0,
    0.0,
    1.0,
    0.0,
    0.0,
    0.0,
    0.0,
    1.0
  ],
  "8": [
    0.9999229079182621,
    0.012416852269663652,
    0.0,
    0.006376712240247008,
    -0.012416852269663653,
    0.9999229079182622,
    0.0,
    0.007979630672790911,
    0.0,
    0.0,
    1.0,
    0.0,
    0.0,
    0.0,
    0.0,
    1.0
  ],
  "9": [
    0.9998695675703105,
    -0.016150784710349,
    0.0,
    -0.0040341138958558155,
    0.016150784710349,
    0.9998695675703106,
    0.0,
    -0.01327893962192946,
    0.0,
    0.0,
    1.0,
    0.0,
    0.0,
    0.0,
    0.0,
    1.0
  ]
}