{
  "0": [
    0.9999463681877055,
    0.010356676504442367,
    0.0,
    0.0018669197729601168,
    -0.010356676504442367,
    0.9999463681877055,
    0.0,
    -0.004960419464283473,
    0.0,
    0.0,
    1.0,
    0.0,
    0.0,
    0.0,
    0.0,
    1.0
  ],
  "1": [
    0.9999913120819666,
    0.004168424233108526,
    0.0,
    -0.005101407124796664,
    -0.004168424233108526,
    0.9999913120819665,
    0.0,
    -0.00025416225504523195,
    0.0,
    0.0,
    1.0,
    0.0,
    0.0,
    0.0,
    0.0,
    1.0
  ],
  "2": [
    0.9998924349861354,
    -0.014666917109501673,
    0.0,
    -0.0022806342029198503,
    0.014666917109501673,
    0.9998924349861354,
    0.0,
    -0.0053068584374781225,
    0.0,
    0.0,
    1.0,
    0.0,
    0.0,
    0.0,
    0.0,
    1.0
  ],
  "3": [
    0.9999988406188185,
    -0.0015227478513810816,
    0.0,
    -0.005644869403889547,
    0.0015227478513810816,
    0.9999988406188184,
    0.0,
    -0.006023958911673703,
    0.0,
    0.0,
    1.0,
    0.0,
    0.0,
    0.0,
    0.0,
    1.0
  ],
  "4": [
    0.9999166340607621,
    0.012912200765020018,
    0.0,
    0.015058898602321872,
    -0.01291220076502002,
    0.999916634060762,
    0.0,
    -0.0016930324032104836,
    0.0,
    0.0,
    1.0,
    0.0,
    0.0,
    0.0,
    0.0,
    1.0
  ],
  "5": [
    0.9999166073188669,
    -0.012914271482640915,
    0.0,
    -0.00944124269366843,
    0.012914271482640917,
    0.9999166073188669,
    0.0,
    0.003787202134658628,
    0.0,
    0.0,
    1.0,
    0.0,
    0.0,
    0.0,
    0.0,
    1.0
  ],
  "6": [
    0.9999986960339905,
    0.0016149087647971097,
    0.0,
    -0.003331227192991314,
    -0.00161490876479711,
    0.9999986960339905,
    0.0,
    7.300382488322431e-05,
    0.0,
    0.0,
    1.0,
    0.0,
    0.0,
    0.0,
    0.0,
    1.0
  ],
  "7": [
    0.9999919426300267,
    -0.0040143087854527006,
    0.0,
    -0.007189494127397332,
    0.0040143087854527006,
    0.9999919426300269,
    0.0,
    -0.004022671011560171,
    0.0,
    0.0,
    1.0,
    0.0,
    0.0,
    0.0,
    0.0,
    1.0
  ],
  "8": [
    0.9999521810097661,
    -0.009779350377799602,
    0.0,
    0.00535533042485556,
    0.009779350377799602,
    0.9999521810097661,
    0.0,
    0.007319299390590026,
    0.0,
    0.0,
    1.0,
    0.0,
    0.0,
    0.0,
    0.0,
    1.0
  ],
  "9": [
    0.9999743661373512,
    -0.007160102527377329,
    0.0,
    -0.00427875687961019,
    0.007160102527377331,
    0.9999743661373514,
    0.0,
    -0.0003829719106824876,
    0.0,
    0.0,
    1.0,
    0.0,
    0.0,
    0.0,
    0.0,
    1.0
  ]
}