{
  "0": [
    0.9999530024825681,
    0.00969498974197524,
    0.0,
    0.006814892676768777,
    -0.00969498974197524,
    0.9999530024825684,
    0.0,
    0.004551016144457765,
    0.0,
    0.0,
    1.0,
    0.0,
    0.0,
    0.0,
    0.0,
    1.0
  ],
  "1": [
    0.9999985738285744,
    -0.0016888874496187316,
    0.0,
    -0.01398186454047931,
    0.0016888874496187312,
    0.9999985738285743,
    0.0,
    0.003556245473525072,
    0.0,
    0.0,
    1.0,
    0.0,
    0.0,
    0.0,
    0.0,
    1.0
  ],
  "2": [
    0.9999978184718803,
    0.0020887918709351695,
    0.0,
    0.009335766166978718,
    -0.0020887918709351695,
    0.9999978184718803,
    0.0,
    0.008026149283119836,
    0.0,
    0.0,
    1.0,
    0.0,
    0.0,
    0.0,
    0.0,
    1.0
  ],
  "3": [
    0.9999804581207142,
    -0.006251669911816104,
    0.0,
    -0.0006225429563874994,
    0.006251669911816104,
    0.9999804581207143,
    0.0,
    -0.009387639461264627,
    0.0,
    0.0,
    1.0,
    0.0,
    0.0,
    0.0,
    0.0,
    1.0
  ],
  "4": [
    0.9998327170799528,
    -0.018290376062811357,
    0.0,
    -0.01742290704450387,
    0.018290376062811354,
    0.9998327170799527,
    0.0,
    0.0028638939278715168,
    0.0,
    0.0,
    1.0,
    0.0,
    0.0,
    0.0,
    0.0,
    1.0
  ],
  "5": [
    0.999946668531605,
    -0.010327637316666485,
    0.0,
    0.01199175431977129,
    0.010327637316666485,
    0.999946668531605,
    0.0,
    -0.008025848694474228,
    0.0,
    0.0,
    1.0,
    0.0,
    0.0,
    0.0,
    0.0,
    1.0
  ],
  "6": [
    0.9999035385467114,
    0.01388933410085892,
    0.0,
    0.01093960162517019,
    -0.01388933410085892,
    0.9999035385467114,
    0.0,
    0.016123842836484412,
    0.0,
    0.0,
    1.0,
    0.0,
    0.0,
    0.0,
    0.0,
    1.0
  ],
  "7": [
    0.9998961124925407,
    -0.014414028663227961,
    0.0,
    -0.013539838996071227,
    0.014414028663227963,
    0.9998961124925408,
    0.0,
    -0.014062520269450086,
    0.0,
    0.0,
    1.0,
    0.0,
    0.0,
    0.0,
    0.0,
    1.0
  ],
  "8": [
    0.9997033576337091,
    -0.02435563047609765,
    0.0,
    -0.0012949392885455208,
    0.024355630476097654,
    0.9997033576337091,
    0.0,
    0.0014196760494585717,
    0.0,
    0.0,
    1.0,
    0.0,
    0.0,
    0.0,
    0.0,
    1.0
  ],
  "9": [
    0.9999999999894768,
    -4.587652244626357e-06,
    0.0,
    -0.004633862668410422,
    4.587652244626278e-06,
    0.9999999999894768,
    0.0,
    -0.008295015711510544,
    0.0,
    0.0,
    1.0,
    0.0,
    0.0,
    0.0,
    0.0,
    1.0
  ]
}