{
  "0": [
    0.9994786706378513,
    0.032286017716559194,
    0.0,
    -0.001826547634063372,
    -0.032286017716559194,
    0.9994786706378512,
    0.0,
    -0.0189553940929854,
    0.0,
    0.0,
    1.0,
    0.0,
    0.0,
    0.0,
    0.0,
    1.0
  ],
  "1": [
    0.9996774207143897,
    0.025397923415608335,
    0.0,
    -0.012523915842544756,
    -0.02539792341560834,
    0.9996774207143896,
    0.0,
    -0.012892428401658797,
    0.0,
    0.0,
    1.0,
    0.0,
    0.0,
    0.0,
    0.0,
    1.0
  ],
  "2": [
    0.9996475799970632,
    0.026546483872914126,
    0.0,
    0.004522474256036292,
    -0.02654648387291413,
    0.9996475799970633,
    0.0,
    0.02948555832811939,
    0.0,
    0.0,
    1.0,
    0.0,
    0.0,
    0.0,
    0.0,
    1.0
  ],
  "3": [
    0.9997761036686363,
    -0.021159927532010046,
    0.0,
    -2.542662366149251e-05,
    0.021159927532010046,
    0.9997761036686363,
    0.0,
    0.020856858814528978,
    0.0,
    0.0,
    1.0,
    0.0,
    0.0,
    0.0,
    0.0,
    1.0
  ],
  "4": [
    0.9998322496902984,
    0.018315907819077767,
    0.0,
    0.0010818806600240757,
    -0.018315907819077767,
    0.9998322496902984,
    0.0,
    -0.0020874686055750106,
    0.0,
    0.0,
    1.0,
    0.0,
    0.0,
    0.0,
    0.0,
    1.0
  ],
  "5": [
    0.9994522578144938,
    0.033093569609677895,
    0.0,
    -0.012419547706082265,
    -0.033093569609677895,
    0.9994522578144939,
    0.0,
    -0.015326504172361533,
    0.0,
    0.0,
    1.0,
    0.0,
    0.0,
    0.0,
    0.0,
    1.0
  ],
  "6": [
    0.9999993877097527,
    0.0011066074822593261,
    0.0,
    0.00423028155818894,
    -0.0011066074822593255,
    0.9999993877097527,
    0.0,
    -0.0006738879150711447,
    0.0,
    0.0,
    1.0,
    0.0,
    0.0,
    0.0,
    0.0,
    1.0
  ],
  "7": [
    0.9996257641534321,
    -0.027355650982323718,
    0.0,
    0.012441444696667615,
    0.02735565098232372,
    0.9996257641534323,
    0.0,
    0.015352311878683463,
    0.0,
    0.0,
    1.0,
    0.0,
    0.0,
    0.0,
    0.0,
    1.0
  ],
  "8": [
    0.9998691791951926,
    -0.016174810525367893,
    0.0,
    -0.015358047252892002,
    0.016174810525367893,
    0.9998691791951926,
    0.0,
    -0.013496416776126337,
    0.0,
    0.0,
    1.0,
    0.0,
    0.0,
    0.0,
    0.0,
    1.0
  ],
  "9": [
    0.9992319906564362,
    -0.03918454859732845,
    0.0,
    0.014061634484873959,
    0.03918454859732844,
    0.9992319906564361,
    0.0,
    -0.01247983519302617,
    0.0,
    0.0,
    1.0,
    0.0,
    0.0,
    0.0,
    0.0,
    1.0
  ]
}