{
  "0": [
    0.9999973080736424,
    -0.0023203115024852086,
    0.0,
    0.0013470960946486373,
    0.002320311502485208,
    0.9999973080736424,
    0.0,
    0.005929956949383974,
    0.0,
    0.0,
    1.0,
    0.0,
    0.0,
    0.0,
    0.0,
    1.0
  ],
  "1": [
    0.99998975041294,
    0.00452758976346109,
    0.0,
    0.005831832146498909,
    -0.004527589763461091,
    0.9999897504129399,
    0.0,
    -0.0019063553810481017,
    0.0,
    0.0,
    1.0,
    0.0,
    0.0,
    0.0,
    0.0,
    1.0
  ],
  "2": [
    0.9999966573991439,
    0.002585573541656585,
    0.0,
    0.012889851893636999,
    -0.0025855735416565858,
    0.9999966573991438,
    0.0,
    -0.005742929784278103,
    0.0,
    0.0,
    1.0,
    0.0,
    0.0,
    0.0,
    0.0,
    1.0
  ],
  "3": [
    0.9999118846265729,
    -0.013274900471764672,
    0.0,
    0.002033090152232033,
    0.01327490047176467,
    0.9999118846265729,
    0.0,
    -0.005745597618810874,
    0.0,
    0.0,
    1.0,
    0.0,
    0.0,
    0.0,
    0.0,
    1.0
  ],
  "4": [
    0.9999990488645623,
    -0.0013792280343444478,
    0.0,
    -0.0006669142694405864,
    0.0013792280343444476,
    0.9999990488645623,
    0.0,
    0.006439214515778891,
    0.0,
    0.0,
    1.0,
    0.0,
    0.0,
    0.0,
    0.0,
    1.0
  ],
  "5": [
    0.9999882002316411,
    0.004857921107134607,
    0.0,
    -0.0016363202082244864,
    -0.004857921107134607,
    0.999988200231641,
    0.0,
    -0.010014617789993484,
    0.0,
    0.0,
    1.0,
    0.0,
    0.0,
    0.0,
    0.0,
    1.0
  ],
  "6": [
    0.9999997879352798,
    -0.0006512521748958107,
    0.0,
    -0.0009082429952505431,
    0.0006512521748958115,
    0.9999997879352799,
    0.0,
    0.004064394104591846,
    0.0,
    0.0,
    1.0,
    0.0,
    0.0,
    0.0,
    0.0,
    1.0
  ],
  "7": [
    0.9999639817969388,
    0.008487349928670925,
    0.0,
    -0.00022965599475865397,
    -0.008487349928670923,
    0.9999639817969388,
    0.0,
    -0.004789901596349091,
    0.0,
    0.0,
    1.0,
    0.0,
    0.0,
    0.0,
    0.0,
    1.0
  ],
  "8": [
    0.9999999074430227,
    -0.00043024870248968154,
    0.0,
    -0.010940410907648256,
    0.00043024870248968284,
    0.9999999074430228,
    0.0,
    -0.01106062951537582,
    0.0,
    0.0,
    1.0,
    0.0,
    0.0,
    0.0,
    0.0,
    1.0
  ],
  "9": [
    0.9999996566327951,
    -0.0008286943294064945,
    0.0,
    0.004738541982230293,
    0.0008286943294064945,
    0.9999996566327952,
    0.0,
    -0.0007979942695177558,
    0.0,
    0.0,
    1.0,
    0.0,
    0.0,
    0.0,
    0.0,
    1.0
  ]
}