{
  "0": [
    0.9999949732423875,
    -0.0031707238852518686,
    0.0,
    0.0010158946103613978,
    0.0031707238852518686,
    0.9999949732423876,
    0.0,
    -0.0011832049479605178,
    0.0,
    0.0,
    1.0,
    0.0,
    0.0,
    0.0,
    0.0,
    1.0
  ],
  "1": [
    0.9999911506754156,
    0.0042069669428272055,
    0.0,
    -0.0002693138384743728,
    -0.0042069669428272055,
    0.9999911506754157,
    0.0,
    -0.0005598388959257165,
    0.0,
    0.0,
    1.0,
    0.0,
    0.0,
    0.0,
    0.0,
    1.0
  ],
  "2": [
    0.9999897010898946,
    0.00453847046297344,
    0.0,
    0.0008412007486715456,
    -0.004538470462973441,
    0.9999897010898946,
    0.0,
    -0.0014160366011159793,
    0.0,
    0.0,
    1.0,
    0.0,
    0.0,
    0.0,
    0.0,
    1.0
  ],
  "3": [
    0.9999999367321836,
    -0.0003557184691480173,
    0.0,
    -0.003456571245344535,
    0.00035571846914801746,
    0.9999999367321833,
    0.0,
    -0.0006417370010249227,
    0.0,
    0.0,
    1.0,
    0.0,
    0.0,
    0.0,
    0.0,
    1.0
  ],
  "4": [
    0.9999997108962508,
    -0.0007603995100699032,
    0.0,
    -0.0031731686483679146,
    0.0007603995100699032,
    0.9999997108962508,
    0.0,
    0.006124589789881401,
    0.0,
    0.0,
    1.0,
    0.0,
    0.0,
    0.0,
    0.0,
    1.0
  ],
  "5": [
    0.9999968235977922,
    -0.002520475019998509,
    0.0,
    -0.001171362645791305,
    0.0025204750199985092,
    0.9999968235977921,
    0.0,
    -0.006394249218131349,
    0.0,
    0.0,
    1.0,
    0.0,
    0.0,
    0.0,
    0.0,
    1.0
  ],
  "6": [
    0.9999909489406569,
    -0.004254648841509565,
    0.0,
    -0.0005697768057433781,
    0.004254648841509567,
    0.9999909489406569,
    0.0,
    -0.0005805240414693242,
    0.0,
    0.0,
    1.0,
    0.0,
    0.0,
    0.0,
    0.0,
    1.0
  ],
  "7": [
    0.9999999957875604,
    -9.17871401603807e-05,
    0.0,
    0.004861307218288435,
    9.178714016038084e-05,
    0.9999999957875604,
    0.0,
    -0.0033812363374680137,
    0.0,
    0.0,
    1.0,
    0.0,
    0.0,
    0.0,
    0.0,
    1.0
  ],
  "8": [
    0.9999999366226687,
    0.00035602620506286926,
    0.0,
    -0.0015382225775283861,
    -0.00035602620506286936,
    0.9999999366226687,
    0.0,
    -0.0010585158432030158,
    0.0,
    0.0,
    1.0,
    0.0,
    0.0,
    0.0,
    0.0,
    1.0
  ],
  "9": [
    0.9999997370008012,
    0.0007252574218385249,
    0.0,
    -0.00019342791582842967,
    -0.0007252574218385246,
    0.9999997370008012,
    0.0,
    -0.0003302034019171164,
    0.0,
    0.0,
    1.0,
    0.0,
    0.0,
    0.0,
    0.0,
    1.0
  ]
}