{
  "0": [
    0.9999927115522255,
    -0.0038179631254583977,
    0.0,
    -0.004883727113401606,
    0.0038179631254583977,
    0.9999927115522256,
    0.0,
    -0.008135155117589478,
    0.0,
    0.0,
    1.0,
    0.0,
    0.0,
    0.0,
    0.0,
    1.0
  ],
  "1": [
    0.999966285339112,
    0.008211466683709834,
    0.0,
    -0.020628197459296498,
    -0.008211466683709834,
    0.999966285339112,
    0.0,
    0.009053220623099616,
    0.0,
    0.0,
    1.0,
    0.0,
    0.0,
    0.0,
    0.0,
    1.0
  ],
  "2": [
    0.9999130034486633,
    0.013190357624924176,
    0.0,
    -0.0011055620064440897,
    -0.013190357624924178,
    0.9999130034486633,
    0.0,
    -0.003469533665749847,
    0.0,
    0.0,
    1.0,
    0.0,
    0.0,
    0.0,
    0.0,
    1.0
  ],
  "3": [
    0.9999922381997609,
    0.003939992415299944,
    0.0,
    -0.008095254216488563,
    -0.003939992415299946,
    0.9999922381997608,
    0.0,
    0.0010577286196044493,
    0.0,
    0.0,
    1.0,
    0.0,
    0.0,
    0.0,
    0.0,
    1.0
  ],
  "4": [
    0.999997234336585,
    0.00235187567289424,
    0.0,
    -0.0027888126256295953,
    -0.0023518756728942423,
    0.999997234336585,
    0.0,
    0.0036115749773650415,
    0.0,
    0.0,
    1.0,
    0.0,
    0.0,
    0.0,
    0.0,
    1.0
  ],
  "5": [
    0.9999676100701101,
    0.00804852847868506,
    0.0,
    0.010183974701746827,
    -0.008048528478685058,
    0.9999676100701101,
    0.0,
    0.0013635668055630842,
    0.0,
    0.0,
    1.0,
    0.0,
    0.0,
    0.0,
    0.0,
    1.0
  ],
  "6": [
    0.9999475340246511,
    -0.010243495400469978,
    0.0,
    -0.017256892012168134,
    0.010243495400469978,
    0.9999475340246509,
    0.0,
    4.922028196838017e-05,
    0.0,
    0.0,
    1.0,
    0.0,
    0.0,
    0.0,
    0.0,
    1.0
  ],
  "7": [
    0.9999484838044196,
    -0.010150356508129624,
    0.0,
    -0.006785893249438324,
    0.010150356508129624,
    0.9999484838044196,
    0.0,
    -0.0019236477059451414,
    0.0,
    0.0,
    1.0,
    0.0,
    0.0,
    0.0,
    0.0,
    1.0
  ],
  "8": [
    0.9999199156885344,
    -0.012655520907263134,
    0.0,
    -0.010835635430952823,
    0.012655520907263134,
    0.9999199156885346,
    0.0,
    -0.011580919182913482,
    0.0,
    0.0,
    1.0,
    0.0,
    0.0,
    0.0,
    0.0,
    1.0
  ],
  "9": [
    0.9999532095747206,
    0.009673606422372479,
    0.0,
    -0.007217995819433821,
    -0.009673606422372479,
    0.9999532095747206,
    0.0,
    0.013123859342358562,
    0.0,
    0.0,
    1.0,
    0.0,
    0.0,
    0.0,
    0.0,
    1.0
  ]
}