{
  "0": [
    0.9999966569030443,
    0.0025857654059774464,
    0.0,
    0.009685265715448352,
    -0.0025857654059774464,
    0.9999966569030443,
    0.0,
    0.002351716593882471,
    0.0,
    0.0,
    1.0,
    0.0,
    0.0,
    0.0,
    0.0,
    1.0
  ],
  "1": [
    0.9999812002767381,
    0.006131809936251175,
    0.0,
    -0.0009983941705925567,
    -0.006131809936251173,
    0.9999812002767381,
    0.0,
    0.006664005069977082,
    0.0,
    0.0,
    1.0,
    0.0,
    0.0,
    0.0,
    0.0,
    1.0
  ],
  "2": [
    0.9999909297561298,
    0.0042591554879982535,
    0.0,
    -0.011216643829251652,
    -0.004259155487998254,
    0.9999909297561299,
    0.0,
    0.0006234105484858817,
    0.0,
    0.0,
    1.0,
    0.0,
    0.0,
    0.0,
    0.0,
    1.0
  ],
  "3": [
    0.99999567270498,
    0.00294186527813447,
    0.0,
    0.01036100998611563,
    -0.00294186527813447,
    0.9999956727049799,
    0.0,
    0.006737832808159892,
    0.0,
    0.0,
    1.0,
    0.0,
    0.0,
    0.0,
    0.0,
    1.0
  ],
  "4": [
    0.9995687947325764,
    -0.02936366116247377,
    0.0,
    0.0005340308708446035,
    0.02936366116247377,
    0.9995687947325764,
    0.0,
    0.004411694765335406,
    0.0,
    0.0,
    1.0,
    0.0,
    0.0,
    0.0,
    0.0,
    1.0
  ],
  "5": [
    0.9999797831028304,
    -0.0063587251565381,
    0.0,
    -0.012275499527504828,
    0.0063587251565381,
    0.9999797831028304,
    0.0,
    0.00016648894050746077,
    0.0,
    0.0,
    1.0,
    0.0,
    0.0,
    0.0,
    0.0,
    1.0
  ],
  "6": [
    0.9999917392036859,
    0.004064667807759909,
    0.0,
    0.0020450937294445963,
    -0.004064667807759909,
    0.999991739203686,
    0.0,
    -0.0019498704044707037,
    0.0,
    0.0,
    1.0,
    0.0,
    0.0,
    0.0,
    0.0,
    1.0
  ],
  "7": [
    0.999997239423233,
    0.002349711878807443,
    0.0,
    0.003452705910697565,
    -0.0023497118788074435,
    0.999997239423233,
    0.0,
    -0.005789707487427378,
    0.0,
    0.0,
    1.0,
    0.0,
    0.0,
    0.0,
    0.0,
    1.0
  ],
  "8": [
    0.9999819784873388,
    0.006003557324403069,
    0.0,
    0.0052893796959656595,
    -0.006003557324403069,
    0.9999819784873387,
    0.0,
    0.004276891220678463,
    0.0,
    0.0,
    1.0,
    0.0,
    0.0,
    0.0,
    0.0,
    1.0
  ],
  "9": [
    0.9996761639966788,
    -0.025447340467822738,
    0.0,
    0.0006210258882658626,
    0.025447340467822738,
    0.9996761639966789,
    0.0,
    0.015306059364810741,
    0.0,
    0.0,
    1.0,
    0.0,
    0.0,
    0.0,
    0.0,
    1.0
  ]
}