{
  "0": [
    0.999996936484509,
    0.002475282124715895,
    0.0,
    -0.009743160932898152,
    -0.0024752821247158944,
    0.999996936484509,
    0.0,
    -0.005197207742884373,
    0.0,
    0.0,
    1.0,
    0.0,
    0.0,
    0.0,
    0.0,
    1.0
  ],
  "1": [
    0.9999962060021074,
    0.0027546290841131606,
    0.0,
    -0.0008263150258875187,
    -0.0027546290841131606,
    0.9999962060021073,
    0.0,
    0.0012189440698221934,
    0.0,
    0.0,
    1.0,
    0.0,
    0.0,
    0.0,
    0.0,
    1.0
  ],
  "2": [
    0.9998839197371712,
    -0.0152363726336139,
    0.0,
    -0.002206320842358232,
    0.0152363726336139,
    0.9998839197371712,
    0.0,
    0.0003204403397356968,
    0.0,
    0.0,
    1.0,
    0.0,
    0.0,
    0.0,
    0.0,
    1.0
  ],
  "3": [
    0.9999910651195185,
    0.004227254561894966,
    0.0,
    -0.0026600452142009133,
    -0.004227254561894966,
    0.9999910651195185,
    0.0,
    -0.005399328542359269,
    0.0,
    0.0,
    1.0,
    0.0,
    0.0,
    0.0,
    0.0,
    1.0
  ],
  "4": [
    0.9999997366974633,
    -0.0007256755501090837,
    0.0,
    0.000915848189442806,
    0.0007256755501090836,
    0.9999997366974633,
    0.0,
    -0.002216838598253579,
    0.0,
    0.0,
    1.0,
    0.0,
    0.0,
    0.0,
    0.0,
    1.0
  ],
  "5": [
    0.9999562066456067,
    -0.009358674635262552,
    0.0,
    0.004059069375062405,
    0.00935867463526255,
    0.9999562066456067,
    0.0,
    -0.004893416594986591,
    0.0,
    0.0,
    1.0,
    0.0,
    0.0,
    0.0,
    0.0,
    1.0
  ],
  "6": [
    0.9999987186292232,
    -0.0016008559934692396,
    0.0,
    0.003835689602774521,
    0.0016008559934692405,
    0.9999987186292232,
    0.0,
    0.0004783088877338944,
    0.0,
    0.0,
    1.0,
    0.0,
    0.0,
    0.0,
    0.0,
    1.0
  ],
  "7": [
    0.9999865759763595,
    0.005181492745948609,
    0.0,
    -0.0003332043892938086,
    -0.005181492745948609,
    0.9999865759763595,
    0.0,
    0.00573772628376852,
    0.0,
    0.0,
    1.0,
    0.0,
    0.0,
    0.0,
    0.0,
    1.0
  ],
  "8": [
    0.9999997770601807,
    0.0006677421574287126,
    0.0,
    -0.0029263759232766593,
    -0.0006677421574287125,
    0.9999997770601807,
    0.0,
    0.0031081954775031033,
    0.0,
    0.0,
    1.0,
    0.0,
    0.0,
    0.0,
    0.0,
    1.0
  ],
  "9": [
    0.9999785295613111,
    -0.006552893742313988,
    0.0,
    0.0024961976776554126,
    0.006552893742313989,
    0.9999785295613112,
    0.0,
    0.0007270048911718505,
    0.0,
    0.0,
    1.0,
    0.0,
    0.0,
    0.0,
    0.0,
    1.0
  ]
}