{
  "0": [
    0.9999991171077756,
    0.0013288279307302978,
    0.0,
    0.006077465982482872,
    -0.001328827930730297,
    0.9999991171077756,
    0.0,
    -0.014178735333366478,
    0.0,
    0.0,
    1.0,
    0.0,
    0.0,
    0.0,
    0.0,
    1.0
  ],
  "1": [
    0.9999612044046946,
    -0.008808500752832835,
    0.0,
    -0.00038890174030331624,
    0.008808500752832836,
    0.9999612044046945,
    0.0,
    -0.002632401023177965,
    0.0,
    0.0,
    1.0,
    0.0,
    0.0,
    0.0,
    0.0,
    1.0
  ],
  "2": [
    0.9999994544524495,
    -0.001044554834962733,
    0.0,
    -0.000915040223971786,
    0.001044554834962733,
    0.9999994544524495,
    0.0,
    0.0006918262110653952,
    0.0,
    0.0,
    1.0,
    0.0,
    0.0,
    0.0,
    0.0,
    1.0
  ],
  "3": [
    0.9999891763518123,
    0.0046526529232151885,
    0.0,
    0.010264070322490654,
    -0.0046526529232151885,
    0.9999891763518123,
    0.0,
    0.008217355202557182,
    0.0,
    0.0,
    1.0,
    0.0,
    0.0,
    0.0,
    0.0,
    1.0
  ],
  "4": [
    0.9999965300996319,
    -0.002634347869232989,
    0.0,
    -0.0006118281597321902,
    0.0026343478692329885,
    0.9999965300996319,
    0.0,
    -0.010950820229061733,
    0.0,
    0.0,
    1.0,
    0.0,
    0.0,
    0.0,
    0.0,
    1.0
  ],
  "5": [
    0.9998736483269638,
    -0.015896143599220234,
    0.0,
    -0.0035087389446132036,
    0.015896143599220234,
    0.9998736483269639,
    0.0,
    -0.0023733529388019568,
    0.0,
    0.0,
    1.0,
    0.0,
    0.0,
    0.0,
    0.0,
    1.0
  ],
  "6": [
    0.9999912867079775,
    -0.004174506931806185,
    0.0,
    0.014562278486176554,
    0.004174506931806186,
    0.9999912867079774,
    0.0,
    0.010707083466616581,
    0.0,
    0.0,
    1.0,
    0.0,
    0.0,
    0.0,
    0.0,
    1.0
  ],
  "7": [
    0.9999585136661222,
    -0.00910883892928928,
    0.0,
    0.001892230265684853,
    0.009108838929289279,
    0.9999585136661221,
    0.0,
    -0.010890591439057242,
    0.0,
    0.0,
    1.0,
    0.0,
    0.0,
    0.0,
    0.0,
    1.0
  ],
  "8": [
    0.9999701042236869,
    0.007732441973186404,
    0.0,
    0.005936264383970897,
    -0.007732441973186405,
    0.9999701042236869,
    0.0,
    0.0016098829100321284,
    0.0,
    0.0,
    1.0,
    0.0,
    0.0,
    0.0,
    0.0,
    1.0
  ],
  "9": [
    0.9999998792332825,
    -0.0004914604969243339,
    0.0,
    0.002187301929827239,
    0.000491460496924334,
    0.9999998792332826,
    0.0,
    -0.007061394353197996,
    0.0,
    0.0,
    1.0,
    0.0,
    0.0,
    0.0,
    0.0,
    1.0
  ]
}