{
  "0": [
    0.9992901011834302,
    -0.037673514261477845,
    0.0,
    0.006021201446260791,
    0.037673514261477845,
    0.9992901011834302,
    0.0,
    -0.021368681186533955,
    0.0,
    0.0,
    1.0,
    0.0,
    0.0,
    0.0,
    0.0,
    1.0
  ],
  "1": [
    0.9996766517058251,
    0.025428174024704868,
    0.0,
    -0.021187786462594976,
    -0.025428174024704864,
    0.999676651705825,
    0.0,
    0.006229144225610341,
    0.0,
    0.0,
    1.0,
    0.0,
    0.0,
    0.0,
    0.0,
    1.0
  ],
  "2": [
    0.9991927468442783,
    0.040172809881634526,
    0.0,
    0.002003902828563238,
    -0.040172809881634526,
    0.9991927468442783,
    0.0,
    0.010121698157502934,
    0.0,
    0.0,
    1.0,
    0.0,
    0.0,
    0.0,
    0.0,
    1.0
  ],
  "3": [
    0.9999975455423212,
    -0.0022156058614058666,
    0.0,
    0.020144462536224483,
    0.002215605861405868,
    0.9999975455423213,
    0.0,
    -0.003089477492282972,
    0.0,
    0.0,
    1.0,
    0.0,
    0.0,
    0.0,
    0.0,
    1.0
  ],
  "4": [
    0.9999987459172783,
    -0.0015837183685420229,
    0.0,
    0.022026788328362145,
    0.0015837183685420227,
    0.9999987459172783,
    0.0,
    0.012986589859428499,
    0.0,
    0.0,
    1.0,
    0.0,
    0.0,
    0.0,
    0.0,
    1.0
  ],
  "5": [
    0.9999514919067134,
    -0.009849560068255183,
    0.0,
    0.01625363979847213,
    0.009849560068255183,
    0.9999514919067134,
    0.0,
    -0.006190922928694395,
    0.0,
    0.0,
    1.0,
    0.0,
    0.0,
    0.0,
    0.0,
    1.0
  ],
  "6": [
    0.9996601228422715,
    0.026069882987360706,
    0.0,
    -0.01051559263144076,
    -0.026069882987360706,
    0.9996601228422715,
    0.0,
    -0.01091595642007527,
    0.0,
    0.0,
    1.0,
    0.0,
    0.0,
    0.0,
    0.0,
    1.0
  ],
  "7": [
    0.9999363049518433,
    -0.011286542395896883,
    0.0,
    -0.008691439078193787,
    0.011286542395896883,
    0.9999363049518433,
    0.0,
    0.02021005397768813,
    0.0,
    0.0,
    1.0,
    0.0,
    0.0,
    0.0,
    0.0,
    1.0
  ],
  "8": [
    0.9999456752529766,
    0.010423365237226562,
    0.0,
    0.0012521780300445442,
    -0.010423365237226562,
    0.9999456752529766,
    0.0,
    0.011142751558297782,
    0.0,
    0.0,
    1.0,
    0.0,
    0.0,
    0.0,
    0.0,
    1.0
  ],
  "9": [
    0.9993531736828671,
    0.035961566289317785,
    0.0,
    0.010541834814363825,
    -0.035961566289317785,
    0.9993531736828671,
    0.0,
    -0.0007190725134622652,
    0.0,
    0.0,
    1.0,
    0.0,
    0.0,
    0.0,
    0.0,
    1.0
  ]
}