{
  "0": [
    0.999982773202274,
    -0.005869693236436667,
    0.0,
    -0.0019259003911699353,
    0.005869693236436666,
    0.9999827732022738,
    0.0,
    0.00035333842040872256,
    0.0,
    0.0,
    1.0,
    0.0,
    0.0,
    0.0,
    0.0,
    1.0
  ],
  "1": [
    0.9999997523984805,
    -0.0007037065989501745,
    0.0,
    -0.0009016866932991745,
    0.0007037065989501739,
    0.9999997523984806,
    0.0,
    -7.012380940874065e-05,
    0.0,
    0.0,
    1.0,
    0.0,
    0.0,
    0.0,
    0.0,
    1.0
  ],
  "2": [
    0.9999987746356491,
    -0.0015654798625272146,
    0.0,
    -0.0030080653030233346,
    0.0015654798625272146,
    0.9999987746356492,
    0.0,
    -0.0018021058846693343,
    0.0,
    0.0,
    1.0,
    0.0,
    0.0,
    0.0,
    0.0,
    1.0
  ],
  "3": [
    0.9999996540968594,
    0.0008317488573476775,
    0.0,
    -0.0023917510876299572,
    -0.0008317488573476783,
    0.9999996540968593,
    0.0,
    -0.0017738868677754588,
    0.0,
    0.0,
    1.0,
    0.0,
    0.0,
    0.0,
    0.0,
    1.0
  ],
  "4": [
    0.9999998967749917,
    -0.0004543676991346408,
    0.0,
    -0.002027683689967888,
    0.00045436769913464043,
    0.9999998967749916,
    0.0,
    -0.0026811026717041575,
    0.0,
    0.0,
    1.0,
    0.0,
    0.0,
    0.0,
    0.0,
    1.0
  ],
  "5": [
    0.9999984570569878,
    -0.001756668336337832,
    0.0,
    0.0008709125163522543,
    0.0017566683363378318,
    0.9999984570569878,
    0.0,
    -0.004326025024511169,
    0.0,
    0.0,
    1.0,
    0.0,
    0.0,
    0.0,
    0.0,
    1.0
  ],
  "6": [
    0.9999976609007967,
    -0.002162913066984991,
    0.0,
    -0.0004648701729102877,
    0.002162913066984991,
    0.9999976609007967,
    0.0,
    0.003247960483920483,
    0.0,
    0.0,
    1.0,
    0.0,
    0.0,
    0.0,
    0.0,
    1.0
  ],
  "7": [
    0.9999894795976848,
    -0.004587013620143363,
    0.0,
    -0.00032189557773674407,
    0.004587013620143364,
    0.9999894795976847,
    0.0,
    -0.00022934003330597923,
    0.0,
    0.0,
    1.0,
    0.0,
    0.0,
    0.0,
    0.0,
    1.0
  ],
  "8": [
    0.9999893373325317,
    -0.004617923910586504,
    0.0,
    0.0015755387658572045,
    0.004617923910586505,
    0.9999893373325317,
    0.0,
    -0.0018394395264412886,
    0.0,
    0.0,
    1.0,
    0.0,
    0.0,
    0.0,
    0.0,
    1.0
  ],
  "9": [
    0.9999999228211915,
    0.00039288371194439955,
    0.0,
    -0.001587550070469342,
    -0.00039288371194439944,
    0.9999999228211914,
    0.0,
    -0.003607539985432004,
    0.0,
    0.0,
    1.0,
    0.0,
    0.0,
    0.0,
    0.0,
    1.0
  ]
}