{
  "0": [
    0.9999992368052952,
    0.0012354710953077254,
    0.0,
    0.0009983939804161068,
    -0.0012354710953077254,
    0.9999992368052952,
    0.0,
    0.0032850102492187633,
    0.0,
    0.0,
    1.0,
    0.0,
    0.0,
    0.0,
    0.0,
    1.0
  ],
  "1": [
    0.9999991578523345,
    -0.001297803768458974,
    0.0,
    -0.0013420533468495592,
    0.0012978037684589733,
    0.9999991578523346,
    0.0,
    -0.002574192516112239,
    0.0,
    0.0,
    1.0,
    0.0,
    0.0,
    0.0,
    0.0,
    1.0
  ],
  "2": [
    0.999999314224561,
    0.0011711321050465009,
    0.0,
    0.0006141546385571002,
    -0.0011711321050465009,
    0.999999314224561,
    0.0,
    -0.0011092780695807223,
    0.0,
    0.0,
    1.0,
    0.0,
    0.0,
    0.0,
    0.0,
    1.0
  ],
  "3": [
    0.9999999461063557,
    -0.00032830974080901005,
    0.0,
    -0.0009487696727759446,
    0.00032830974080901005,
    0.9999999461063556,
    0.0,
    0.0026290490696842693,
    0.0,
    0.0,
    1.0,
    0.0,
    0.0,
    0.0,
    0.0,
    1.0
  ],
  "4": [
    0.999998903117391,
    0.0014811360554694366,
    0.0,
    0.0017498761917603793,
    -0.0014811360554694369,
    0.9999989031173909,
    0.0,
    0.0022481172061100713,
    0.0,
    0.0,
    1.0,
    0.0,
    0.0,
    0.0,
    0.0,
    1.0
  ],
  "5": [
    0.9999940863704868,
    -0.0034390731389831214,
    0.0,
    0.0005724608777185004,
    0.0034390731389831214,
    0.9999940863704869,
    0.0,
    -0.00298634342734081,
    0.0,
    0.0,
    1.0,
    0.0,
    0.0,
    0.0,
    0.0,
    1.0
  ],
  "6": [
    0.9999927252660403,
    0.003814369541255421,
    0.0,
    0.001693007335042108,
    -0.0038143695412554213,
    0.9999927252660404,
    0.0,
    0.001997944086923539,
    0.0,
    0.0,
    1.0,
    0.0,
    0.0,
    0.0,
    0.0,
    1.0
  ],
  "7": [
    0.9999411631869426,
    -0.010847587950532346,
    0.0,
    -0.0014624607106735956,
    0.010847587950532344,
    0.9999411631869425,
    0.0,
    -0.0032809255083587666,
    0.0,
    0.0,
    1.0,
    0.0,
    0.0,
    0.0,
    0.0,
    1.0
  ],
  "8": [
    0.9999999803830684,
    0.00019807539746413458,
    0.0,
    0.00010036286053136047,
    -0.0001980753974641344,
    0.9999999803830684,
    0.0,
    -0.001531045712214513,
    0.0,
    0.0,
    1.0,
    0.0,
    0.0,
    0.0,
    0.0,
    1.0
  ],
  "9": [
    0.9999993527748721,
    0.0011377389141173121,
    0.0,
    0.004616988406236741,
    -0.0011377389141173121,
    0.9999993527748723,
    0.0,
    0.002617750713049834,
    0.0,
    0.0,
    1.0,
    0.0,
    0.0,
    0.0,
    0.0,
    1.0
  ]
}