{
  "0": [
    0.9999549972423751,
    -0.009487016917940313,
    0.0,
    -0.0016737463110371598,
    0.009487016917940313,
    0.999954997242375,
    0.0,
    -0.017139839162218895,
    0.0,
    0.0,
    1.0,
    0.0,
    0.0,
    0.0,
    0.0,
    1.0
  ],
  "1": [
    0.9999415250440136,
    0.010814180165513181,
    0.0,
    0.007050828830962741,
    -0.010814180165513181,
    0.9999415250440137,
    0.0,
    -0.0061032230641303855,
    0.0,
    0.0,
    1.0,
    0.0,
    0.0,
    0.0,
    0.0,
    1.0
  ],
  "2": [
    0.9998507069167717,
    0.0172790010715828,
    0.0,
    0.0052507007792976694,
    -0.0172790010715828,
    0.9998507069167718,
    0.0,
    -0.02473830707060068,
    0.0,
    0.0,
    1.0,
    0.0,
    0.0,
    0.0,
    0.0,
    1.0
  ],
  "3": [
    0.9997407462002972,
    -0.022769286042238556,
    0.0,
    -0.01992434878635655,
    0.02276928604223855,
    0.9997407462002972,
    0.0,
    0.01275242053582607,
    0.0,
    0.0,
    1.0,
    0.0,
    0.0,
    0.0,
    0.0,
    1.0
  ],
  "4": [
    0.9997429830888123,
    -0.022670857166923762,
    0.0,
    0.007112755140109551,
    0.022670857166923762,
    0.9997429830888123,
    0.0,
    -0.013066717620999648,
    0.0,
    0.0,
    1.0,
    0.0,
    0.0,
    0.0,
    0.0,
    1.0
  ],
  "5": [
    0.9999950102905197,
    0.0031590178953550237,
    0.0,
    0.0010330108689881562,
    -0.0031590178953550233,
    0.9999950102905197,
    0.0,
    0.010595728387464552,
    0.0,
    0.0,
    1.0,
    0.0,
    0.0,
    0.0,
    0.0,
    1.0
  ],
  "6": [
    0.9999491372869839,
    0.010085774091116044,
    0.0,
    -0.0034674100757249443,
    -0.010085774091116044,
    0.9999491372869838,
    0.0,
    0.003468711238055415,
    0.0,
    0.0,
    1.0,
    0.0,
    0.0,
    0.0,
    0.0,
    1.0
  ],
  "7": [
    0.9991940056645037,
    0.040141487816517676,
    0.0,
    0.0016501850436449672,
    -0.040141487816517676,
    0.9991940056645037,
    0.0,
    0.030707632905627613,
    0.0,
    0.0,
    1.0,
    0.0,
    0.0,
    0.0,
    0.0,
    1.0
  ],
  "8": [
    0.9999630624129723,
    0.008594987473534182,
    0.0,
    0.0030115837613691903,
    -0.008594987473534182,
    0.9999630624129724,
    0.0,
    0.003512173538273891,
    0.0,
    0.0,
    1.0,
    0.0,
    0.0,
    0.0,
    0.0,
    1.0
  ],
  "9": [
    0.9999774751820689,
    0.0067118647553740364,
    0.0,
    0.00998289529203527,
    -0.006711864755374036,
    0.999977475182069,
    0.0,
    0.0019932009398100133,
    0.0,
    0.0,
    1.0,
    0.0,
    0.0,
    0.0,
    0.0,
    1.0
  ]
}