{
  "0": [
    0.9999977984290556,
    0.0020983653260797314,
    0.0,
    -0.0007266104356558393,
    -0.0020983653260797314,
    0.9999977984290557,
    0.0,
    -5.339398071711157e-06,
    0.0,
    0.0,
    1.0,
    0.0,
    0.0,
    0.0,
    0.0,
    1.0
  ],
  "1": [
    0.9999999697567485,
    0.0002459400371957821,
    0.0,
    0.0008924140470459637,
    -0.00024594003719578193,
    0.9999999697567485,
    0.0,
    -0.001256117714065518,
    0.0,
    0.0,
    1.0,
    0.0,
    0.0,
    0.0,
    0.0,
    1.0
  ],
  "2": [
    0.9999999933160912,
    -0.00011561927749941786,
    0.0,
    0.0002500384269151267,
    0.0001156192774994179,
    0.9999999933160911,
    0.0,
    -0.0004952754361970406,
    0.0,
    0.0,
    1.0,
    0.0,
    0.0,
    0.0,
    0.0,
    1.0
  ],
  "3": [
    0.9999990575183352,
    -0.0013729393437164584,
    0.0,
    0.000314172395957473,
    0.001372939343716458,
    0.9999990575183352,
    0.0,
    0.0025497194620471586,
    0.0,
    0.0,
    1.0,
    0.0,
    0.0,
    0.0,
    0.0,
    1.0
  ],
  "4": [
    0.9999971214630168,
    0.0023993886055622055,
    0.0,
    -0.0018168420267086847,
    -0.0023993886055622055,
    0.9999971214630167,
    0.0,
    -0.001273990955651289,
    0.0,
    0.0,
    1.0,
    0.0,
    0.0,
    0.0,
    0.0,
    1.0
  ],
  "5": [
    0.9999998724232927,
    -0.0005051271113417168,
    0.0,
    0.0010267318766317571,
    0.0005051271113417167,
    0.9999998724232926,
    0.0,
    -0.000654726205743797,
    0.0,
    0.0,
    1.0,
    0.0,
    0.0,
    0.0,
    0.0,
    1.0
  ],
  "6": [
    0.9999986911176395,
    -0.0016179502488357085,
    0.0,
    -0.0008492438150639442,
    0.0016179502488357085,
    0.9999986911176395,
    0.0,
    -0.002582256260707899,
    0.0,
    0.0,
    1.0,
    0.0,
    0.0,
    0.0,
    0.0,
    1.0
  ],
  "7": [
    0.9999998510029082,
    0.0005458884146351432,
    0.0,
    0.0005251608171695475,
    -0.0005458884146351432,
    0.9999998510029083,
    0.0,
    0.0003426678598612815,
    0.0,
    0.0,
    1.0,
    0.0,
    0.0,
    0.0,
    0.0,
    1.0
  ],
  "8": [
    0.9999999908948843,
    0.0001349452894769546,
    0.0,
    3.863237013990872e-05,
    -0.00013494528947695443,
    0.9999999908948843,
    0.0,
    -0.0011923227531109308,
    0.0,
    0.0,
    1.0,
    0.0,
    0.0,
    0.0,
    0.0,
    1.0
  ],
  "9": [
    0.9999973587621998,
    0.0022983621612876325,
    0.0,
    0.0003224766218363497,
    -0.0022983621612876325,
    0.9999973587621998,
    0.0,
    0.0015174424478141923,
    0.0,
    0.0,
    1.0,
    0.0,
    0.0,
    0.0,
    0.0,
    1.0
  ]
}