{
  "0": [
    0.9999774475261501,
    -0.006715983850901318,
    0.0,
    -0.0001319527595700038,
    0.006715983850901318,
    0.9999774475261501,
    0.0,
    0.0159529901877058,
    0.0,
    0.0,
    1.0,
    0.0,
    0.0,
    0.0,
    0.0,
    1.0
  ],
  "1": [
    0.9999580470295713,
    0.009159922532735234,
    0.0,
    0.004029712472862236,
    -0.009159922532735232,
    0.9999580470295715,
    0.0,
    0.0025593926965777085,
    0.0,
    0.0,
    1.0,
    0.0,
    0.0,
    0.0,
    0.0,
    1.0
  ],
  "2": [
    0.9999181983147554,
    0.012790491740870708,
    0.0,
    0.0008550301788265509,
    -0.012790491740870708,
    0.9999181983147554,
    0.0,
    -0.00017688317338901546,
    0.0,
    0.0,
    1.0,
    0.0,
    0.0,
    0.0,
    0.0,
    1.0
  ],
  "3": [
    0.9999936725914805,
    0.003557355338272564,
    0.0,
    0.003336225646050614,
    -0.0035573553382725644,
    0.9999936725914805,
    0.0,
    0.004638524839871816,
    0.0,
    0.0,
    1.0,
    0.0,
    0.0,
    0.0,
    0.0,
    1.0
  ],
  "4": [
    0.9999325566277383,
    -0.011613879451555119,
    0.0,
    -0.0035318881318119355,
    0.011613879451555117,
    0.9999325566277383,
    0.0,
    -0.0025669978319619287,
    0.0,
    0.0,
    1.0,
    0.0,
    0.0,
    0.0,
    0.0,
    1.0
  ],
  "5": [
    0.9999847825878868,
    0.00551675562778798,
    0.0,
    -0.007994610309570488,
    -0.00551675562778798,
    0.9999847825878868,
    0.0,
    -0.001371210315714978,
    0.0,
    0.0,
    1.0,
    0.0,
    0.0,
    0.0,
    0.0,
    1.0
  ],
  "6": [
    0.9999998895808772,
    0.0004699342865968368,
    0.0,
    0.00208319379552862,
    -0.0004699342865968377,
    0.9999998895808772,
    0.0,
    -0.003429293830630083,
    0.0,
    0.0,
    1.0,
    0.0,
    0.0,
    0.0,
    0.0,
    1.0
  ],
  "7": [
    0.9999602529537204,
    0.008915857375001047,
    0.0,
    -0.0029327686346364967,
    -0.008915857375001047,
    0.9999602529537205,
    0.0,
    0.00024115429039108655,
    0.0,
    0.0,
    1.0,
    0.0,
    0.0,
    0.0,
    0.0,
    1.0
  ],
  "8": [
    0.9998749683573251,
    -0.015812895131446646,
    0.0,
    -0.004167686407959512,
    0.01581289513144665,
    0.9998749683573253,
    0.0,
    0.005754486607861771,
    0.0,
    0.0,
    1.0,
    0.0,
    0.0,
    0.0,
    0.0,
    1.0
  ],
  "9": [
    0.9999873068038637,
    -0.005038475082351818,
    0.0,
    0.005984073276582103,
    0.005038475082351818,
    0.9999873068038637,
    0.0,
    0.010414968813547375,
    0.0,
    0.0,
    1.0,
    0.0,
    0.0,
    0.0,
    0.0,
    1.0
  ]
}