{
  "0": [
    0.9999891712314228,
    -0.004653753312325525,
    0.0,
    -0.00021510664265341178,
    0.004653753312325525,
    0.9999891712314228,
    0.0,
    -0.001437684474046035,
    0.0,
    0.0,
    1.0,
    0.0,
    0.0,
    0.0,
    0.0,
    1.0
  ],
  "1": [
    0.99999137153071,
    -0.004154138193334303,
    0.0,
    0.003004374559939696,
    0.004154138193334305,
    0.9999913715307102,
    0.0,
    -0.0033167717131330514,
    0.0,
    0.0,
    1.0,
    0.0,
    0.0,
    0.0,
    0.0,
    1.0
  ],
  "2": [
    0.9999984079395768,
    0.0017844097936695962,
    0.0,
    -0.004206335808057721,
    -0.0017844097936695964,
    0.9999984079395768,
    0.0,
    0.0003385474814589821,
    0.0,
    0.0,
    1.0,
    0.0,
    0.0,
    0.0,
    0.0,
    1.0
  ],
  "3": [
    0.9999923664001047,
    -0.003907318968156299,
    0.0,
    0.0009320612596572703,
    0.003907318968156298,
    0.9999923664001046,
    0.0,
    -0.00020153242054449407,
    0.0,
    0.0,
    1.0,
    0.0,
    0.0,
    0.0,
    0.0,
    1.0
  ],
  "4": [
    0.9999996143494784,
    -0.0008782373795514146,
    0.0,
    -0.0024336646695745662,
    0.0008782373795514146,
    0.9999996143494783,
    0.0,
    0.0012730450862371177,
    0.0,
    0.0,
    1.0,
    0.0,
    0.0,
    0.0,
    0.0,
    1.0
  ],
  "5": [
    0.9999990327487926,
    -0.0013908635731676223,
    0.0,
    0.005874118946973656,
    0.001390863573167622,
    0.9999990327487926,
    0.0,
    0.0018716696552084251,
    0.0,
    0.0,
    1.0,
    0.0,
    0.0,
    0.0,
    0.0,
    1.0
  ],
  "6": [
    0.9999967938937573,
    0.002532232652487097,
    0.0,
    -0.0010340303905129107,
    -0.0025322326524870975,
    0.9999967938937574,
    0.0,
    0.002030485825344296,
    0.0,
    0.0,
    1.0,
    0.0,
    0.0,
    0.0,
    0.0,
    1.0
  ],
  "7": [
    0.9999823376213443,
    0.005943437166469482,
    0.0,
    0.0016921951392882878,
    -0.005943437166469482,
    0.9999823376213443,
    0.0,
    0.0016687818716471414,
    0.0,
    0.0,
    1.0,
    0.0,
    0.0,
    0.0,
    0.0,
    1.0
  ],
  "8": [
    0.9999956118739802,
    0.002962470722913873,
    0.0,
    -0.0004581582996848819,
    -0.002962470722913873,
    0.9999956118739801,
    0.0,
    0.0009344254127815605,
    0.0,
    0.0,
    1.0,
    0.0,
    0.0,
    0.0,
    0.0,
    1.0
  ],
  "9": [
    0.9999980127069461,
    0.001993635412572411,
    0.0,
    -0.0005913715126200914,
    -0.0019936354125724104,
    0.9999980127069462,
    0.0,
    -0.0013593053771871837,
    0.0,
    0.0,
    1.0,
    0.0,
    0.0,
    0.0,
    0.0,
    1.0
  ]
}