{
  "0": [
    0.9996391571043656,
    0.02686178668058819,
    0.0,
    -0.03053132436120841,
    -0.02686178668058819,
    0.9996391571043657,
    0.0,
    0.004178031466637593,
    0.0,
    0.0,
    1.0,
    0.0,
    0.0,
    0.0,
    0.0,
    1.0
  ],
  "1": [
    0.9997043897071567,
    0.02431323097083247,
    0.0,
    -0.00897178869275464,
    -0.02431323097083247,
    0.9997043897071568,
    0.0,
    0.005741598025364635,
    0.0,
    0.0,
    1.0,
    0.0,
    0.0,
    0.0,
    0.0,
    1.0
  ],
  "2": [
    0.9999738606218282,
    -0.007230357741932387,
    0.0,
    0.008982076303737973,
    0.007230357741932385,
    0.9999738606218284,
    0.0,
    0.006643117997118489,
    0.0,
    0.0,
    1.0,
    0.0,
    0.0,
    0.0,
    0.0,
    1.0
  ],
  "3": [
    0.9999761954751051,
    0.006899890081327873,
    0.0,
    -0.01199969172000237,
    -0.006899890081327874,
    0.9999761954751051,
    0.0,
    0.027011807211748375,
    0.0,
    0.0,
    1.0,
    0.0,
    0.0,
    0.0,
    0.0,
    1.0
  ],
  "4": [
    0.999923694120846,
    0.01235337750257132,
    0.0,
    -0.025509205686570356,
    -0.01235337750257132,
    0.999923694120846,
    0.0,
    0.0026166079726012348,
    0.0,
    0.0,
    1.0,
    0.0,
    0.0,
    0.0,
    0.0,
    1.0
  ],
  "5": [
    0.9998362912076888,
    -0.018093943297507027,
    0.0,
    -0.019281031049243245,
    0.018093943297507024,
    0.9998362912076888,
    0.0,
    -0.011176569943176305,
    0.0,
    0.0,
    1.0,
    0.0,
    0.0,
    0.0,
    0.0,
    1.0
  ],
  "6": [
    0.9998252387959177,
    -0.018694701567199747,
    0.0,
    -0.008682194798495885,
    0.018694701567199747,
    0.9998252387959176,
    0.0,
    -0.013711359678862303,
    0.0,
    0.0,
    1.0,
    0.0,
    0.0,
    0.0,
    0.0,
    1.0
  ],
  "7": [
    0.9998430817872218,
    0.017714734043468572,
    0.0,
    0.01842404924676897,
    -0.017714734043468572,
    0.9998430817872218,
    0.0,
    0.0034216402902724945,
    0.0,
    0.0,
    1.0,
    0.0,
    0.0,
    0.0,
    0.0,
    1.0
  ],
  "8": [
    0.9995802220079285,
    0.028972051542485895,
    0.0,
    0.008338044565903919,
    -0.02897205154248589,
    0.9995802220079285,
    0.0,
    -0.004579585384412652,
    0.0,
    0.0,
    1.0,
    0.0,
    0.0,
    0.0,
    0.0,
    1.0
  ],
  "9": [
    0.9999870175335929,
    0.005095563194575353,
    0.0,
    0.0025611505017173212,
    -0.005095563194575353,
    0.999987017533593,
    0.0,
    -0.0057309352420486515,
    0.0,
    0.0,
    1.0,
    0.0,
    0.0,
    0.0,
    0.0,
    1.0
  ]
}