{
  "0": [
    0.9999960362968138,
    0.002815562228330939,
    0.0,
    -0.0024538166916440196,
    -0.0028155622283309394,
    0.9999960362968137,
    0.0,
    0.0014077097755305931,
    0.0,
    0.0,
    1.0,
    0.0,
    0.0,
    0.0,
    0.0,
    1.0
  ],
  "1": [
    0.9999908844976574,
    0.004269768330108314,
    0.0,
    -0.00024302758478649748,
    -0.004269768330108314,
    0.9999908844976574,
    0.0,
    0.001298755532070869,
    0.0,
    0.0,
    1.0,
    0.0,
    0.0,
    0.0,
    0.0,
    1.0
  ],
  "2": [
    0.9999568935077618,
    0.009284994685337162,
    0.0,
    0.004763101109679193,
    -0.009284994685337162,
    0.9999568935077617,
    0.0,
    -0.005673141255721908,
    0.0,
    0.0,
    1.0,
    0.0,
    0.0,
    0.0,
    0.0,
    1.0
  ],
  "3": [
    0.999995204086944,
    -0.0030970636272971324,
    0.0,
    -0.004130307482651637,
    0.0030970636272971324,
    0.9999952040869439,
    0.0,
    0.003039771118036168,
    0.0,
    0.0,
    1.0,
    0.0,
    0.0,
    0.0,
    0.0,
    1.0
  ],
  "4": [
    0.9999997681190081,
    0.0006810006825733882,
    0.0,
    0.0016313193826266617,
    -0.000681000682573388,
    0.9999997681190083,
    0.0,
    -0.002275720992923649,
    0.0,
    0.0,
    1.0,
    0.0,
    0.0,
    0.0,
    0.0,
    1.0
  ],
  "5": [
    0.9999988958994885,
    -0.0014860012799937435,
    0.0,
    -0.00294302370334711,
    0.0014860012799937433,
    0.9999988958994884,
    0.0,
    0.0008497340726243974,
    0.0,
    0.0,
    1.0,
    0.0,
    0.0,
    0.0,
    0.0,
    1.0
  ],
  "6": [
    0.9999927363778057,
    -0.0038114553163022253,
    0.0,
    0.0021690451483703565,
    0.0038114553163022258,
    0.9999927363778058,
    0.0,
    -0.0006162563340336847,
    0.0,
    0.0,
    1.0,
    0.0,
    0.0,
    0.0,
    0.0,
    1.0
  ],
  "7": [
    0.9999999781241352,
    -0.00020916913936665173,
    0.0,
    -0.000719807975443227,
    0.00020916913936665186,
    0.9999999781241352,
    0.0,
    -0.0003259824655647228,
    0.0,
    0.0,
    1.0,
    0.0,
    0.0,
    0.0,
    0.0,
    1.0
  ],
  "8": [
    0.9999990467655967,
    0.001380749035069454,
    0.0,
    0.0018564337859097503,
    -0.0013807490350694548,
    0.9999990467655967,
    0.0,
    0.0027990901992023033,
    0.0,
    0.0,
    1.0,
    0.0,
    0.0,
    0.0,
    0.0,
    1.0
  ],
  "9": [
    0.9999998896916867,
    -0.00046969842942520986,
    0.0,
    -0.001806534994136492,
    0.0004696984294252097,
    0.9999998896916866,
    0.0,
    -0.0029193266468377217,
    0.0,
    0.0,
    1.0,
    0.0,
    0.0,
    0.0,
    0.0,
    1.0
  ]
}