{
  "0": [
    0.9999903463781231,
    0.004393990277812466,
    0.0,
    0.0011226359329592269,
    -0.004393990277812465,
    0.999990346378123,
    0.0,
    -0.000902341385264922,
    0.0,
    0.0,
    1.0,
    0.0,
    0.0,
    0.0,
    0.0,
    1.0
  ],
  "1": [
    0.9999999256997891,
    -0.0003854872452941528,
    0.0,
    -0.0036273579232102204,
    0.00038548724529415294,
    0.9999999256997891,
    0.0,
    0.0006893666348857335,
    0.0,
    0.0,
    1.0,
    0.0,
    0.0,
    0.0,
    0.0,
    1.0
  ],
  "2": [
    0.999967158851812,
    -0.008104394970338765,
    0.0,
    0.0007841625218129467,
    0.008104394970338763,
    0.9999671588518119,
    0.0,
    -0.0021568632703102743,
    0.0,
    0.0,
    1.0,
    0.0,
    0.0,
    0.0,
    0.0,
    1.0
  ],
  "3": [
    0.9999877504827287,
    0.004949634783685153,
    0.0,
    0.0015183520587600165,
    -0.004949634783685153,
    0.9999877504827287,
    0.0,
    -0.000887122773372255,
    0.0,
    0.0,
    1.0,
    0.0,
    0.0,
    0.0,
    0.0,
    1.0
  ],
  "4": [
    0.9999952071876658,
    0.0030960622890123836,
    0.0,
    -0.0006837587852915355,
    -0.0030960622890123827,
    0.9999952071876657,
    0.0,
    0.0015236953040136507,
    0.0,
    0.0,
    1.0,
    0.0,
    0.0,
    0.0,
    0.0,
    1.0
  ],
  "5": [
    0.9999858456804382,
    -0.005320567524106701,
    0.0,
    0.001861214916459305,
    0.0053205675241067,
    0.9999858456804382,
    0.0,
    0.0011521009459643462,
    0.0,
    0.0,
    1.0,
    0.0,
    0.0,
    0.0,
    0.0,
    1.0
  ],
  "6": [
    0.9999999197830431,
    0.0004005420166290836,
    0.0,
    -0.0007685222119229383,
    -0.0004005420166290837,
    0.9999999197830431,
    0.0,
    -0.002000128321242109,
    0.0,
    0.0,
    1.0,
    0.0,
    0.0,
    0.0,
    0.0,
    1.0
  ],
  "7": [
    0.9999970610700196,
    -0.002424428040542357,
    0.0,
    0.00012455701042709072,
    0.002424428040542357,
    0.9999970610700195,
    0.0,
    -5.4325321282036476e-05,
    0.0,
    0.0,
    1.0,
    0.0,
    0.0,
    0.0,
    0.0,
    1.0
  ],
  "8": [
    0.9999952042535387,
    0.0030970098358387094,
    0.0,
    -0.00028624570349491214,
    -0.0030970098358387094,
    0.9999952042535387,
    0.0,
    -0.00256615375160365,
    0.0,
    0.0,
    1.0,
    0.0,
    0.0,
    0.0,
    0.0,
    1.0
  ],
  "9": [
    0.999996565335011,
    0.002620938416140234,
    0.0,
    -0.0036619561912082025,
    -0.002620938416140234,
    0.999996565335011,
    0.0,
    0.0005134427358302928,
    0.0,
    0.0,
    1.0,
    0.0,
    0.0,
    0.0,
    0.0,
    1.0
  ]
}