{
  "0": [
    0.9999339776528077,
    -0.011490880533464474,
    0.0,
    -3.558259439312341e-05,
    0.011490880533464474,
    0.9999339776528078,
    0.0,
    0.007803256324061473,
    0.0,
    0.0,
    1.0,
    0.0,
    0.0,
    0.0,
    0.0,
    1.0
  ],
  "1": [
    0.9999817628949036,
    -0.006039360694733547,
    0.0,
    0.0024129480720313755,
    0.006039360694733546,
    0.9999817628949035,
    0.0,
    -0.005000562873229227,
    0.0,
    0.0,
    1.0,
    0.0,
    0.0,
    0.0,
    0.0,
    1.0
  ],
  "2": [
    0.9999973988221832,
    -0.0022808658153272605,
    0.0,
    0.011798607098235218,
    0.00228086581532726,
    0.9999973988221833,
    0.0,
    0.0005025934490707072,
    0.0,
    0.0,
    1.0,
    0.0,
    0.0,
    0.0,
    0.0,
    1.0
  ],
  "3": [
    0.9999999047891308,
    -0.000436373382734608,
    0.0,
    0.003360122987977768,
    0.0004363733827346085,
    0.9999999047891308,
    0.0,
    0.0009181879608867697,
    0.0,
    0.0,
    1.0,
    0.0,
    0.0,
    0.0,
    0.0,
    1.0
  ],
  "4": [
    0.9999784136110756,
    0.006570564045521914,
    0.0,
    0.0036830539005647794,
    -0.006570564045521913,
    0.9999784136110756,
    0.0,
    0.0016835110296411395,
    0.0,
    0.0,
    1.0,
    0.0,
    0.0,
    0.0,
    0.0,
    1.0
  ],
  "5": [
    0.9999996210549156,
    0.0008705687941835303,
    0.0,
    -0.0011180612830009448,
    -0.0008705687941835303,
    0.9999996210549154,
    0.0,
    0.005714904917037782,
    0.0,
    0.0,
    1.0,
    0.0,
    0.0,
    0.0,
    0.0,
    1.0
  ],
  "6": [
    0.9999954224664663,
    -0.003025730674344408,
    0.0,
    -0.006316095714902282,
    0.003025730674344407,
    0.9999954224664662,
    0.0,
    0.010458150650845998,
    0.0,
    0.0,
    1.0,
    0.0,
    0.0,
    0.0,
    0.0,
    1.0
  ],
  "7": [
    0.9999721220208831,
    0.007466939202379347,
    0.0,
    -0.0003696499152753999,
    -0.007466939202379347,
    0.9999721220208831,
    0.0,
    -0.0002463063486525442,
    0.0,
    0.0,
    1.0,
    0.0,
    0.0,
    0.0,
    0.0,
    1.0
  ],
  "8": [
    0.9999992405101441,
    -0.0012324687155646117,
    0.0,
    0.0032775048933279868,
    0.001232468715564612,
    0.9999992405101441,
    0.0,
    0.008441204143958301,
    0.0,
    0.0,
    1.0,
    0.0,
    0.0,
    0.0,
    0.0,
    1.0
  ],
  "9": [
    0.9999654037604893,
    0.008318129724995,
    0.0,
    0.0008596950550087499,
    -0.008318129724995,
    0.999965403760489,
    0.0,
    -0.0007073913710915146,
    0.0,
    0.0,
    1.0,
    0.0,
    0.0,
    0.0,
    0.0,
    1.0
  ]
}