{
  "0": [
    0.99996109491001,
    0.008820922081857255,
    0.0,
    0.0007620540365458669,
    -0.008820922081857257,
    0.9999610949100098,
    0.0,
    -0.0015821414856241512,
    0.0,
    0.0,
    1.0,
    0.0,
    0.0,
    0.0,
    0.0,
    1.0
  ],
  "1": [
    0.9999176346792257,
    -0.012834479245491996,
    0.0,
    -0.002916280220043284,
    0.012834479245491994,
    0.9999176346792256,
    0.0,
    0.0040217147599027085,
    0.0,
    0.0,
    1.0,
    0.0,
    0.0,
    0.0,
    0.0,
    1.0
  ],
  "2": [
    0.9997582414552306,
    0.021987692974588812,
    0.0,
    -0.005590002806751742,
    -0.021987692974588816,
    0.9997582414552306,
    0.0,
    -0.010666288977979539,
    0.0,
    0.0,
    1.0,
    0.0,
    0.0,
    0.0,
    0.0,
    1.0
  ],
  "3": [
    0.9999984492134089,
    0.001761127700437148,
    0.0,
    -0.008534002225207856,
    -0.001761127700437148,
    0.9999984492134087,
    0.0,
    0.004033366587211325,
    0.0,
    0.0,
    1.0,
    0.0,
    0.0,
    0.0,
    0.0,
    1.0
  ],
  "4": [
    0.9999307155971441,
    0.011771321309997182,
    0.0,
    0.004093445577128603,
    -0.011771321309997182,
    0.9999307155971442,
    0.0,
    0.008044244389861968,
    0.0,
    0.0,
    1.0,
    0.0,
    0.0,
    0.0,
    0.0,
    1.0
  ],
  "5": [
    0.9998913978641247,
    0.014737451520742044,
    0.0,
    -0.013111462728498353,
    -0.014737451520742044,
    0.9998913978641248,
    0.0,
    -0.002836932573652981,
    0.0,
    0.0,
    1.0,
    0.0,
    0.0,
    0.0,
    0.0,
    1.0
  ],
  "6": [
    0.9999995383091878,
    0.0009609273704127083,
    0.0,
    0.006245552348812277,
    -0.0009609273704127082,
    0.9999995383091878,
    0.0,
    0.000994646485634653,
    0.0,
    0.0,
    1.0,
    0.0,
    0.0,
    0.0,
    0.0,
    1.0
  ],
  "7": [
    0.999836376055452,
    -0.01808925416651262,
    0.0,
    -0.012846744239593887,
    0.01808925416651262,
    0.9998363760554522,
    0.0,
    -0.005137579564320218,
    0.0,
    0.0,
    1.0,
    0.0,
    0.0,
    0.0,
    0.0,
    1.0
  ],
  "8": [
    0.9999956038921339,
    -0.0029651638076938886,
    0.0,
    0.00467043648548331,
    0.0029651638076938886,
    0.9999956038921339,
    0.0,
    0.0035720979289623495,
    0.0,
    0.0,
    1.0,
    0.0,
    0.0,
    0.0,
    0.0,
    1.0
  ],
  "9": [
    0.9999555731102654,
    -0.009426123578685563,
    0.0,
    -0.0031983072425802958,
    0.009426123578685563,
    0.9999555731102653,
    0.0,
    -0.0037527388967207127,
    0.0,
    0.0,
    1.0,
    0.0,
    0.0,
    0.0,
    0.0,
    1.0
  ]
}