{
  "0": [
    0.9999478887351096,
    0.010208810616181107,
    0.0,
    -0.017827624935211756,
    -0.010208810616181108,
    0.9999478887351095,
    0.0,
    0.0011685338003154687,
    0.0,
    0.0,
    1.0,
    0.0,
    0.0,
    0.0,
    0.0,
    1.0
  ],
  "1": [
    0.9999718570896956,
    -0.007502334875592726,
    0.0,
    0.003628996931928718,
    0.0075023348755927245,
    0.9999718570896956,
    0.0,
    -0.007836850301505518,
    0.0,
    0.0,
    1.0,
    0.0,
    0.0,
    0.0,
    0.0,
    1.0
  ],
  "2": [
    0.999957920895783,
    0.009173681800839214,
    0.0,
    -0.00520320141792197,
    -0.009173681800839214,
    0.999957920895783,
    0.0,
    -0.002296775553362309,
    0.0,
    0.0,
    1.0,
    0.0,
    0.0,
    0.0,
    0.0,
    1.0
  ],
  "3": [
    0.9999899135484516,
    0.004491414182685112,
    0.0,
    -0.002625410162196112,
    -0.004491414182685112,
    0.9999899135484516,
    0.0,
    -0.011442460632539725,
    0.0,
    0.0,
    1.0,
    0.0,
    0.0,
    0.0,
    0.0,
    1.0
  ],
  "4": [
    0.9999885229660903,
    -0.004791026622437099,
    0.0,
    -0.0005308627780572526,
    0.004791026622437099,
    0.9999885229660903,
    0.0,
    0.0025943255962722006,
    0.0,
    0.0,
    1.0,
    0.0,
    0.0,
    0.0,
    0.0,
    1.0
  ],
  "5": [
    0.9997508922828535,
    0.022319349892817912,
    0.0,
    -0.0014344354344144367,
    -0.022319349892817912,
    0.9997508922828535,
    0.0,
    0.011387923953201191,
    0.0,
    0.0,
    1.0,
    0.0,
    0.0,
    0.0,
    0.0,
    1.0
  ],
  "6": [
    0.999874234409765,
    0.015859235904862462,
    0.0,
    0.0027564135420911203,
    -0.015859235904862462,
    0.999874234409765,
    0.0,
    -0.005914002593397844,
    0.0,
    0.0,
    1.0,
    0.0,
    0.0,
    0.0,
    0.0,
    1.0
  ],
  "7": [
    0.9999963944358641,
    -0.002685351982813913,
    0.0,
    0.010669651549294178,
    0.0026853519828139135,
    0.9999963944358642,
    0.0,
    -0.001336283906995312,
    0.0,
    0.0,
    1.0,
    0.0,
    0.0,
    0.0,
    0.0,
    1.0
  ],
  "8": [
    0.9999647876357042,
    0.008391870392294663,
    0.0,
    0.00577943180208479,
    -0.008391870392294663,
    0.9999647876357042,
    0.0,
    0.011067534688731291,
    0.0,
    0.0,
    1.0,
    0.0,
    0.0,
    0.0,
    0.0,
    1.0
  ],
  "9": [
    0.999928680553224,
    -0.01194293963345857,
    0.0,
    0.0034480815942947727,
    0.01194293963345857,
    0.9999286805532241,
    0.0,
    0.002338489535300771,
    0.0,
    0.0,
    1.0,
    0.0,
    0.0,
    0.0,
    0.0,
    1.0
  ]
}