{
  "0": [
    0.9999908917941875,
    0.004268059121601226,
    0.0,
    0.006444040033833805,
    -0.004268059121601226,
    0.9999908917941877,
    0.0,
    -0.0036999054120996694,
    0.0,
    0.0,
    1.0,
    0.0,
    0.0,
    0.0,
    0.0,
    1.0
  ],
  "1": [
    0.9999903703008683,
    0.004388542529421782,
    0.0,
    0.00021095519512049406,
    -0.004388542529421781,
    0.9999903703008682,
    0.0,
    -0.0003291851583611322,
    0.0,
    0.0,
    1.0,
    0.0,
    0.0,
    0.0,
    0.0,
    1.0
  ],
  "2": [
    0.9999992926654885,
    0.001189398386875718,
    0.0,
    -0.0018953616362511944,
    -0.001189398386875718,
    0.9999992926654886,
    0.0,
    -0.00038055026738507817,
    0.0,
    0.0,
    1.0,
    0.0,
    0.0,
    0.0,
    0.0,
    1.0
  ],
  "3": [
    0.9999998992580434,
    0.00044886958305231196,
    0.0,
    0.0011800420259187564,
    -0.00044886958305231245,
    0.9999998992580436,
    0.0,
    0.0004550877335019281,
    0.0,
    0.0,
    1.0,
    0.0,
    0.0,
    0.0,
    0.0,
    1.0
  ],
  "4": [
    0.9999999895518542,
    -0.00014455549670691975,
    0.0,
    -0.004420410768208503,
    0.00014455549670691989,
    0.9999999895518541,
    0.0,
    0.0013728199695324061,
    0.0,
    0.0,
    1.0,
    0.0,
    0.0,
    0.0,
    0.0,
    1.0
  ],
  "5": [
    0.9999987250831256,
    0.001596819377159027,
    0.0,
    0.0033547561712566534,
    -0.0015968193771590277,
    0.9999987250831256,
    0.0,
    0.000517899792683249,
    0.0,
    0.0,
    1.0,
    0.0,
    0.0,
    0.0,
    0.0,
    1.0
  ],
  "6": [
    0.9999475232890933,
    0.010244543328432254,
    0.0,
    -0.009534357309488236,
    -0.010244543328432255,
    0.9999475232890935,
    0.0,
    0.0009788799978272921,
    0.0,
    0.0,
    1.0,
    0.0,
    0.0,
    0.0,
    0.0,
    1.0
  ],
  "7": [
    0.9999994719622711,
    -0.0010276551849757905,
    0.0,
    0.0012749021131705407,
    0.001027655184975791,
    0.999999471962271,
    0.0,
    0.0056559695630425625,
    0.0,
    0.0,
    1.0,
    0.0,
    0.0,
    0.0,
    0.0,
    1.0
  ],
  "8": [
    0.9999848197845395,
    0.005510009118133879,
    0.0,
    -0.0018632475982101472,
    -0.00551000911813388,
    0.9999848197845395,
    0.0,
    -0.007215627279054894,
    0.0,
    0.0,
    1.0,
    0.0,
    0.0,
    0.0,
    0.0,
    1.0
  ],
  "9": [
    0.9999509876092879,
    -0.009900625192881115,
    0.0,
    -0.003944678704084511,
    0.009900625192881115,
    0.9999509876092879,
    0.0,
    -0.0026461011242565552,
    0.0,
    0.0,
    1.0,
    0.0,
    0.0,
    0.0,
    0.0,
    1.0
  ]
}