{
  "0": [
    0.9999791816902853,
    -0.006452610791559287,
    0.0,
    0.0030029707659923522,
    0.006452610791559286,
    0.9999791816902853,
    0.0,
    -0.0015546403188366718,
    0.0,
    0.0,
    1.0,
    0.0,
    0.0,
    0.0,
    0.0,
    1.0
  ],
  "1": [
    0.9999836029346745,
    -0.005726592511049236,
    0.0,
    7.716116061879871e-05,
    0.005726592511049235,
    0.9999836029346744,
    0.0,
    -0.0018252354440988095,
    0.0,
    0.0,
    1.0,
    0.0,
    0.0,
    0.0,
    0.0,
    1.0
  ],
  "2": [
    0.9999191392076621,
    0.012716723092374876,
    0.0,
    0.0009008097046436017,
    -0.012716723092374876,
    0.9999191392076621,
    0.0,
    0.013779891323869732,
    0.0,
    0.0,
    1.0,
    0.0,
    0.0,
    0.0,
    0.0,
    1.0
  ],
  "3": [
    0.9999966993717828,
    0.002569288917242572,
    0.0,
    0.0010699337794050016,
    -0.002569288917242572,
    0.9999966993717828,
    0.0,
    -0.019391195264374318,
    0.0,
    0.0,
    1.0,
    0.0,
    0.0,
    0.0,
    0.0,
    1.0
  ],
  "4": [
    0.999999858633564,
    -0.0005317262942240855,
    0.0,
    0.00011142007481126839,
    0.0005317262942240851,
    0.9999998586335639,
    0.0,
    0.005385875852620506,
    0.0,
    0.0,
    1.0,
    0.0,
    0.0,
    0.0,
    0.0,
    1.0
  ],
  "5": [
    0.9999998494182062,
    0.0005487837139549186,
    0.0,
    0.0019316739342098272,
    -0.0005487837139549186,
    0.9999998494182062,
    0.0,
    -0.007541166947970164,
    0.0,
    0.0,
    1.0,
    0.0,
    0.0,
    0.0,
    0.0,
    1.0
  ],
  "6": [
    0.9999999246263312,
    -0.00038826193716702366,
    0.0,
    -0.00066871890091664,
    0.0003882619371670233,
    0.9999999246263312,
    0.0,
    -0.006458333176993698,
    0.0,
    0.0,
    1.0,
    0.0,
    0.0,
    0.0,
    0.0,
    1.0
  ],
  "7": [
    0.9999969173523698,
    0.0024829993471372457,
    0.0,
    -0.005360407421767911,
    -0.002482999347137245,
    0.9999969173523697,
    0.0,
    0.007515883758915493,
    0.0,
    0.0,
    1.0,
    0.0,
    0.0,
    0.0,
    0.0,
    1.0
  ],
  "8": [
    0.9999826469223442,
    0.005891167471912304,
    0.0,
    0.0056255952227860576,
    -0.005891167471912303,
    0.9999826469223442,
    0.0,
    -0.005168634056447958,
    0.0,
    0.0,
    1.0,
    0.0,
    0.0,
    0.0,
    0.0,
    1.0
  ],
  "9": [
    0.9999769898719676,
    -0.006783784091402722,
    0.0,
    -0.00609705920946221,
    0.006783784091402722,
    0.9999769898719676,
    0.0,
    0.008364226845097153,
    0.0,
    0.0,
    1.0,
    0.0,
    0.0,
    0.0,
    0.0,
    1.0
  ]
}