{
  "0": [
    0.9999952563703745,
    0.0030801358328764275,
    0.0,
    0.019200274493281825,
    -0.0030801358328764266,
    0.9999952563703746,
    0.0,
    -0.00438920498155846,
    0.0,
    0.0,
    1.0,
    0.0,
    0.0,
    0.0,
    0.0,
    1.0
  ],
  "1": [
    0.9999990236671468,
    -0.001397377813231175,
    0.0,
    -0.013032265390174724,
    0.0013973778132311742,
    0.9999990236671469,
    0.0,
    0.012070796153878717,
    0.0,
    0.0,
    1.0,
    0.0,
    0.0,
    0.0,
    0.0,
    1.0
  ],
  "2": [
    0.9999998124298309,
    0.0006124869818898155,
    0.0,
    -0.0018120672748902908,
    -0.0006124869818898151,
    0.9999998124298308,
    0.0,
    0.015892745810880793,
    0.0,
    0.0,
    1.0,
    0.0,
    0.0,
    0.0,
    0.0,
    1.0
  ],
  "3": [
    0.9999998917643368,
    0.0004652647793055931,
    0.0,
    -0.010719569202911868,
    -0.00046526477930559305,
    0.9999998917643367,
    0.0,
    -0.0007854877938226936,
    0.0,
    0.0,
    1.0,
    0.0,
    0.0,
    0.0,
    0.0,
    1.0
  ],
  "4": [
    0.9999938948471786,
    -0.0034943194430139056,
    0.0,
    -0.019167206845078104,
    0.003494319443013905,
    0.9999938948471786,
    0.0,
    -0.01162026942363589,
    0.0,
    0.0,
    1.0,
    0.0,
    0.0,
    0.0,
    0.0,
    1.0
  ],
  "5": [
    0.999999243685664,
    0.0012298894665727963,
    0.0,
    0.0003729821964026658,
    -0.0012298894665727952,
    0.999999243685664,
    0.0,
    0.006397118875192769,
    0.0,
    0.0,
    1.0,
    0.0,
    0.0,
    0.0,
    0.0,
    1.0
  ],
  "6": [
    0.9999986795350732,
    -0.0016250932620307452,
    0.0,
    -0.01636625805527139,
    0.0016250932620307447,
    0.999998679535073,
    0.0,
    0.00043886765091374425,
    0.0,
    0.0,
    1.0,
    0.0,
    0.0,
    0.0,
    0.0,
    1.0
  ],
  "7": [
    0.9998715662924983,
    0.016026569183272155,
    0.0,
    0.011914008284146,
    -0.01602656918327216,
    0.9998715662924984,
    0.0,
    0.019400790900337306,
    0.0,
    0.0,
    1.0,
    0.0,
    0.0,
    0.0,
    0.0,
    1.0
  ],
  "8": [
    0.9999199922954295,
    -0.01264946670450902,
    0.0,
    0.00717139886554828,
    0.012649466704509024,
    0.9999199922954294,
    0.0,
    0.0058849468204016245,
    0.0,
    0.0,
    1.0,
    0.0,
    0.0,
    0.0,
    0.0,
    1.0
  ],
  "9": [
    0.9998647329600646,
    -0.01644736400456344,
    0.0,
    -0.001389503384557179,
    0.01644736400456344,
    0.9998647329600646,
    0.0,
    -0.005626330443376886,
    0.0,
    0.0,
    1.0,
    0.0,
    0.0,
    0.0,
    0.0,
    1.0
  ]
}