{
  "0": [
    0.9996660999906675,
    0.025839669685365954,
    0.0,
    0.0177392684305358,
    -0.02583966968536595,
    0.9996660999906675,
    0.0,
    0.006759730952347548,
    0.0,
    0.0,
    1.0,
    0.0,
    0.0,
    0.0,
    0.0,
    1.0
  ],
  "1": [
    0.9999996393739785,
    -0.0008492655137689523,
    0.0,
    -0.003461519453415616,
    0.0008492655137689525,
    0.9999996393739785,
    0.0,
    0.0008334340563832235,
    0.0,
    0.0,
    1.0,
    0.0,
    0.0,
    0.0,
    0.0,
    1.0
  ],
  "2": [
    0.9998891449068996,
    0.014889523073263574,
    0.0,
    -0.0011021730096669596,
    -0.014889523073263572,
    0.9998891449068996,
    0.0,
    -0.01596581901351741,
    0.0,
    0.0,
    1.0,
    0.0,
    0.0,
    0.0,
    0.0,
    1.0
  ],
  "3": [
    0.9999054480906214,
    -0.013751177356636201,
    0.0,
    0.019281892684977785,
    0.013751177356636201,
    0.9999054480906213,
    0.0,
    0.014159437843161867,
    0.0,
    0.0,
    1.0,
    0.0,
    0.0,
    0.0,
    0.0,
    1.0
  ],
  "4": [
    0.9999057594617979,
    0.013728517586588664,
    0.0,
    -0.004559213049451314,
    -0.013728517586588664,
    0.9999057594617979,
    0.0,
    0.004123653886997566,
    0.0,
    0.0,
    1.0,
    0.0,
    0.0,
    0.0,
    0.0,
    1.0
  ],
  "5": [
    0.9999888097416737,
    0.004730791839702893,
    0.0,
    0.0064209840612262075,
    -0.004730791839702894,
    0.9999888097416737,
    0.0,
    0.00760886869324871,
    0.0,
    0.0,
    1.0,
    0.0,
    0.0,
    0.0,
    0.0,
    1.0
  ],
  "6": [
    0.9998926733787965,
    -0.014650656074170272,
    0.0,
    -0.002125828306073059,
    0.014650656074170272,
    0.9998926733787964,
    0.0,
    0.017165756668960228,
    0.0,
    0.0,
    1.0,
    0.0,
    0.0,
    0.0,
    0.0,
    1.0
  ],
  "7": [
    0.9999990295569455,
    -0.0013931565479356573,
    0.0,
    0.001249250052551715,
    0.0013931565479356573,
    0.9999990295569455,
    0.0,
    -0.005272573031730554,
    0.0,
    0.0,
    1.0,
    0.0,
    0.0,
    0.0,
    0.0,
    1.0
  ],
  "8": [
    0.9999999749367656,
    -0.00022388941044703146,
    0.0,
    -0.0027882728014760544,
    0.00022388941044703173,
    0.9999999749367657,
    0.0,
    0.007236247361048052,
    0.0,
    0.0,
    1.0,
    0.0,
    0.0,
    0.0,
    0.0,
    1.0
  ],
  "9": [
    0.9998493994523945,
    -0.01735449263694386,
    0.0,
    0.006154759621267455,
    0.01735449263694386,
    0.9998493994523947,
    0.0,
    0.01751834677173393,
    0.0,
    0.0,
    1.0,
    0.0,
    0.0,
    0.0,
    0.0,
    1.0
  ]
}