{
  "0": [
    0.999998690659294,
    -0.0016182335114187914,
    0.0,
    0.0008389006795730173,
    0.0016182335114187914,
    0.9999986906592943,
    0.0,
    -0.0023897877606276897,
    0.0,
    0.0,
    1.0,
    0.0,
    0.0,
    0.0,
    0.0,
    1.0
  ],
  "1": [
    0.9999978074155772,
    -0.002094078326743946,
    0.0,
    -0.0002630656962056533,
    0.002094078326743946,
    0.999997807415577,
    0.0,
    0.0002828950778952932,
    0.0,
    0.0,
    1.0,
    0.0,
    0.0,
    0.0,
    0.0,
    1.0
  ],
  "2": [
    0.9999999985150692,
    5.449643519275097e-05,
    0.0,
    0.0006900838427989222,
    -5.449643519275097e-05,
    0.9999999985150693,
    0.0,
    -0.0013598253340299008,
    0.0,
    0.0,
    1.0,
    0.0,
    0.0,
    0.0,
    0.0,
    1.0
  ],
  "3": [
    0.9999988770551975,
    0.0014986288212167126,
    0.0,
    -6.399659555731225e-05,
    -0.0014986288212167128,
    0.9999988770551976,
    0.0,
    0.0005081140575113862,
    0.0,
    0.0,
    1.0,
    0.0,
    0.0,
    0.0,
    0.0,
    1.0
  ],
  "4": [
    0.9999989872064656,
    -0.0014232308466620653,
    0.0,
    0.00189073722164596,
    0.0014232308466620653,
    0.9999989872064656,
    0.0,
    -0.0005463416464714548,
    0.0,
    0.0,
    1.0,
    0.0,
    0.0,
    0.0,
    0.0,
    1.0
  ],
  "5": [
    0.9999999884430737,
    -0.0001520324053656787,
    0.0,
    -0.0010098921226324843,
    0.00015203240536567866,
    0.9999999884430737,
    0.0,
    -0.0004165662158770076,
    0.0,
    0.0,
    1.0,
    0.0,
    0.0,
    0.0,
    0.0,
    1.0
  ],
  "6": [
    0.999996364831392,
    0.002696353834579735,
    0.0,
    -0.0004169258341869921,
    -0.0026963538345797346,
    0.9999963648313921,
    0.0,
    0.00010959418830221689,
    0.0,
    0.0,
    1.0,
    0.0,
    0.0,
    0.0,
    0.0,
    1.0
  ],
  "7": [
    0.9999991644187698,
    -0.0012927342193886178,
    0.0,
    -0.0027035770164605816,
    0.0012927342193886175,
    0.9999991644187699,
    0.0,
    0.0012970404861566965,
    0.0,
    0.0,
    1.0,
    0.0,
    0.0,
    0.0,
    0.0,
    1.0
  ],
  "8": [
    0.999999007389964,
    -0.0014089780291955912,
    0.0,
    0.0006529012585422217,
    0.0014089780291955912,
    0.9999990073899641,
    0.0,
    -0.0016549195772762463,
    0.0,
    0.0,
    1.0,
    0.0,
    0.0,
    0.0,
    0.0,
    1.0
  ],
  "9": [
    0.9999998624459341,
    -0.0005245074957539133,
    0.0,
    -0.0003092064938096208,
    0.0005245074957539134,
    0.9999998624459341,
    0.0,
    0.0011808844927979698,
    0.0,
    0.0,
    1.0,
    0.0,
    0.0,
    0.0,
    0.0,
    1.0
  ]
}